label,reason,length,x_ratio,noncanonical_ratio,resolution,source_file
10br_B,duplicate_sequence,204,0.0000,0.0000,1.5,data/all_pdb_1y/fed_split/client_2/mmcif_files/10br.cif
10br_C,duplicate_sequence,204,0.0000,0.0000,1.5,data/all_pdb_1y/fed_split/client_2/mmcif_files/10br.cif
10br_D,duplicate_sequence,204,0.0000,0.0000,1.5,data/all_pdb_1y/fed_split/client_2/mmcif_files/10br.cif
10jx_B,duplicate_sequence,145,0.0000,0.0000,1.47,data/all_pdb_1y/fed_split/client_2/mmcif_files/10jx.cif
10jy_A,duplicate_sequence,145,0.0000,0.0000,1.65,data/all_pdb_1y/fed_split/client_2/mmcif_files/10jy.cif
10jy_B,duplicate_sequence,145,0.0000,0.0000,1.65,data/all_pdb_1y/fed_split/client_2/mmcif_files/10jy.cif
10pi_B,duplicate_sequence,297,0.0034,0.0034,1.54,data/all_pdb_1y/fed_split/client_2/mmcif_files/10pi.cif
10ra_B,duplicate_sequence,144,0.0000,0.0000,1.79,data/all_pdb_1y/fed_split/client_2/mmcif_files/10ra.cif
10rc_B,duplicate_sequence,143,0.0000,0.0000,1.9,data/all_pdb_1y/fed_split/client_2/mmcif_files/10rc.cif
10xh_B,duplicate_sequence,93,0.0000,0.0000,1.9,data/all_pdb_1y/fed_split/client_2/mmcif_files/10xh.cif
11eg_B,duplicate_sequence,262,0.0000,0.0000,1.6,data/all_pdb_1y/fed_split/client_2/mmcif_files/11eg.cif
11eg_C,duplicate_sequence,262,0.0000,0.0000,1.6,data/all_pdb_1y/fed_split/client_2/mmcif_files/11eg.cif
11eg_D,duplicate_sequence,262,0.0000,0.0000,1.6,data/all_pdb_1y/fed_split/client_2/mmcif_files/11eg.cif
13ee_B,duplicate_sequence,161,0.0000,0.0000,1.729,data/all_pdb_1y/fed_split/client_2/mmcif_files/13ee.cif
13gn_A,duplicate_sequence,262,0.0000,0.0000,1.95,data/all_pdb_1y/fed_split/client_2/mmcif_files/13gn.cif
13gn_B,duplicate_sequence,262,0.0000,0.0000,1.95,data/all_pdb_1y/fed_split/client_2/mmcif_files/13gn.cif
13gn_C,duplicate_sequence,262,0.0000,0.0000,1.95,data/all_pdb_1y/fed_split/client_2/mmcif_files/13gn.cif
13gn_D,duplicate_sequence,262,0.0000,0.0000,1.95,data/all_pdb_1y/fed_split/client_2/mmcif_files/13gn.cif
23fi_B,duplicate_sequence,227,0.0000,0.0000,1.942,data/all_pdb_1y/fed_split/client_2/mmcif_files/23fi.cif
24os_B,duplicate_sequence,122,0.0000,0.0000,1.83,data/all_pdb_1y/fed_split/client_2/mmcif_files/24os.cif
27af_A,duplicate_sequence,187,0.0000,0.0000,1.52,data/all_pdb_1y/fed_split/client_2/mmcif_files/27af.cif
30ew_BBB,duplicate_sequence,125,0.0000,0.0000,1.699,data/all_pdb_1y/fed_split/client_2/mmcif_files/30ew.cif
30ew_CCC,duplicate_sequence,125,0.0000,0.0000,1.699,data/all_pdb_1y/fed_split/client_2/mmcif_files/30ew.cif
30ew_DDD,duplicate_sequence,125,0.0000,0.0000,1.699,data/all_pdb_1y/fed_split/client_2/mmcif_files/30ew.cif
30ew_EEE,duplicate_sequence,125,0.0000,0.0000,1.699,data/all_pdb_1y/fed_split/client_2/mmcif_files/30ew.cif
30ew_FFF,duplicate_sequence,125,0.0000,0.0000,1.699,data/all_pdb_1y/fed_split/client_2/mmcif_files/30ew.cif
30ew_GGG,duplicate_sequence,125,0.0000,0.0000,1.699,data/all_pdb_1y/fed_split/client_2/mmcif_files/30ew.cif
30ew_HHH,duplicate_sequence,125,0.0000,0.0000,1.699,data/all_pdb_1y/fed_split/client_2/mmcif_files/30ew.cif
30ew_III,duplicate_sequence,125,0.0000,0.0000,1.699,data/all_pdb_1y/fed_split/client_2/mmcif_files/30ew.cif
30ew_JJJ,duplicate_sequence,125,0.0000,0.0000,1.699,data/all_pdb_1y/fed_split/client_2/mmcif_files/30ew.cif
30ew_KKK,duplicate_sequence,125,0.0000,0.0000,1.699,data/all_pdb_1y/fed_split/client_2/mmcif_files/30ew.cif
30ew_LLL,duplicate_sequence,125,0.0000,0.0000,1.699,data/all_pdb_1y/fed_split/client_2/mmcif_files/30ew.cif
30ew_MMM,duplicate_sequence,125,0.0000,0.0000,1.699,data/all_pdb_1y/fed_split/client_2/mmcif_files/30ew.cif
30ew_NNN,duplicate_sequence,125,0.0000,0.0000,1.699,data/all_pdb_1y/fed_split/client_2/mmcif_files/30ew.cif
30ew_OOO,duplicate_sequence,125,0.0000,0.0000,1.699,data/all_pdb_1y/fed_split/client_2/mmcif_files/30ew.cif
30ew_PPP,duplicate_sequence,125,0.0000,0.0000,1.699,data/all_pdb_1y/fed_split/client_2/mmcif_files/30ew.cif
30ig_A,duplicate_sequence,129,0.0000,0.0000,2.0,data/all_pdb_1y/fed_split/client_2/mmcif_files/30ig.cif
36bz_B,duplicate_sequence,193,0.0000,0.0000,1.77,data/all_pdb_1y/fed_split/client_2/mmcif_files/36bz.cif
36iq_B,duplicate_sequence,98,0.0000,0.0000,1.56,data/all_pdb_1y/fed_split/client_2/mmcif_files/36iq.cif
7edq_B,duplicate_sequence,114,0.0000,0.0000,1.266,data/all_pdb_1y/fed_split/client_2/mmcif_files/7edq.cif
7edq_C,duplicate_sequence,114,0.0000,0.0000,1.266,data/all_pdb_1y/fed_split/client_2/mmcif_files/7edq.cif
7ee8_A,duplicate_sequence,114,0.0000,0.0000,1.22,data/all_pdb_1y/fed_split/client_2/mmcif_files/7ee8.cif
7ee8_B,duplicate_sequence,114,0.0000,0.0000,1.22,data/all_pdb_1y/fed_split/client_2/mmcif_files/7ee8.cif
7ee8_C,duplicate_sequence,114,0.0000,0.0000,1.22,data/all_pdb_1y/fed_split/client_2/mmcif_files/7ee8.cif
7h61_A,duplicate_sequence,226,0.0000,0.0000,1.74,data/all_pdb_1y/fed_split/client_2/mmcif_files/7h61.cif
7h62_A,duplicate_sequence,226,0.0000,0.0000,1.61,data/all_pdb_1y/fed_split/client_2/mmcif_files/7h62.cif
7h63_A,duplicate_sequence,226,0.0000,0.0000,1.65,data/all_pdb_1y/fed_split/client_2/mmcif_files/7h63.cif
7h64_A,duplicate_sequence,226,0.0000,0.0000,1.68,data/all_pdb_1y/fed_split/client_2/mmcif_files/7h64.cif
7h65_A,duplicate_sequence,226,0.0000,0.0000,1.8,data/all_pdb_1y/fed_split/client_2/mmcif_files/7h65.cif
7h66_A,duplicate_sequence,226,0.0000,0.0000,1.13,data/all_pdb_1y/fed_split/client_2/mmcif_files/7h66.cif
7h67_A,duplicate_sequence,226,0.0000,0.0000,1.35,data/all_pdb_1y/fed_split/client_2/mmcif_files/7h67.cif
7h68_A,duplicate_sequence,226,0.0000,0.0000,1.25,data/all_pdb_1y/fed_split/client_2/mmcif_files/7h68.cif
7h69_A,duplicate_sequence,226,0.0000,0.0000,1.67,data/all_pdb_1y/fed_split/client_2/mmcif_files/7h69.cif
7h6a_A,duplicate_sequence,226,0.0000,0.0000,1.68,data/all_pdb_1y/fed_split/client_2/mmcif_files/7h6a.cif
7h6c_A,duplicate_sequence,226,0.0000,0.0000,1.61,data/all_pdb_1y/fed_split/client_2/mmcif_files/7h6c.cif
7h6d_A,duplicate_sequence,226,0.0000,0.0000,1.64,data/all_pdb_1y/fed_split/client_2/mmcif_files/7h6d.cif
7h6e_A,duplicate_sequence,226,0.0000,0.0000,2.0,data/all_pdb_1y/fed_split/client_2/mmcif_files/7h6e.cif
7h6f_A,duplicate_sequence,226,0.0000,0.0000,1.25,data/all_pdb_1y/fed_split/client_2/mmcif_files/7h6f.cif
7h6g_B,duplicate_sequence,235,0.0000,0.0000,1.21,data/all_pdb_1y/fed_split/client_2/mmcif_files/7h6g.cif
7h6h_A,duplicate_sequence,235,0.0000,0.0000,1.94,data/all_pdb_1y/fed_split/client_2/mmcif_files/7h6h.cif
7i90_B,duplicate_sequence,169,0.0000,0.0000,1.993,data/all_pdb_1y/fed_split/client_2/mmcif_files/7i90.cif
7i90_C,duplicate_sequence,169,0.0000,0.0000,1.993,data/all_pdb_1y/fed_split/client_2/mmcif_files/7i90.cif
7i90_D,duplicate_sequence,169,0.0000,0.0000,1.993,data/all_pdb_1y/fed_split/client_2/mmcif_files/7i90.cif
7i91_B,duplicate_sequence,169,0.0000,0.0000,1.93,data/all_pdb_1y/fed_split/client_2/mmcif_files/7i91.cif
7i91_C,duplicate_sequence,169,0.0000,0.0000,1.93,data/all_pdb_1y/fed_split/client_2/mmcif_files/7i91.cif
7i91_D,duplicate_sequence,169,0.0000,0.0000,1.93,data/all_pdb_1y/fed_split/client_2/mmcif_files/7i91.cif
7i93_A,duplicate_sequence,169,0.0000,0.0000,1.91,data/all_pdb_1y/fed_split/client_2/mmcif_files/7i93.cif
7i93_B,duplicate_sequence,169,0.0000,0.0000,1.91,data/all_pdb_1y/fed_split/client_2/mmcif_files/7i93.cif
7i93_C,duplicate_sequence,169,0.0000,0.0000,1.91,data/all_pdb_1y/fed_split/client_2/mmcif_files/7i93.cif
7i93_D,duplicate_sequence,169,0.0000,0.0000,1.91,data/all_pdb_1y/fed_split/client_2/mmcif_files/7i93.cif
7i94_A,duplicate_sequence,169,0.0000,0.0000,1.828,data/all_pdb_1y/fed_split/client_2/mmcif_files/7i94.cif
7i94_B,duplicate_sequence,169,0.0000,0.0000,1.828,data/all_pdb_1y/fed_split/client_2/mmcif_files/7i94.cif
7i94_C,duplicate_sequence,169,0.0000,0.0000,1.828,data/all_pdb_1y/fed_split/client_2/mmcif_files/7i94.cif
7i94_D,duplicate_sequence,169,0.0000,0.0000,1.828,data/all_pdb_1y/fed_split/client_2/mmcif_files/7i94.cif
7i95_A,duplicate_sequence,169,0.0000,0.0000,1.991,data/all_pdb_1y/fed_split/client_2/mmcif_files/7i95.cif
7i95_C,duplicate_sequence,169,0.0000,0.0000,1.991,data/all_pdb_1y/fed_split/client_2/mmcif_files/7i95.cif
7i95_H,duplicate_sequence,169,0.0000,0.0000,1.991,data/all_pdb_1y/fed_split/client_2/mmcif_files/7i95.cif
7i95_K,duplicate_sequence,169,0.0000,0.0000,1.991,data/all_pdb_1y/fed_split/client_2/mmcif_files/7i95.cif
7i97_A,duplicate_sequence,169,0.0000,0.0000,1.692,data/all_pdb_1y/fed_split/client_2/mmcif_files/7i97.cif
7i97_B,duplicate_sequence,169,0.0000,0.0000,1.692,data/all_pdb_1y/fed_split/client_2/mmcif_files/7i97.cif
7i97_C,duplicate_sequence,169,0.0000,0.0000,1.692,data/all_pdb_1y/fed_split/client_2/mmcif_files/7i97.cif
7i97_D,duplicate_sequence,169,0.0000,0.0000,1.692,data/all_pdb_1y/fed_split/client_2/mmcif_files/7i97.cif
7i99_A,duplicate_sequence,169,0.0000,0.0000,1.97,data/all_pdb_1y/fed_split/client_2/mmcif_files/7i99.cif
7i99_B,duplicate_sequence,169,0.0000,0.0000,1.97,data/all_pdb_1y/fed_split/client_2/mmcif_files/7i99.cif
7i99_C,duplicate_sequence,169,0.0000,0.0000,1.97,data/all_pdb_1y/fed_split/client_2/mmcif_files/7i99.cif
7i99_D,duplicate_sequence,169,0.0000,0.0000,1.97,data/all_pdb_1y/fed_split/client_2/mmcif_files/7i99.cif
7i9c_A,duplicate_sequence,169,0.0000,0.0000,1.939,data/all_pdb_1y/fed_split/client_2/mmcif_files/7i9c.cif
7i9c_B,duplicate_sequence,169,0.0000,0.0000,1.939,data/all_pdb_1y/fed_split/client_2/mmcif_files/7i9c.cif
7i9c_F,duplicate_sequence,169,0.0000,0.0000,1.939,data/all_pdb_1y/fed_split/client_2/mmcif_files/7i9c.cif
7i9c_J,duplicate_sequence,169,0.0000,0.0000,1.939,data/all_pdb_1y/fed_split/client_2/mmcif_files/7i9c.cif
7i9d_A,duplicate_sequence,169,0.0000,0.0000,1.8,data/all_pdb_1y/fed_split/client_2/mmcif_files/7i9d.cif
7i9d_B,duplicate_sequence,169,0.0000,0.0000,1.8,data/all_pdb_1y/fed_split/client_2/mmcif_files/7i9d.cif
7i9d_C,duplicate_sequence,169,0.0000,0.0000,1.8,data/all_pdb_1y/fed_split/client_2/mmcif_files/7i9d.cif
7i9d_D,duplicate_sequence,169,0.0000,0.0000,1.8,data/all_pdb_1y/fed_split/client_2/mmcif_files/7i9d.cif
7i9e_B,duplicate_sequence,169,0.0000,0.0000,1.91,data/all_pdb_1y/fed_split/client_2/mmcif_files/7i9e.cif
7i9e_C,duplicate_sequence,169,0.0000,0.0000,1.91,data/all_pdb_1y/fed_split/client_2/mmcif_files/7i9e.cif
7i9e_D,duplicate_sequence,169,0.0000,0.0000,1.91,data/all_pdb_1y/fed_split/client_2/mmcif_files/7i9e.cif
7i9g_A,duplicate_sequence,169,0.0000,0.0000,1.698,data/all_pdb_1y/fed_split/client_2/mmcif_files/7i9g.cif
7i9g_C,duplicate_sequence,169,0.0000,0.0000,1.698,data/all_pdb_1y/fed_split/client_2/mmcif_files/7i9g.cif
7i9g_G,duplicate_sequence,169,0.0000,0.0000,1.698,data/all_pdb_1y/fed_split/client_2/mmcif_files/7i9g.cif
7i9g_J,duplicate_sequence,169,0.0000,0.0000,1.698,data/all_pdb_1y/fed_split/client_2/mmcif_files/7i9g.cif
7i9i_A,duplicate_sequence,169,0.0000,0.0000,1.83,data/all_pdb_1y/fed_split/client_2/mmcif_files/7i9i.cif
7i9i_B,duplicate_sequence,169,0.0000,0.0000,1.83,data/all_pdb_1y/fed_split/client_2/mmcif_files/7i9i.cif
7i9i_C,duplicate_sequence,169,0.0000,0.0000,1.83,data/all_pdb_1y/fed_split/client_2/mmcif_files/7i9i.cif
7i9i_D,duplicate_sequence,169,0.0000,0.0000,1.83,data/all_pdb_1y/fed_split/client_2/mmcif_files/7i9i.cif
7ib9_A,duplicate_sequence,116,0.0000,0.0000,1.61,data/all_pdb_1y/fed_split/client_2/mmcif_files/7ib9.cif
7iba_A,duplicate_sequence,116,0.0000,0.0000,1.62,data/all_pdb_1y/fed_split/client_2/mmcif_files/7iba.cif
7ibb_A,duplicate_sequence,116,0.0000,0.0000,1.68,data/all_pdb_1y/fed_split/client_2/mmcif_files/7ibb.cif
7ibd_A,duplicate_sequence,116,0.0000,0.0000,1.54,data/all_pdb_1y/fed_split/client_2/mmcif_files/7ibd.cif
7ibe_A,duplicate_sequence,116,0.0000,0.0000,1.68,data/all_pdb_1y/fed_split/client_2/mmcif_files/7ibe.cif
7ibf_A,duplicate_sequence,116,0.0000,0.0000,1.61,data/all_pdb_1y/fed_split/client_2/mmcif_files/7ibf.cif
7ibg_A,duplicate_sequence,116,0.0000,0.0000,1.88,data/all_pdb_1y/fed_split/client_2/mmcif_files/7ibg.cif
7ibi_A,duplicate_sequence,116,0.0000,0.0000,1.79,data/all_pdb_1y/fed_split/client_2/mmcif_files/7ibi.cif
7ibj_A,duplicate_sequence,116,0.0000,0.0000,1.52,data/all_pdb_1y/fed_split/client_2/mmcif_files/7ibj.cif
7ibk_A,duplicate_sequence,116,0.0000,0.0000,1.53,data/all_pdb_1y/fed_split/client_2/mmcif_files/7ibk.cif
7ibl_A,duplicate_sequence,116,0.0000,0.0000,1.64,data/all_pdb_1y/fed_split/client_2/mmcif_files/7ibl.cif
7ibm_A,duplicate_sequence,116,0.0000,0.0000,1.41,data/all_pdb_1y/fed_split/client_2/mmcif_files/7ibm.cif
7ibn_A,duplicate_sequence,116,0.0000,0.0000,1.65,data/all_pdb_1y/fed_split/client_2/mmcif_files/7ibn.cif
7ibo_A,duplicate_sequence,116,0.0000,0.0000,1.51,data/all_pdb_1y/fed_split/client_2/mmcif_files/7ibo.cif
7ibp_A,duplicate_sequence,116,0.0000,0.0000,1.55,data/all_pdb_1y/fed_split/client_2/mmcif_files/7ibp.cif
7ibq_A,duplicate_sequence,116,0.0000,0.0000,1.64,data/all_pdb_1y/fed_split/client_2/mmcif_files/7ibq.cif
7ibr_A,duplicate_sequence,116,0.0000,0.0000,1.54,data/all_pdb_1y/fed_split/client_2/mmcif_files/7ibr.cif
7ibs_A,duplicate_sequence,116,0.0000,0.0000,1.52,data/all_pdb_1y/fed_split/client_2/mmcif_files/7ibs.cif
7ibt_A,duplicate_sequence,116,0.0000,0.0000,1.84,data/all_pdb_1y/fed_split/client_2/mmcif_files/7ibt.cif
7ibu_A,duplicate_sequence,116,0.0000,0.0000,1.82,data/all_pdb_1y/fed_split/client_2/mmcif_files/7ibu.cif
7ibv_A,duplicate_sequence,116,0.0000,0.0000,1.7,data/all_pdb_1y/fed_split/client_2/mmcif_files/7ibv.cif
7ibw_A,duplicate_sequence,116,0.0000,0.0000,1.69,data/all_pdb_1y/fed_split/client_2/mmcif_files/7ibw.cif
7ibx_A,duplicate_sequence,116,0.0000,0.0000,1.75,data/all_pdb_1y/fed_split/client_2/mmcif_files/7ibx.cif
7iby_A,duplicate_sequence,116,0.0000,0.0000,1.84,data/all_pdb_1y/fed_split/client_2/mmcif_files/7iby.cif
7ibz_A,duplicate_sequence,116,0.0000,0.0000,1.84,data/all_pdb_1y/fed_split/client_2/mmcif_files/7ibz.cif
7ic0_A,duplicate_sequence,116,0.0000,0.0000,1.84,data/all_pdb_1y/fed_split/client_2/mmcif_files/7ic0.cif
7ic1_A,duplicate_sequence,116,0.0000,0.0000,1.89,data/all_pdb_1y/fed_split/client_2/mmcif_files/7ic1.cif
7ic2_A,duplicate_sequence,116,0.0000,0.0000,1.79,data/all_pdb_1y/fed_split/client_2/mmcif_files/7ic2.cif
7ic3_A,duplicate_sequence,116,0.0000,0.0000,1.84,data/all_pdb_1y/fed_split/client_2/mmcif_files/7ic3.cif
7ic4_A,duplicate_sequence,116,0.0000,0.0000,1.6,data/all_pdb_1y/fed_split/client_2/mmcif_files/7ic4.cif
7ic5_A,duplicate_sequence,116,0.0000,0.0000,1.54,data/all_pdb_1y/fed_split/client_2/mmcif_files/7ic5.cif
7ic6_A,duplicate_sequence,116,0.0000,0.0000,1.6,data/all_pdb_1y/fed_split/client_2/mmcif_files/7ic6.cif
7ic7_A,duplicate_sequence,116,0.0000,0.0000,1.83,data/all_pdb_1y/fed_split/client_2/mmcif_files/7ic7.cif
7ic8_A,duplicate_sequence,116,0.0000,0.0000,1.68,data/all_pdb_1y/fed_split/client_2/mmcif_files/7ic8.cif
7ic9_A,duplicate_sequence,116,0.0000,0.0000,1.66,data/all_pdb_1y/fed_split/client_2/mmcif_files/7ic9.cif
7ica_A,duplicate_sequence,116,0.0000,0.0000,1.64,data/all_pdb_1y/fed_split/client_2/mmcif_files/7ica.cif
7icb_A,duplicate_sequence,116,0.0000,0.0000,1.61,data/all_pdb_1y/fed_split/client_2/mmcif_files/7icb.cif
7icc_A,duplicate_sequence,116,0.0000,0.0000,1.73,data/all_pdb_1y/fed_split/client_2/mmcif_files/7icc.cif
7icw_A,duplicate_sequence,116,0.0000,0.0000,1.61,data/all_pdb_1y/fed_split/client_2/mmcif_files/7icw.cif
7icx_A,duplicate_sequence,116,0.0000,0.0000,1.65,data/all_pdb_1y/fed_split/client_2/mmcif_files/7icx.cif
7icy_A,duplicate_sequence,116,0.0000,0.0000,1.79,data/all_pdb_1y/fed_split/client_2/mmcif_files/7icy.cif
7icz_A,duplicate_sequence,116,0.0000,0.0000,1.79,data/all_pdb_1y/fed_split/client_2/mmcif_files/7icz.cif
7id0_A,duplicate_sequence,116,0.0000,0.0000,1.68,data/all_pdb_1y/fed_split/client_2/mmcif_files/7id0.cif
7id1_A,duplicate_sequence,116,0.0000,0.0000,1.95,data/all_pdb_1y/fed_split/client_2/mmcif_files/7id1.cif
7id2_A,duplicate_sequence,116,0.0000,0.0000,1.83,data/all_pdb_1y/fed_split/client_2/mmcif_files/7id2.cif
7id3_A,duplicate_sequence,116,0.0000,0.0000,1.73,data/all_pdb_1y/fed_split/client_2/mmcif_files/7id3.cif
7id4_A,duplicate_sequence,116,0.0000,0.0000,1.57,data/all_pdb_1y/fed_split/client_2/mmcif_files/7id4.cif
7id5_A,duplicate_sequence,116,0.0000,0.0000,1.83,data/all_pdb_1y/fed_split/client_2/mmcif_files/7id5.cif
7id6_A,duplicate_sequence,116,0.0000,0.0000,1.8,data/all_pdb_1y/fed_split/client_2/mmcif_files/7id6.cif
7id7_A,duplicate_sequence,116,0.0000,0.0000,1.89,data/all_pdb_1y/fed_split/client_2/mmcif_files/7id7.cif
7id8_A,duplicate_sequence,116,0.0000,0.0000,1.84,data/all_pdb_1y/fed_split/client_2/mmcif_files/7id8.cif
7id9_A,duplicate_sequence,116,0.0000,0.0000,1.82,data/all_pdb_1y/fed_split/client_2/mmcif_files/7id9.cif
7ida_A,duplicate_sequence,116,0.0000,0.0000,1.73,data/all_pdb_1y/fed_split/client_2/mmcif_files/7ida.cif
7idb_A,duplicate_sequence,116,0.0000,0.0000,1.68,data/all_pdb_1y/fed_split/client_2/mmcif_files/7idb.cif
7idc_A,duplicate_sequence,116,0.0000,0.0000,1.68,data/all_pdb_1y/fed_split/client_2/mmcif_files/7idc.cif
7idd_A,duplicate_sequence,116,0.0000,0.0000,1.85,data/all_pdb_1y/fed_split/client_2/mmcif_files/7idd.cif
7ide_A,duplicate_sequence,116,0.0000,0.0000,1.79,data/all_pdb_1y/fed_split/client_2/mmcif_files/7ide.cif
7idf_A,duplicate_sequence,116,0.0000,0.0000,1.54,data/all_pdb_1y/fed_split/client_2/mmcif_files/7idf.cif
7idg_A,duplicate_sequence,116,0.0000,0.0000,1.61,data/all_pdb_1y/fed_split/client_2/mmcif_files/7idg.cif
7idh_A,duplicate_sequence,116,0.0000,0.0000,1.6,data/all_pdb_1y/fed_split/client_2/mmcif_files/7idh.cif
7idi_A,duplicate_sequence,116,0.0000,0.0000,1.58,data/all_pdb_1y/fed_split/client_2/mmcif_files/7idi.cif
7idj_A,duplicate_sequence,116,0.0000,0.0000,1.79,data/all_pdb_1y/fed_split/client_2/mmcif_files/7idj.cif
7idk_A,duplicate_sequence,116,0.0000,0.0000,1.9,data/all_pdb_1y/fed_split/client_2/mmcif_files/7idk.cif
7idm_A,duplicate_sequence,116,0.0000,0.0000,1.89,data/all_pdb_1y/fed_split/client_2/mmcif_files/7idm.cif
7idn_A,duplicate_sequence,116,0.0000,0.0000,1.84,data/all_pdb_1y/fed_split/client_2/mmcif_files/7idn.cif
7ido_A,duplicate_sequence,116,0.0000,0.0000,1.69,data/all_pdb_1y/fed_split/client_2/mmcif_files/7ido.cif
7idp_A,duplicate_sequence,116,0.0000,0.0000,1.97,data/all_pdb_1y/fed_split/client_2/mmcif_files/7idp.cif
7idq_A,duplicate_sequence,116,0.0000,0.0000,1.77,data/all_pdb_1y/fed_split/client_2/mmcif_files/7idq.cif
7idr_A,duplicate_sequence,116,0.0000,0.0000,1.7,data/all_pdb_1y/fed_split/client_2/mmcif_files/7idr.cif
7ids_A,duplicate_sequence,116,0.0000,0.0000,1.94,data/all_pdb_1y/fed_split/client_2/mmcif_files/7ids.cif
7idu_A,duplicate_sequence,116,0.0000,0.0000,1.89,data/all_pdb_1y/fed_split/client_2/mmcif_files/7idu.cif
7idv_A,duplicate_sequence,116,0.0000,0.0000,1.73,data/all_pdb_1y/fed_split/client_2/mmcif_files/7idv.cif
7idw_A,duplicate_sequence,116,0.0000,0.0000,1.79,data/all_pdb_1y/fed_split/client_2/mmcif_files/7idw.cif
7idx_A,duplicate_sequence,116,0.0000,0.0000,1.82,data/all_pdb_1y/fed_split/client_2/mmcif_files/7idx.cif
7idy_A,duplicate_sequence,116,0.0000,0.0000,1.6,data/all_pdb_1y/fed_split/client_2/mmcif_files/7idy.cif
7ie0_A,duplicate_sequence,116,0.0000,0.0000,1.57,data/all_pdb_1y/fed_split/client_2/mmcif_files/7ie0.cif
7ie1_A,duplicate_sequence,116,0.0000,0.0000,1.68,data/all_pdb_1y/fed_split/client_2/mmcif_files/7ie1.cif
7ie2_A,duplicate_sequence,116,0.0000,0.0000,1.98,data/all_pdb_1y/fed_split/client_2/mmcif_files/7ie2.cif
7ie3_A,duplicate_sequence,116,0.0000,0.0000,1.83,data/all_pdb_1y/fed_split/client_2/mmcif_files/7ie3.cif
7ie4_A,duplicate_sequence,116,0.0000,0.0000,1.68,data/all_pdb_1y/fed_split/client_2/mmcif_files/7ie4.cif
7ie5_A,duplicate_sequence,116,0.0000,0.0000,1.82,data/all_pdb_1y/fed_split/client_2/mmcif_files/7ie5.cif
7ie7_A,duplicate_sequence,116,0.0000,0.0000,1.88,data/all_pdb_1y/fed_split/client_2/mmcif_files/7ie7.cif
7ie8_A,duplicate_sequence,116,0.0000,0.0000,1.95,data/all_pdb_1y/fed_split/client_2/mmcif_files/7ie8.cif
7ie9_A,duplicate_sequence,116,0.0000,0.0000,1.83,data/all_pdb_1y/fed_split/client_2/mmcif_files/7ie9.cif
7iea_A,duplicate_sequence,116,0.0000,0.0000,1.74,data/all_pdb_1y/fed_split/client_2/mmcif_files/7iea.cif
7ieb_A,duplicate_sequence,116,0.0000,0.0000,1.75,data/all_pdb_1y/fed_split/client_2/mmcif_files/7ieb.cif
7iec_A,duplicate_sequence,116,0.0000,0.0000,1.64,data/all_pdb_1y/fed_split/client_2/mmcif_files/7iec.cif
7ied_A,duplicate_sequence,116,0.0000,0.0000,1.84,data/all_pdb_1y/fed_split/client_2/mmcif_files/7ied.cif
7iee_A,duplicate_sequence,116,0.0000,0.0000,1.95,data/all_pdb_1y/fed_split/client_2/mmcif_files/7iee.cif
7ief_A,duplicate_sequence,116,0.0000,0.0000,1.95,data/all_pdb_1y/fed_split/client_2/mmcif_files/7ief.cif
7ieg_A,duplicate_sequence,116,0.0000,0.0000,1.73,data/all_pdb_1y/fed_split/client_2/mmcif_files/7ieg.cif
7ieh_A,duplicate_sequence,116,0.0000,0.0000,1.84,data/all_pdb_1y/fed_split/client_2/mmcif_files/7ieh.cif
7iei_A,duplicate_sequence,116,0.0000,0.0000,1.73,data/all_pdb_1y/fed_split/client_2/mmcif_files/7iei.cif
7iej_A,duplicate_sequence,116,0.0000,0.0000,1.89,data/all_pdb_1y/fed_split/client_2/mmcif_files/7iej.cif
7iek_A,duplicate_sequence,116,0.0000,0.0000,1.77,data/all_pdb_1y/fed_split/client_2/mmcif_files/7iek.cif
7iel_A,duplicate_sequence,116,0.0000,0.0000,1.94,data/all_pdb_1y/fed_split/client_2/mmcif_files/7iel.cif
7iem_A,duplicate_sequence,116,0.0000,0.0000,1.95,data/all_pdb_1y/fed_split/client_2/mmcif_files/7iem.cif
7ien_A,duplicate_sequence,116,0.0000,0.0000,1.77,data/all_pdb_1y/fed_split/client_2/mmcif_files/7ien.cif
7ieo_A,duplicate_sequence,116,0.0000,0.0000,1.72,data/all_pdb_1y/fed_split/client_2/mmcif_files/7ieo.cif
7iph_A,duplicate_sequence,116,0.0000,0.0000,1.89,data/all_pdb_1y/fed_split/client_2/mmcif_files/7iph.cif
7ipi_A,duplicate_sequence,116,0.0000,0.0000,1.94,data/all_pdb_1y/fed_split/client_2/mmcif_files/7ipi.cif
7ipl_A,duplicate_sequence,116,0.0000,0.0000,1.33,data/all_pdb_1y/fed_split/client_2/mmcif_files/7ipl.cif
7ipm_A,duplicate_sequence,116,0.0000,0.0000,1.48,data/all_pdb_1y/fed_split/client_2/mmcif_files/7ipm.cif
7ipn_A,duplicate_sequence,116,0.0000,0.0000,1.61,data/all_pdb_1y/fed_split/client_2/mmcif_files/7ipn.cif
7ipo_A,duplicate_sequence,116,0.0000,0.0000,1.52,data/all_pdb_1y/fed_split/client_2/mmcif_files/7ipo.cif
7ipp_A,duplicate_sequence,116,0.0000,0.0000,1.38,data/all_pdb_1y/fed_split/client_2/mmcif_files/7ipp.cif
7ipq_A,duplicate_sequence,116,0.0000,0.0000,1.49,data/all_pdb_1y/fed_split/client_2/mmcif_files/7ipq.cif
7ipr_A,duplicate_sequence,116,0.0000,0.0000,1.37,data/all_pdb_1y/fed_split/client_2/mmcif_files/7ipr.cif
7ips_A,duplicate_sequence,116,0.0000,0.0000,1.58,data/all_pdb_1y/fed_split/client_2/mmcif_files/7ips.cif
7ipt_A,duplicate_sequence,116,0.0000,0.0000,1.6,data/all_pdb_1y/fed_split/client_2/mmcif_files/7ipt.cif
7ipu_A,duplicate_sequence,116,0.0000,0.0000,1.53,data/all_pdb_1y/fed_split/client_2/mmcif_files/7ipu.cif
7ipv_A,duplicate_sequence,116,0.0000,0.0000,1.4,data/all_pdb_1y/fed_split/client_2/mmcif_files/7ipv.cif
7ipw_A,duplicate_sequence,116,0.0000,0.0000,1.4,data/all_pdb_1y/fed_split/client_2/mmcif_files/7ipw.cif
7ipx_A,duplicate_sequence,116,0.0000,0.0000,1.54,data/all_pdb_1y/fed_split/client_2/mmcif_files/7ipx.cif
7ipy_A,duplicate_sequence,116,0.0000,0.0000,1.51,data/all_pdb_1y/fed_split/client_2/mmcif_files/7ipy.cif
7ipz_A,duplicate_sequence,116,0.0000,0.0000,1.52,data/all_pdb_1y/fed_split/client_2/mmcif_files/7ipz.cif
7iq0_A,duplicate_sequence,116,0.0000,0.0000,1.67,data/all_pdb_1y/fed_split/client_2/mmcif_files/7iq0.cif
7iq1_A,duplicate_sequence,116,0.0000,0.0000,1.46,data/all_pdb_1y/fed_split/client_2/mmcif_files/7iq1.cif
7iq2_A,duplicate_sequence,116,0.0000,0.0000,1.54,data/all_pdb_1y/fed_split/client_2/mmcif_files/7iq2.cif
7iq3_A,duplicate_sequence,116,0.0000,0.0000,1.6,data/all_pdb_1y/fed_split/client_2/mmcif_files/7iq3.cif
7iq4_A,duplicate_sequence,116,0.0000,0.0000,1.59,data/all_pdb_1y/fed_split/client_2/mmcif_files/7iq4.cif
7iq5_A,duplicate_sequence,116,0.0000,0.0000,1.23,data/all_pdb_1y/fed_split/client_2/mmcif_files/7iq5.cif
7iq6_A,duplicate_sequence,116,0.0000,0.0000,1.47,data/all_pdb_1y/fed_split/client_2/mmcif_files/7iq6.cif
7iq7_A,duplicate_sequence,116,0.0000,0.0000,1.62,data/all_pdb_1y/fed_split/client_2/mmcif_files/7iq7.cif
7iq8_A,duplicate_sequence,116,0.0000,0.0000,1.64,data/all_pdb_1y/fed_split/client_2/mmcif_files/7iq8.cif
7iq9_A,duplicate_sequence,116,0.0000,0.0000,1.65,data/all_pdb_1y/fed_split/client_2/mmcif_files/7iq9.cif
7iqa_A,duplicate_sequence,116,0.0000,0.0000,1.56,data/all_pdb_1y/fed_split/client_2/mmcif_files/7iqa.cif
7iqb_A,duplicate_sequence,116,0.0000,0.0000,1.64,data/all_pdb_1y/fed_split/client_2/mmcif_files/7iqb.cif
7iqc_A,duplicate_sequence,116,0.0000,0.0000,1.64,data/all_pdb_1y/fed_split/client_2/mmcif_files/7iqc.cif
7iqd_A,duplicate_sequence,116,0.0000,0.0000,1.59,data/all_pdb_1y/fed_split/client_2/mmcif_files/7iqd.cif
7iqe_A,duplicate_sequence,116,0.0000,0.0000,1.84,data/all_pdb_1y/fed_split/client_2/mmcif_files/7iqe.cif
7iqf_A,duplicate_sequence,116,0.0000,0.0000,1.45,data/all_pdb_1y/fed_split/client_2/mmcif_files/7iqf.cif
7iqg_A,duplicate_sequence,116,0.0000,0.0000,1.64,data/all_pdb_1y/fed_split/client_2/mmcif_files/7iqg.cif
7iqh_A,duplicate_sequence,116,0.0000,0.0000,1.56,data/all_pdb_1y/fed_split/client_2/mmcif_files/7iqh.cif
7iqi_A,duplicate_sequence,116,0.0000,0.0000,1.47,data/all_pdb_1y/fed_split/client_2/mmcif_files/7iqi.cif
7iqj_A,duplicate_sequence,116,0.0000,0.0000,1.56,data/all_pdb_1y/fed_split/client_2/mmcif_files/7iqj.cif
7iqk_A,duplicate_sequence,116,0.0000,0.0000,1.65,data/all_pdb_1y/fed_split/client_2/mmcif_files/7iqk.cif
7iql_A,duplicate_sequence,116,0.0000,0.0000,1.57,data/all_pdb_1y/fed_split/client_2/mmcif_files/7iql.cif
7iqm_A,duplicate_sequence,116,0.0000,0.0000,1.57,data/all_pdb_1y/fed_split/client_2/mmcif_files/7iqm.cif
7iqn_A,duplicate_sequence,116,0.0000,0.0000,1.56,data/all_pdb_1y/fed_split/client_2/mmcif_files/7iqn.cif
7iqo_A,duplicate_sequence,116,0.0000,0.0000,1.58,data/all_pdb_1y/fed_split/client_2/mmcif_files/7iqo.cif
7iqp_A,duplicate_sequence,116,0.0000,0.0000,1.39,data/all_pdb_1y/fed_split/client_2/mmcif_files/7iqp.cif
7iqq_A,duplicate_sequence,116,0.0000,0.0000,1.64,data/all_pdb_1y/fed_split/client_2/mmcif_files/7iqq.cif
7iqr_A,duplicate_sequence,116,0.0000,0.0000,1.97,data/all_pdb_1y/fed_split/client_2/mmcif_files/7iqr.cif
7iqs_A,duplicate_sequence,116,0.0000,0.0000,1.58,data/all_pdb_1y/fed_split/client_2/mmcif_files/7iqs.cif
7iqt_A,duplicate_sequence,116,0.0000,0.0000,1.65,data/all_pdb_1y/fed_split/client_2/mmcif_files/7iqt.cif
7iqu_A,duplicate_sequence,116,0.0000,0.0000,1.53,data/all_pdb_1y/fed_split/client_2/mmcif_files/7iqu.cif
7iqv_A,duplicate_sequence,116,0.0000,0.0000,1.52,data/all_pdb_1y/fed_split/client_2/mmcif_files/7iqv.cif
7iqw_A,duplicate_sequence,116,0.0000,0.0000,1.58,data/all_pdb_1y/fed_split/client_2/mmcif_files/7iqw.cif
7iqx_A,duplicate_sequence,116,0.0000,0.0000,1.57,data/all_pdb_1y/fed_split/client_2/mmcif_files/7iqx.cif
7iqy_A,duplicate_sequence,116,0.0000,0.0000,1.49,data/all_pdb_1y/fed_split/client_2/mmcif_files/7iqy.cif
7iqz_A,duplicate_sequence,116,0.0000,0.0000,1.6,data/all_pdb_1y/fed_split/client_2/mmcif_files/7iqz.cif
7ir0_A,duplicate_sequence,116,0.0000,0.0000,1.57,data/all_pdb_1y/fed_split/client_2/mmcif_files/7ir0.cif
7ir1_A,duplicate_sequence,116,0.0000,0.0000,1.64,data/all_pdb_1y/fed_split/client_2/mmcif_files/7ir1.cif
7ir2_A,duplicate_sequence,116,0.0000,0.0000,1.63,data/all_pdb_1y/fed_split/client_2/mmcif_files/7ir2.cif
7ir3_A,duplicate_sequence,116,0.0000,0.0000,1.72,data/all_pdb_1y/fed_split/client_2/mmcif_files/7ir3.cif
7ir4_A,duplicate_sequence,116,0.0000,0.0000,1.6,data/all_pdb_1y/fed_split/client_2/mmcif_files/7ir4.cif
7ir5_A,duplicate_sequence,116,0.0000,0.0000,1.59,data/all_pdb_1y/fed_split/client_2/mmcif_files/7ir5.cif
7ir6_A,duplicate_sequence,116,0.0000,0.0000,1.52,data/all_pdb_1y/fed_split/client_2/mmcif_files/7ir6.cif
7ir7_A,duplicate_sequence,116,0.0000,0.0000,1.55,data/all_pdb_1y/fed_split/client_2/mmcif_files/7ir7.cif
7ir8_A,duplicate_sequence,116,0.0000,0.0000,1.44,data/all_pdb_1y/fed_split/client_2/mmcif_files/7ir8.cif
7ir9_A,duplicate_sequence,116,0.0000,0.0000,1.3,data/all_pdb_1y/fed_split/client_2/mmcif_files/7ir9.cif
7irb_A,duplicate_sequence,116,0.0000,0.0000,1.27,data/all_pdb_1y/fed_split/client_2/mmcif_files/7irb.cif
7irc_A,duplicate_sequence,116,0.0000,0.0000,1.52,data/all_pdb_1y/fed_split/client_2/mmcif_files/7irc.cif
7ird_A,duplicate_sequence,116,0.0000,0.0000,1.54,data/all_pdb_1y/fed_split/client_2/mmcif_files/7ird.cif
7ire_A,duplicate_sequence,116,0.0000,0.0000,1.21,data/all_pdb_1y/fed_split/client_2/mmcif_files/7ire.cif
7irf_A,duplicate_sequence,116,0.0000,0.0000,1.13,data/all_pdb_1y/fed_split/client_2/mmcif_files/7irf.cif
7irg_A,duplicate_sequence,116,0.0000,0.0000,1.69,data/all_pdb_1y/fed_split/client_2/mmcif_files/7irg.cif
7irh_A,duplicate_sequence,116,0.0000,0.0000,1.63,data/all_pdb_1y/fed_split/client_2/mmcif_files/7irh.cif
7iri_A,duplicate_sequence,116,0.0000,0.0000,1.63,data/all_pdb_1y/fed_split/client_2/mmcif_files/7iri.cif
7irj_A,duplicate_sequence,116,0.0000,0.0000,1.58,data/all_pdb_1y/fed_split/client_2/mmcif_files/7irj.cif
7irk_A,duplicate_sequence,116,0.0000,0.0000,1.19,data/all_pdb_1y/fed_split/client_2/mmcif_files/7irk.cif
7irl_A,duplicate_sequence,116,0.0000,0.0000,1.6,data/all_pdb_1y/fed_split/client_2/mmcif_files/7irl.cif
7irm_A,duplicate_sequence,116,0.0000,0.0000,1.63,data/all_pdb_1y/fed_split/client_2/mmcif_files/7irm.cif
7irn_A,duplicate_sequence,116,0.0000,0.0000,1.66,data/all_pdb_1y/fed_split/client_2/mmcif_files/7irn.cif
7iro_A,duplicate_sequence,116,0.0000,0.0000,1.16,data/all_pdb_1y/fed_split/client_2/mmcif_files/7iro.cif
7irp_A,duplicate_sequence,116,0.0000,0.0000,1.56,data/all_pdb_1y/fed_split/client_2/mmcif_files/7irp.cif
7irq_A,duplicate_sequence,116,0.0000,0.0000,1.67,data/all_pdb_1y/fed_split/client_2/mmcif_files/7irq.cif
7irr_A,duplicate_sequence,116,0.0000,0.0000,1.68,data/all_pdb_1y/fed_split/client_2/mmcif_files/7irr.cif
7irs_A,duplicate_sequence,116,0.0000,0.0000,1.57,data/all_pdb_1y/fed_split/client_2/mmcif_files/7irs.cif
7irt_A,duplicate_sequence,116,0.0000,0.0000,1.37,data/all_pdb_1y/fed_split/client_2/mmcif_files/7irt.cif
7iru_A,duplicate_sequence,116,0.0000,0.0000,1.63,data/all_pdb_1y/fed_split/client_2/mmcif_files/7iru.cif
7irv_A,duplicate_sequence,116,0.0000,0.0000,1.39,data/all_pdb_1y/fed_split/client_2/mmcif_files/7irv.cif
7irw_A,duplicate_sequence,116,0.0000,0.0000,1.69,data/all_pdb_1y/fed_split/client_2/mmcif_files/7irw.cif
7irx_A,duplicate_sequence,116,0.0000,0.0000,1.53,data/all_pdb_1y/fed_split/client_2/mmcif_files/7irx.cif
7iry_A,duplicate_sequence,116,0.0000,0.0000,1.51,data/all_pdb_1y/fed_split/client_2/mmcif_files/7iry.cif
7irz_A,duplicate_sequence,116,0.0000,0.0000,1.51,data/all_pdb_1y/fed_split/client_2/mmcif_files/7irz.cif
7is0_A,duplicate_sequence,116,0.0000,0.0000,1.65,data/all_pdb_1y/fed_split/client_2/mmcif_files/7is0.cif
7is1_A,duplicate_sequence,116,0.0000,0.0000,1.59,data/all_pdb_1y/fed_split/client_2/mmcif_files/7is1.cif
7is2_A,duplicate_sequence,116,0.0000,0.0000,1.49,data/all_pdb_1y/fed_split/client_2/mmcif_files/7is2.cif
7is3_A,duplicate_sequence,116,0.0000,0.0000,1.64,data/all_pdb_1y/fed_split/client_2/mmcif_files/7is3.cif
7is4_A,duplicate_sequence,116,0.0000,0.0000,1.15,data/all_pdb_1y/fed_split/client_2/mmcif_files/7is4.cif
7is5_A,duplicate_sequence,116,0.0000,0.0000,1.63,data/all_pdb_1y/fed_split/client_2/mmcif_files/7is5.cif
7is6_A,duplicate_sequence,116,0.0000,0.0000,1.43,data/all_pdb_1y/fed_split/client_2/mmcif_files/7is6.cif
7is7_A,duplicate_sequence,116,0.0000,0.0000,1.52,data/all_pdb_1y/fed_split/client_2/mmcif_files/7is7.cif
7is8_A,duplicate_sequence,116,0.0000,0.0000,1.84,data/all_pdb_1y/fed_split/client_2/mmcif_files/7is8.cif
7is9_A,duplicate_sequence,116,0.0000,0.0000,1.5,data/all_pdb_1y/fed_split/client_2/mmcif_files/7is9.cif
7isa_A,duplicate_sequence,116,0.0000,0.0000,1.43,data/all_pdb_1y/fed_split/client_2/mmcif_files/7isa.cif
7isb_A,duplicate_sequence,116,0.0000,0.0000,1.5,data/all_pdb_1y/fed_split/client_2/mmcif_files/7isb.cif
7isc_A,duplicate_sequence,116,0.0000,0.0000,1.49,data/all_pdb_1y/fed_split/client_2/mmcif_files/7isc.cif
7isd_A,duplicate_sequence,116,0.0000,0.0000,1.21,data/all_pdb_1y/fed_split/client_2/mmcif_files/7isd.cif
7ise_A,duplicate_sequence,116,0.0000,0.0000,1.24,data/all_pdb_1y/fed_split/client_2/mmcif_files/7ise.cif
7isf_A,duplicate_sequence,116,0.0000,0.0000,1.61,data/all_pdb_1y/fed_split/client_2/mmcif_files/7isf.cif
7isg_A,duplicate_sequence,116,0.0000,0.0000,1.63,data/all_pdb_1y/fed_split/client_2/mmcif_files/7isg.cif
7ish_A,duplicate_sequence,116,0.0000,0.0000,1.6,data/all_pdb_1y/fed_split/client_2/mmcif_files/7ish.cif
7isi_A,duplicate_sequence,116,0.0000,0.0000,1.65,data/all_pdb_1y/fed_split/client_2/mmcif_files/7isi.cif
7isj_A,duplicate_sequence,116,0.0000,0.0000,1.66,data/all_pdb_1y/fed_split/client_2/mmcif_files/7isj.cif
7isk_A,duplicate_sequence,116,0.0000,0.0000,1.62,data/all_pdb_1y/fed_split/client_2/mmcif_files/7isk.cif
7isl_A,duplicate_sequence,116,0.0000,0.0000,1.6,data/all_pdb_1y/fed_split/client_2/mmcif_files/7isl.cif
7ism_A,duplicate_sequence,116,0.0000,0.0000,1.78,data/all_pdb_1y/fed_split/client_2/mmcif_files/7ism.cif
7isn_A,duplicate_sequence,116,0.0000,0.0000,1.53,data/all_pdb_1y/fed_split/client_2/mmcif_files/7isn.cif
7iso_A,duplicate_sequence,116,0.0000,0.0000,1.56,data/all_pdb_1y/fed_split/client_2/mmcif_files/7iso.cif
7isp_A,duplicate_sequence,116,0.0000,0.0000,1.56,data/all_pdb_1y/fed_split/client_2/mmcif_files/7isp.cif
7isq_A,duplicate_sequence,116,0.0000,0.0000,1.64,data/all_pdb_1y/fed_split/client_2/mmcif_files/7isq.cif
7isr_A,duplicate_sequence,116,0.0000,0.0000,1.62,data/all_pdb_1y/fed_split/client_2/mmcif_files/7isr.cif
7iss_A,duplicate_sequence,116,0.0000,0.0000,1.49,data/all_pdb_1y/fed_split/client_2/mmcif_files/7iss.cif
7ist_A,duplicate_sequence,116,0.0000,0.0000,1.67,data/all_pdb_1y/fed_split/client_2/mmcif_files/7ist.cif
7isu_A,duplicate_sequence,116,0.0000,0.0000,1.88,data/all_pdb_1y/fed_split/client_2/mmcif_files/7isu.cif
7isv_A,duplicate_sequence,116,0.0000,0.0000,1.68,data/all_pdb_1y/fed_split/client_2/mmcif_files/7isv.cif
7isw_A,duplicate_sequence,116,0.0000,0.0000,1.67,data/all_pdb_1y/fed_split/client_2/mmcif_files/7isw.cif
7isx_A,duplicate_sequence,116,0.0000,0.0000,1.6,data/all_pdb_1y/fed_split/client_2/mmcif_files/7isx.cif
7isy_A,duplicate_sequence,116,0.0000,0.0000,1.77,data/all_pdb_1y/fed_split/client_2/mmcif_files/7isy.cif
7isz_A,duplicate_sequence,116,0.0000,0.0000,1.58,data/all_pdb_1y/fed_split/client_2/mmcif_files/7isz.cif
7it0_A,duplicate_sequence,116,0.0000,0.0000,1.48,data/all_pdb_1y/fed_split/client_2/mmcif_files/7it0.cif
7it1_A,duplicate_sequence,116,0.0000,0.0000,1.52,data/all_pdb_1y/fed_split/client_2/mmcif_files/7it1.cif
7it2_A,duplicate_sequence,116,0.0000,0.0000,1.6,data/all_pdb_1y/fed_split/client_2/mmcif_files/7it2.cif
7it3_A,duplicate_sequence,116,0.0000,0.0000,1.76,data/all_pdb_1y/fed_split/client_2/mmcif_files/7it3.cif
7it4_A,duplicate_sequence,116,0.0000,0.0000,1.61,data/all_pdb_1y/fed_split/client_2/mmcif_files/7it4.cif
7it5_A,duplicate_sequence,116,0.0000,0.0000,1.67,data/all_pdb_1y/fed_split/client_2/mmcif_files/7it5.cif
7it6_A,duplicate_sequence,116,0.0000,0.0000,1.6,data/all_pdb_1y/fed_split/client_2/mmcif_files/7it6.cif
7it7_A,duplicate_sequence,116,0.0000,0.0000,1.72,data/all_pdb_1y/fed_split/client_2/mmcif_files/7it7.cif
7it9_A,duplicate_sequence,116,0.0000,0.0000,1.45,data/all_pdb_1y/fed_split/client_2/mmcif_files/7it9.cif
7ita_A,duplicate_sequence,116,0.0000,0.0000,1.71,data/all_pdb_1y/fed_split/client_2/mmcif_files/7ita.cif
7itb_A,duplicate_sequence,116,0.0000,0.0000,1.65,data/all_pdb_1y/fed_split/client_2/mmcif_files/7itb.cif
7itc_A,duplicate_sequence,116,0.0000,0.0000,1.65,data/all_pdb_1y/fed_split/client_2/mmcif_files/7itc.cif
7itd_A,duplicate_sequence,116,0.0000,0.0000,1.64,data/all_pdb_1y/fed_split/client_2/mmcif_files/7itd.cif
7ite_A,duplicate_sequence,116,0.0000,0.0000,1.64,data/all_pdb_1y/fed_split/client_2/mmcif_files/7ite.cif
7itf_A,duplicate_sequence,116,0.0000,0.0000,1.62,data/all_pdb_1y/fed_split/client_2/mmcif_files/7itf.cif
7itg_A,duplicate_sequence,116,0.0000,0.0000,1.59,data/all_pdb_1y/fed_split/client_2/mmcif_files/7itg.cif
7ith_A,duplicate_sequence,116,0.0000,0.0000,1.77,data/all_pdb_1y/fed_split/client_2/mmcif_files/7ith.cif
7iti_A,duplicate_sequence,116,0.0000,0.0000,1.63,data/all_pdb_1y/fed_split/client_2/mmcif_files/7iti.cif
8pwi_A,duplicate_sequence,249,0.0000,0.0000,1.96,data/all_pdb_1y/fed_split/client_2/mmcif_files/8pwi.cif
8pwq_A,duplicate_sequence,249,0.0000,0.0000,1.95,data/all_pdb_1y/fed_split/client_2/mmcif_files/8pwq.cif
8ray_A,duplicate_sequence,255,0.0000,0.0000,1.58,data/all_pdb_1y/fed_split/client_2/mmcif_files/8ray.cif
8reh_A,duplicate_sequence,129,0.0000,0.0000,1.7,data/all_pdb_1y/fed_split/client_2/mmcif_files/8reh.cif
8req_B,duplicate_sequence,232,0.0000,0.0000,1.94,data/all_pdb_1y/fed_split/client_2/mmcif_files/8req.cif
8req_C,duplicate_sequence,232,0.0000,0.0000,1.94,data/all_pdb_1y/fed_split/client_2/mmcif_files/8req.cif
8req_D,duplicate_sequence,232,0.0000,0.0000,1.94,data/all_pdb_1y/fed_split/client_2/mmcif_files/8req.cif
8rso_B,duplicate_sequence,220,0.0000,0.0000,1.25,data/all_pdb_1y/fed_split/client_2/mmcif_files/8rso.cif
8rsp_A,duplicate_sequence,220,0.0000,0.0000,1.41,data/all_pdb_1y/fed_split/client_2/mmcif_files/8rsp.cif
8rsp_B,duplicate_sequence,220,0.0000,0.0000,1.41,data/all_pdb_1y/fed_split/client_2/mmcif_files/8rsp.cif
8rss_A,duplicate_sequence,220,0.0000,0.0000,1.41,data/all_pdb_1y/fed_split/client_2/mmcif_files/8rss.cif
8rtj_AAA,duplicate_sequence,129,0.0000,0.0000,1.27,data/all_pdb_1y/fed_split/client_2/mmcif_files/8rtj.cif
8rtk_AAA,duplicate_sequence,129,0.0000,0.0000,1.21,data/all_pdb_1y/fed_split/client_2/mmcif_files/8rtk.cif
8rye_B,duplicate_sequence,249,0.0000,0.0000,1.95,data/all_pdb_1y/fed_split/client_2/mmcif_files/8rye.cif
8rye_C,duplicate_sequence,249,0.0000,0.0000,1.95,data/all_pdb_1y/fed_split/client_2/mmcif_files/8rye.cif
8rye_D,duplicate_sequence,249,0.0000,0.0000,1.95,data/all_pdb_1y/fed_split/client_2/mmcif_files/8rye.cif
8ryf_A,duplicate_sequence,249,0.0000,0.0000,1.95,data/all_pdb_1y/fed_split/client_2/mmcif_files/8ryf.cif
8ryf_B,duplicate_sequence,249,0.0000,0.0000,1.95,data/all_pdb_1y/fed_split/client_2/mmcif_files/8ryf.cif
8tt8_A,duplicate_sequence,114,0.0000,0.0000,1.75,data/all_pdb_1y/fed_split/client_2/mmcif_files/8tt8.cif
8tt8_B,duplicate_sequence,114,0.0000,0.0000,1.75,data/all_pdb_1y/fed_split/client_2/mmcif_files/8tt8.cif
8tt8_C,duplicate_sequence,114,0.0000,0.0000,1.75,data/all_pdb_1y/fed_split/client_2/mmcif_files/8tt8.cif
8uus_B,duplicate_sequence,166,0.0000,0.0000,1.47,data/all_pdb_1y/fed_split/client_2/mmcif_files/8uus.cif
8uus_C,duplicate_sequence,166,0.0000,0.0000,1.47,data/all_pdb_1y/fed_split/client_2/mmcif_files/8uus.cif
8uut_B,duplicate_sequence,161,0.0000,0.0000,1.83,data/all_pdb_1y/fed_split/client_2/mmcif_files/8uut.cif
8uut_C,duplicate_sequence,161,0.0000,0.0000,1.83,data/all_pdb_1y/fed_split/client_2/mmcif_files/8uut.cif
8uut_D,duplicate_sequence,161,0.0000,0.0000,1.83,data/all_pdb_1y/fed_split/client_2/mmcif_files/8uut.cif
8uut_E,duplicate_sequence,161,0.0000,0.0000,1.83,data/all_pdb_1y/fed_split/client_2/mmcif_files/8uut.cif
8uut_F,duplicate_sequence,161,0.0000,0.0000,1.83,data/all_pdb_1y/fed_split/client_2/mmcif_files/8uut.cif
8vv5_B,duplicate_sequence,159,0.0000,0.0000,1.84,data/all_pdb_1y/fed_split/client_2/mmcif_files/8vv5.cif
8vv5_C,duplicate_sequence,159,0.0000,0.0000,1.84,data/all_pdb_1y/fed_split/client_2/mmcif_files/8vv5.cif
8vv5_D,duplicate_sequence,159,0.0000,0.0000,1.84,data/all_pdb_1y/fed_split/client_2/mmcif_files/8vv5.cif
8vv6_B,duplicate_sequence,159,0.0000,0.0000,1.55,data/all_pdb_1y/fed_split/client_2/mmcif_files/8vv6.cif
8vv6_C,duplicate_sequence,159,0.0000,0.0000,1.55,data/all_pdb_1y/fed_split/client_2/mmcif_files/8vv6.cif
8vv6_D,duplicate_sequence,159,0.0000,0.0000,1.55,data/all_pdb_1y/fed_split/client_2/mmcif_files/8vv6.cif
8wp7_A,duplicate_sequence,192,0.0000,0.0000,1.91,data/all_pdb_1y/fed_split/client_2/mmcif_files/8wp7.cif
8xcb_B,duplicate_sequence,200,0.0000,0.0000,1.83,data/all_pdb_1y/fed_split/client_2/mmcif_files/8xcb.cif
8xcb_C,duplicate_sequence,200,0.0000,0.0000,1.83,data/all_pdb_1y/fed_split/client_2/mmcif_files/8xcb.cif
8xcb_D,duplicate_sequence,200,0.0000,0.0000,1.83,data/all_pdb_1y/fed_split/client_2/mmcif_files/8xcb.cif
8xce_A,duplicate_sequence,200,0.0000,0.0000,2.0,data/all_pdb_1y/fed_split/client_2/mmcif_files/8xce.cif
8xce_B,duplicate_sequence,200,0.0000,0.0000,2.0,data/all_pdb_1y/fed_split/client_2/mmcif_files/8xce.cif
8xce_C,duplicate_sequence,200,0.0000,0.0000,2.0,data/all_pdb_1y/fed_split/client_2/mmcif_files/8xce.cif
8xce_D,duplicate_sequence,200,0.0000,0.0000,2.0,data/all_pdb_1y/fed_split/client_2/mmcif_files/8xce.cif
8y4d_B,duplicate_sequence,296,0.0000,0.0000,1.91,data/all_pdb_1y/fed_split/client_2/mmcif_files/8y4d.cif
8y4f_B,duplicate_sequence,298,0.0000,0.0000,1.95,data/all_pdb_1y/fed_split/client_2/mmcif_files/8y4f.cif
8y4g_B,duplicate_sequence,296,0.0000,0.0000,1.93,data/all_pdb_1y/fed_split/client_2/mmcif_files/8y4g.cif
8yep_B,duplicate_sequence,187,0.0000,0.0000,1.8,data/all_pdb_1y/fed_split/client_2/mmcif_files/8yep.cif
8yep_C,duplicate_sequence,187,0.0000,0.0000,1.8,data/all_pdb_1y/fed_split/client_2/mmcif_files/8yep.cif
8ykc_A,duplicate_sequence,187,0.0000,0.0000,1.921,data/all_pdb_1y/fed_split/client_2/mmcif_files/8ykc.cif
8ykc_B,duplicate_sequence,187,0.0000,0.0000,1.921,data/all_pdb_1y/fed_split/client_2/mmcif_files/8ykc.cif
8ykc_C,duplicate_sequence,187,0.0000,0.0000,1.921,data/all_pdb_1y/fed_split/client_2/mmcif_files/8ykc.cif
8ymf_A,duplicate_sequence,128,0.0000,0.0000,1.015,data/all_pdb_1y/fed_split/client_2/mmcif_files/8ymf.cif
8ymg_A,duplicate_sequence,128,0.0000,0.0000,1.007,data/all_pdb_1y/fed_split/client_2/mmcif_files/8ymg.cif
8ymh_A,duplicate_sequence,128,0.0000,0.0000,1.04,data/all_pdb_1y/fed_split/client_2/mmcif_files/8ymh.cif
8ymi_A,duplicate_sequence,128,0.0000,0.0000,1.01,data/all_pdb_1y/fed_split/client_2/mmcif_files/8ymi.cif
8yqk_B,duplicate_sequence,109,0.0000,0.0000,1.17,data/all_pdb_1y/fed_split/client_2/mmcif_files/8yqk.cif
8yqk_C,duplicate_sequence,109,0.0000,0.0000,1.17,data/all_pdb_1y/fed_split/client_2/mmcif_files/8yqk.cif
8yqk_D,duplicate_sequence,109,0.0000,0.0000,1.17,data/all_pdb_1y/fed_split/client_2/mmcif_files/8yqk.cif
8yri_B,duplicate_sequence,168,0.0000,0.0000,1.9,data/all_pdb_1y/fed_split/client_2/mmcif_files/8yri.cif
8ytu_B,duplicate_sequence,265,0.0000,0.0000,1.34,data/all_pdb_1y/fed_split/client_2/mmcif_files/8ytu.cif
8ytu_C,duplicate_sequence,265,0.0000,0.0000,1.34,data/all_pdb_1y/fed_split/client_2/mmcif_files/8ytu.cif
8ytv_B,duplicate_sequence,265,0.0000,0.0000,1.89,data/all_pdb_1y/fed_split/client_2/mmcif_files/8ytv.cif
8ywz_B,duplicate_sequence,296,0.0000,0.0000,1.91,data/all_pdb_1y/fed_split/client_2/mmcif_files/8ywz.cif
8z51_A,duplicate_sequence,129,0.0000,0.0000,1.5,data/all_pdb_1y/fed_split/client_2/mmcif_files/8z51.cif
8z52_A,duplicate_sequence,129,0.0000,0.0000,1.48,data/all_pdb_1y/fed_split/client_2/mmcif_files/8z52.cif
8z6e_B,duplicate_sequence,197,0.0000,0.0000,1.97,data/all_pdb_1y/fed_split/client_2/mmcif_files/8z6e.cif
8zcc_B,duplicate_sequence,299,0.0000,0.0000,1.55,data/all_pdb_1y/fed_split/client_2/mmcif_files/8zcc.cif
8zev_B,duplicate_sequence,252,0.0000,0.0000,1.8,data/all_pdb_1y/fed_split/client_2/mmcif_files/8zev.cif
8zev_C,duplicate_sequence,252,0.0000,0.0000,1.8,data/all_pdb_1y/fed_split/client_2/mmcif_files/8zev.cif
8zev_D,duplicate_sequence,252,0.0000,0.0000,1.8,data/all_pdb_1y/fed_split/client_2/mmcif_files/8zev.cif
8zst_A,duplicate_sequence,129,0.0000,0.0000,0.8,data/all_pdb_1y/fed_split/client_2/mmcif_files/8zst.cif
8zsu_A,duplicate_sequence,129,0.0000,0.0000,1.09,data/all_pdb_1y/fed_split/client_2/mmcif_files/8zsu.cif
8zu4_B,duplicate_sequence,296,0.0000,0.0000,1.39,data/all_pdb_1y/fed_split/client_2/mmcif_files/8zu4.cif
8zu5_B,duplicate_sequence,294,0.0000,0.0000,1.83,data/all_pdb_1y/fed_split/client_2/mmcif_files/8zu5.cif
8zv7_B,duplicate_sequence,198,0.0000,0.0000,1.9,data/all_pdb_1y/fed_split/client_2/mmcif_files/8zv7.cif
8zwp_B,duplicate_sequence,278,0.0000,0.0000,1.86,data/all_pdb_1y/fed_split/client_2/mmcif_files/8zwp.cif
8zwr_A,duplicate_sequence,278,0.0000,0.0000,1.94,data/all_pdb_1y/fed_split/client_2/mmcif_files/8zwr.cif
8zwr_B,duplicate_sequence,278,0.0000,0.0000,1.94,data/all_pdb_1y/fed_split/client_2/mmcif_files/8zwr.cif
8zww_A,duplicate_sequence,278,0.0000,0.0000,1.87,data/all_pdb_1y/fed_split/client_2/mmcif_files/8zww.cif
8zww_B,duplicate_sequence,278,0.0000,0.0000,1.87,data/all_pdb_1y/fed_split/client_2/mmcif_files/8zww.cif
8zwy_A,duplicate_sequence,278,0.0000,0.0000,1.95,data/all_pdb_1y/fed_split/client_2/mmcif_files/8zwy.cif
8zwy_B,duplicate_sequence,278,0.0000,0.0000,1.95,data/all_pdb_1y/fed_split/client_2/mmcif_files/8zwy.cif
9avy_A,duplicate_sequence,223,0.0000,0.0000,1.497,data/all_pdb_1y/fed_split/client_2/mmcif_files/9avy.cif
9avz_A,duplicate_sequence,223,0.0000,0.0000,1.499,data/all_pdb_1y/fed_split/client_2/mmcif_files/9avz.cif
9aw0_A,duplicate_sequence,223,0.0000,0.0000,1.498,data/all_pdb_1y/fed_split/client_2/mmcif_files/9aw0.cif
9aw1_A,duplicate_sequence,223,0.0000,0.0000,1.5,data/all_pdb_1y/fed_split/client_2/mmcif_files/9aw1.cif
9aw2_A,duplicate_sequence,223,0.0000,0.0000,1.498,data/all_pdb_1y/fed_split/client_2/mmcif_files/9aw2.cif
9aw4_A,duplicate_sequence,223,0.0000,0.0000,1.499,data/all_pdb_1y/fed_split/client_2/mmcif_files/9aw4.cif
9aw8_A,duplicate_sequence,223,0.0000,0.0000,1.496,data/all_pdb_1y/fed_split/client_2/mmcif_files/9aw8.cif
9aw9_A,duplicate_sequence,223,0.0000,0.0000,1.495,data/all_pdb_1y/fed_split/client_2/mmcif_files/9aw9.cif
9awa_A,duplicate_sequence,223,0.0000,0.0000,1.497,data/all_pdb_1y/fed_split/client_2/mmcif_files/9awa.cif
9awb_A,duplicate_sequence,223,0.0000,0.0000,1.495,data/all_pdb_1y/fed_split/client_2/mmcif_files/9awb.cif
9awc_A,duplicate_sequence,223,0.0000,0.0000,1.487,data/all_pdb_1y/fed_split/client_2/mmcif_files/9awc.cif
9awd_A,duplicate_sequence,223,0.0000,0.0000,1.491,data/all_pdb_1y/fed_split/client_2/mmcif_files/9awd.cif
9awf_A,duplicate_sequence,223,0.0000,0.0000,1.498,data/all_pdb_1y/fed_split/client_2/mmcif_files/9awf.cif
9awg_A,duplicate_sequence,223,0.0000,0.0000,1.493,data/all_pdb_1y/fed_split/client_2/mmcif_files/9awg.cif
9awh_A,duplicate_sequence,223,0.0000,0.0000,1.497,data/all_pdb_1y/fed_split/client_2/mmcif_files/9awh.cif
9awi_A,duplicate_sequence,223,0.0000,0.0000,1.479,data/all_pdb_1y/fed_split/client_2/mmcif_files/9awi.cif
9awl_A,duplicate_sequence,223,0.0000,0.0000,1.5,data/all_pdb_1y/fed_split/client_2/mmcif_files/9awl.cif
9awm_A,duplicate_sequence,223,0.0000,0.0000,1.499,data/all_pdb_1y/fed_split/client_2/mmcif_files/9awm.cif
9awn_A,duplicate_sequence,223,0.0000,0.0000,1.484,data/all_pdb_1y/fed_split/client_2/mmcif_files/9awn.cif
9awo_A,duplicate_sequence,223,0.0000,0.0000,1.497,data/all_pdb_1y/fed_split/client_2/mmcif_files/9awo.cif
9awp_A,duplicate_sequence,223,0.0000,0.0000,1.497,data/all_pdb_1y/fed_split/client_2/mmcif_files/9awp.cif
9awq_A,duplicate_sequence,223,0.0000,0.0000,1.491,data/all_pdb_1y/fed_split/client_2/mmcif_files/9awq.cif
9awr_A,duplicate_sequence,223,0.0000,0.0000,1.491,data/all_pdb_1y/fed_split/client_2/mmcif_files/9awr.cif
9aws_A,duplicate_sequence,223,0.0000,0.0000,1.497,data/all_pdb_1y/fed_split/client_2/mmcif_files/9aws.cif
9awu_A,duplicate_sequence,223,0.0000,0.0000,1.482,data/all_pdb_1y/fed_split/client_2/mmcif_files/9awu.cif
9awv_A,duplicate_sequence,223,0.0000,0.0000,1.484,data/all_pdb_1y/fed_split/client_2/mmcif_files/9awv.cif
9awz_A,duplicate_sequence,223,0.0000,0.0000,1.488,data/all_pdb_1y/fed_split/client_2/mmcif_files/9awz.cif
9bd4_B,duplicate_sequence,242,0.0000,0.0000,1.3,data/all_pdb_1y/fed_split/client_2/mmcif_files/9bd4.cif
9bdo_B,duplicate_sequence,117,0.0000,0.0000,1.948,data/all_pdb_1y/fed_split/client_2/mmcif_files/9bdo.cif
9bdo_C,duplicate_sequence,117,0.0000,0.0000,1.948,data/all_pdb_1y/fed_split/client_2/mmcif_files/9bdo.cif
9blo_B,duplicate_sequence,156,0.0000,0.0000,1.35,data/all_pdb_1y/fed_split/client_2/mmcif_files/9blo.cif
9bot_A,duplicate_sequence,224,0.0000,0.0000,1.6,data/all_pdb_1y/fed_split/client_2/mmcif_files/9bot.cif
9br3_B,duplicate_sequence,221,0.0000,0.0000,1.9,data/all_pdb_1y/fed_split/client_2/mmcif_files/9br3.cif
9c9c_B,duplicate_sequence,211,0.0000,0.0000,1.66,data/all_pdb_1y/fed_split/client_2/mmcif_files/9c9c.cif
9c9h_A,duplicate_sequence,129,0.0000,0.0000,1.25,data/all_pdb_1y/fed_split/client_2/mmcif_files/9c9h.cif
9cr5_B,duplicate_sequence,174,0.0000,0.0000,1.56,data/all_pdb_1y/fed_split/client_2/mmcif_files/9cr5.cif
9cyn_B,duplicate_sequence,257,0.0000,0.0000,1.82,data/all_pdb_1y/fed_split/client_2/mmcif_files/9cyn.cif
9cyn_C,duplicate_sequence,257,0.0000,0.0000,1.82,data/all_pdb_1y/fed_split/client_2/mmcif_files/9cyn.cif
9d58_B,duplicate_sequence,248,0.0000,0.0000,1.94,data/all_pdb_1y/fed_split/client_2/mmcif_files/9d58.cif
9d58_C,duplicate_sequence,248,0.0000,0.0000,1.94,data/all_pdb_1y/fed_split/client_2/mmcif_files/9d58.cif
9d58_D,duplicate_sequence,248,0.0000,0.0000,1.94,data/all_pdb_1y/fed_split/client_2/mmcif_files/9d58.cif
9d8b_B,duplicate_sequence,261,0.0000,0.0000,1.82,data/all_pdb_1y/fed_split/client_2/mmcif_files/9d8b.cif
9d8b_C,duplicate_sequence,261,0.0000,0.0000,1.82,data/all_pdb_1y/fed_split/client_2/mmcif_files/9d8b.cif
9d8b_D,duplicate_sequence,261,0.0000,0.0000,1.82,data/all_pdb_1y/fed_split/client_2/mmcif_files/9d8b.cif
9dbv_A,duplicate_sequence,111,0.0000,0.0000,1.8,data/all_pdb_1y/fed_split/client_2/mmcif_files/9dbv.cif
9dcr_B,duplicate_sequence,233,0.0000,0.0000,1.85,data/all_pdb_1y/fed_split/client_2/mmcif_files/9dcr.cif
9de4_A,duplicate_sequence,111,0.0000,0.0000,2.0,data/all_pdb_1y/fed_split/client_2/mmcif_files/9de4.cif
9dn9_C,duplicate_sequence,192,0.0000,0.0000,1.8,data/all_pdb_1y/fed_split/client_2/mmcif_files/9dn9.cif
9dn9_D,duplicate_sequence,192,0.0000,0.0000,1.8,data/all_pdb_1y/fed_split/client_2/mmcif_files/9dn9.cif
9dn9_A,duplicate_sequence,192,0.0000,0.0000,1.8,data/all_pdb_1y/fed_split/client_2/mmcif_files/9dn9.cif
9dnc_B,duplicate_sequence,194,0.0000,0.0000,1.9,data/all_pdb_1y/fed_split/client_2/mmcif_files/9dnc.cif
9dqp_B,duplicate_sequence,253,0.0000,0.0000,1.95,data/all_pdb_1y/fed_split/client_2/mmcif_files/9dqp.cif
9dqr_A,duplicate_sequence,253,0.0000,0.0000,2.0,data/all_pdb_1y/fed_split/client_2/mmcif_files/9dqr.cif
9dqr_B,duplicate_sequence,253,0.0000,0.0000,2.0,data/all_pdb_1y/fed_split/client_2/mmcif_files/9dqr.cif
9dsf_B,duplicate_sequence,170,0.0000,0.0000,1.85,data/all_pdb_1y/fed_split/client_2/mmcif_files/9dsf.cif
9dsf_C,duplicate_sequence,170,0.0000,0.0000,1.85,data/all_pdb_1y/fed_split/client_2/mmcif_files/9dsf.cif
9dte_B,duplicate_sequence,65,0.0000,0.0000,1.49,data/all_pdb_1y/fed_split/client_2/mmcif_files/9dte.cif
9dti_A,duplicate_sequence,154,0.0000,0.0000,1.681,data/all_pdb_1y/fed_split/client_2/mmcif_files/9dti.cif
9e72_B,duplicate_sequence,259,0.0000,0.0000,1.81,data/all_pdb_1y/fed_split/client_2/mmcif_files/9e72.cif
9e79_B,duplicate_sequence,195,0.0000,0.0000,1.64,data/all_pdb_1y/fed_split/client_2/mmcif_files/9e79.cif
9e79_C,duplicate_sequence,195,0.0000,0.0000,1.64,data/all_pdb_1y/fed_split/client_2/mmcif_files/9e79.cif
9e9w_B,duplicate_sequence,299,0.0000,0.0000,1.48,data/all_pdb_1y/fed_split/client_2/mmcif_files/9e9w.cif
9edq_B,duplicate_sequence,297,0.0000,0.0000,1.63,data/all_pdb_1y/fed_split/client_2/mmcif_files/9edq.cif
9eoi_B,duplicate_sequence,209,0.0000,0.0000,1.77,data/all_pdb_1y/fed_split/client_2/mmcif_files/9eoi.cif
9evu_A,duplicate_sequence,129,0.0000,0.0000,1.4,data/all_pdb_1y/fed_split/client_2/mmcif_files/9evu.cif
9ewr_B,duplicate_sequence,269,0.0000,0.0000,1.17,data/all_pdb_1y/fed_split/client_2/mmcif_files/9ewr.cif
9f6b_B,duplicate_sequence,158,0.0000,0.0000,1.57,data/all_pdb_1y/fed_split/client_2/mmcif_files/9f6b.cif
9f9c_A,duplicate_sequence,231,0.0000,0.0000,2.0,data/all_pdb_1y/fed_split/client_2/mmcif_files/9f9c.cif
9f9d_A,duplicate_sequence,231,0.0000,0.0000,1.7,data/all_pdb_1y/fed_split/client_2/mmcif_files/9f9d.cif
9f9f_A,duplicate_sequence,231,0.0000,0.0000,1.8,data/all_pdb_1y/fed_split/client_2/mmcif_files/9f9f.cif
9f9h_A,duplicate_sequence,231,0.0000,0.0000,1.66,data/all_pdb_1y/fed_split/client_2/mmcif_files/9f9h.cif
9f9j_A,duplicate_sequence,231,0.0000,0.0000,1.76,data/all_pdb_1y/fed_split/client_2/mmcif_files/9f9j.cif
9fa5_A,duplicate_sequence,129,0.0000,0.0000,1.6,data/all_pdb_1y/fed_split/client_2/mmcif_files/9fa5.cif
9fbd_B,duplicate_sequence,290,0.0000,0.0000,1.8,data/all_pdb_1y/fed_split/client_2/mmcif_files/9fbd.cif
9fbd_C,duplicate_sequence,290,0.0000,0.0000,1.8,data/all_pdb_1y/fed_split/client_2/mmcif_files/9fbd.cif
9fbd_D,duplicate_sequence,290,0.0000,0.0000,1.8,data/all_pdb_1y/fed_split/client_2/mmcif_files/9fbd.cif
9fbd_E,duplicate_sequence,290,0.0000,0.0000,1.8,data/all_pdb_1y/fed_split/client_2/mmcif_files/9fbd.cif
9fbd_F,duplicate_sequence,290,0.0000,0.0000,1.8,data/all_pdb_1y/fed_split/client_2/mmcif_files/9fbd.cif
9fc3_A,duplicate_sequence,129,0.0000,0.0000,1.4,data/all_pdb_1y/fed_split/client_2/mmcif_files/9fc3.cif
9fc4_A,duplicate_sequence,129,0.0000,0.0000,1.4,data/all_pdb_1y/fed_split/client_2/mmcif_files/9fc4.cif
9fc5_A,duplicate_sequence,129,0.0000,0.0000,1.4,data/all_pdb_1y/fed_split/client_2/mmcif_files/9fc5.cif
9fc6_A,duplicate_sequence,129,0.0000,0.0000,1.4,data/all_pdb_1y/fed_split/client_2/mmcif_files/9fc6.cif
9fc7_A,duplicate_sequence,129,0.0000,0.0000,1.4,data/all_pdb_1y/fed_split/client_2/mmcif_files/9fc7.cif
9fc8_A,duplicate_sequence,129,0.0000,0.0000,1.4,data/all_pdb_1y/fed_split/client_2/mmcif_files/9fc8.cif
9fc9_A,duplicate_sequence,129,0.0000,0.0000,1.4,data/all_pdb_1y/fed_split/client_2/mmcif_files/9fc9.cif
9fca_A,duplicate_sequence,129,0.0000,0.0000,1.4,data/all_pdb_1y/fed_split/client_2/mmcif_files/9fca.cif
9fcb_A,duplicate_sequence,129,0.0000,0.0000,1.4,data/all_pdb_1y/fed_split/client_2/mmcif_files/9fcb.cif
9fcc_A,duplicate_sequence,129,0.0000,0.0000,1.4,data/all_pdb_1y/fed_split/client_2/mmcif_files/9fcc.cif
9feg_A,duplicate_sequence,200,0.0000,0.0000,1.75,data/all_pdb_1y/fed_split/client_2/mmcif_files/9feg.cif
9g0g_B,duplicate_sequence,155,0.0000,0.0000,1.7,data/all_pdb_1y/fed_split/client_2/mmcif_files/9g0g.cif
9g15_A,duplicate_sequence,220,0.0000,0.0000,2.0,data/all_pdb_1y/fed_split/client_2/mmcif_files/9g15.cif
9g16_A,duplicate_sequence,220,0.0000,0.0000,1.51,data/all_pdb_1y/fed_split/client_2/mmcif_files/9g16.cif
9g5h_B,duplicate_sequence,219,0.0000,0.0000,1.65,data/all_pdb_1y/fed_split/client_2/mmcif_files/9g5h.cif
9g6t_A,duplicate_sequence,219,0.0000,0.0000,1.56,data/all_pdb_1y/fed_split/client_2/mmcif_files/9g6t.cif
9g6t_B,duplicate_sequence,219,0.0000,0.0000,1.56,data/all_pdb_1y/fed_split/client_2/mmcif_files/9g6t.cif
9g6u_A,duplicate_sequence,219,0.0000,0.0000,1.64,data/all_pdb_1y/fed_split/client_2/mmcif_files/9g6u.cif
9g6u_B,duplicate_sequence,219,0.0000,0.0000,1.64,data/all_pdb_1y/fed_split/client_2/mmcif_files/9g6u.cif
9g6y_B,duplicate_sequence,219,0.0000,0.0000,1.9,data/all_pdb_1y/fed_split/client_2/mmcif_files/9g6y.cif
9gab_A,duplicate_sequence,131,0.0000,0.0000,1.65,data/all_pdb_1y/fed_split/client_2/mmcif_files/9gab.cif
9gab_B,duplicate_sequence,131,0.0000,0.0000,1.65,data/all_pdb_1y/fed_split/client_2/mmcif_files/9gab.cif
9gab_C,duplicate_sequence,131,0.0000,0.0000,1.65,data/all_pdb_1y/fed_split/client_2/mmcif_files/9gab.cif
9gab_E,duplicate_sequence,131,0.0000,0.0000,1.65,data/all_pdb_1y/fed_split/client_2/mmcif_files/9gab.cif
9gab_F,duplicate_sequence,131,0.0000,0.0000,1.65,data/all_pdb_1y/fed_split/client_2/mmcif_files/9gab.cif
9gad_B,duplicate_sequence,131,0.0000,0.0000,1.7,data/all_pdb_1y/fed_split/client_2/mmcif_files/9gad.cif
9gad_C,duplicate_sequence,131,0.0000,0.0000,1.7,data/all_pdb_1y/fed_split/client_2/mmcif_files/9gad.cif
9gad_D,duplicate_sequence,131,0.0000,0.0000,1.7,data/all_pdb_1y/fed_split/client_2/mmcif_files/9gad.cif
9gad_E,duplicate_sequence,131,0.0000,0.0000,1.7,data/all_pdb_1y/fed_split/client_2/mmcif_files/9gad.cif
9gad_F,duplicate_sequence,131,0.0000,0.0000,1.7,data/all_pdb_1y/fed_split/client_2/mmcif_files/9gad.cif
9gcb_C,duplicate_sequence,213,0.0000,0.0000,1.44,data/all_pdb_1y/fed_split/client_2/mmcif_files/9gcb.cif
9gi7_A,duplicate_sequence,129,0.0000,0.0000,1.76,data/all_pdb_1y/fed_split/client_2/mmcif_files/9gi7.cif
9gl5_B,duplicate_sequence,146,0.0000,0.0000,1.9,data/all_pdb_1y/fed_split/client_2/mmcif_files/9gl5.cif
9glg_B,duplicate_sequence,146,0.0000,0.0000,1.55,data/all_pdb_1y/fed_split/client_2/mmcif_files/9glg.cif
9gyh_B,duplicate_sequence,129,0.0078,0.0078,1.6,data/all_pdb_1y/fed_split/client_2/mmcif_files/9gyh.cif
9h05_A,duplicate_sequence,252,0.0000,0.0000,1.7,data/all_pdb_1y/fed_split/client_2/mmcif_files/9h05.cif
9h06_A,duplicate_sequence,252,0.0000,0.0000,1.86,data/all_pdb_1y/fed_split/client_2/mmcif_files/9h06.cif
9h1x_A,duplicate_sequence,249,0.0000,0.0000,1.85,data/all_pdb_1y/fed_split/client_2/mmcif_files/9h1x.cif
9h8e_A,duplicate_sequence,294,0.0000,0.0000,1.631,data/all_pdb_1y/fed_split/client_2/mmcif_files/9h8e.cif
9h8f_A,duplicate_sequence,294,0.0000,0.0000,1.393,data/all_pdb_1y/fed_split/client_2/mmcif_files/9h8f.cif
9hdb_A,duplicate_sequence,64,0.0000,0.0000,1.491,data/all_pdb_1y/fed_split/client_2/mmcif_files/9hdb.cif
9hdt_A,duplicate_sequence,258,0.0000,0.0000,1.3,data/all_pdb_1y/fed_split/client_2/mmcif_files/9hdt.cif
9hdv_A,duplicate_sequence,258,0.0000,0.0000,1.5,data/all_pdb_1y/fed_split/client_2/mmcif_files/9hdv.cif
9hdw_A,duplicate_sequence,258,0.0000,0.0000,0.83,data/all_pdb_1y/fed_split/client_2/mmcif_files/9hdw.cif
9hdx_A,duplicate_sequence,258,0.0000,0.0000,1.05,data/all_pdb_1y/fed_split/client_2/mmcif_files/9hdx.cif
9hdx_B,duplicate_sequence,258,0.0000,0.0000,1.05,data/all_pdb_1y/fed_split/client_2/mmcif_files/9hdx.cif
9hdy_A,duplicate_sequence,258,0.0000,0.0000,1.6,data/all_pdb_1y/fed_split/client_2/mmcif_files/9hdy.cif
9hdz_A,duplicate_sequence,258,0.0000,0.0000,1.79,data/all_pdb_1y/fed_split/client_2/mmcif_files/9hdz.cif
9hdz_B,duplicate_sequence,258,0.0000,0.0000,1.79,data/all_pdb_1y/fed_split/client_2/mmcif_files/9hdz.cif
9hil_B,duplicate_sequence,257,0.0000,0.0000,1.6,data/all_pdb_1y/fed_split/client_2/mmcif_files/9hil.cif
9hlk_AAA,duplicate_sequence,129,0.0000,0.0000,1.96,data/all_pdb_1y/fed_split/client_2/mmcif_files/9hlk.cif
9hmk_AAA,duplicate_sequence,129,0.0000,0.0000,1.48,data/all_pdb_1y/fed_split/client_2/mmcif_files/9hmk.cif
9hmu_B,duplicate_sequence,250,0.0000,0.0000,1.85,data/all_pdb_1y/fed_split/client_2/mmcif_files/9hmu.cif
9hmu_C,duplicate_sequence,250,0.0000,0.0000,1.85,data/all_pdb_1y/fed_split/client_2/mmcif_files/9hmu.cif
9ho8_B,duplicate_sequence,258,0.0000,0.0000,1.75,data/all_pdb_1y/fed_split/client_2/mmcif_files/9ho8.cif
9hob_A,duplicate_sequence,258,0.0000,0.0000,1.4,data/all_pdb_1y/fed_split/client_2/mmcif_files/9hob.cif
9hod_A,duplicate_sequence,258,0.0000,0.0000,1.0,data/all_pdb_1y/fed_split/client_2/mmcif_files/9hod.cif
9hof_A,duplicate_sequence,258,0.0000,0.0000,1.2,data/all_pdb_1y/fed_split/client_2/mmcif_files/9hof.cif
9hog_A,duplicate_sequence,258,0.0000,0.0000,1.1,data/all_pdb_1y/fed_split/client_2/mmcif_files/9hog.cif
9hoi_A,duplicate_sequence,258,0.0000,0.0000,1.3,data/all_pdb_1y/fed_split/client_2/mmcif_files/9hoi.cif
9hoj_B,duplicate_sequence,258,0.0000,0.0000,1.15,data/all_pdb_1y/fed_split/client_2/mmcif_files/9hoj.cif
9hok_A,duplicate_sequence,258,0.0000,0.0000,1.15,data/all_pdb_1y/fed_split/client_2/mmcif_files/9hok.cif
9hol_A,duplicate_sequence,258,0.0000,0.0000,1.2,data/all_pdb_1y/fed_split/client_2/mmcif_files/9hol.cif
9hol_B,duplicate_sequence,258,0.0000,0.0000,1.2,data/all_pdb_1y/fed_split/client_2/mmcif_files/9hol.cif
9hon_A,duplicate_sequence,258,0.0000,0.0000,1.5,data/all_pdb_1y/fed_split/client_2/mmcif_files/9hon.cif
9hon_B,duplicate_sequence,258,0.0000,0.0000,1.5,data/all_pdb_1y/fed_split/client_2/mmcif_files/9hon.cif
9hop_A,duplicate_sequence,258,0.0000,0.0000,1.4,data/all_pdb_1y/fed_split/client_2/mmcif_files/9hop.cif
9hoq_A,duplicate_sequence,258,0.0000,0.0000,0.93,data/all_pdb_1y/fed_split/client_2/mmcif_files/9hoq.cif
9hos_A,duplicate_sequence,258,0.0000,0.0000,1.1,data/all_pdb_1y/fed_split/client_2/mmcif_files/9hos.cif
9hot_A,duplicate_sequence,258,0.0000,0.0000,1.05,data/all_pdb_1y/fed_split/client_2/mmcif_files/9hot.cif
9hov_A,duplicate_sequence,258,0.0000,0.0000,0.92,data/all_pdb_1y/fed_split/client_2/mmcif_files/9hov.cif
9how_B,duplicate_sequence,258,0.0000,0.0000,1.6,data/all_pdb_1y/fed_split/client_2/mmcif_files/9how.cif
9hox_A,duplicate_sequence,258,0.0000,0.0000,2.0,data/all_pdb_1y/fed_split/client_2/mmcif_files/9hox.cif
9hox_B,duplicate_sequence,258,0.0000,0.0000,2.0,data/all_pdb_1y/fed_split/client_2/mmcif_files/9hox.cif
9hoz_B,duplicate_sequence,258,0.0000,0.0000,1.4,data/all_pdb_1y/fed_split/client_2/mmcif_files/9hoz.cif
9hp0_B,duplicate_sequence,258,0.0000,0.0000,1.44,data/all_pdb_1y/fed_split/client_2/mmcif_files/9hp0.cif
9hp3_A,duplicate_sequence,258,0.0000,0.0000,1.2,data/all_pdb_1y/fed_split/client_2/mmcif_files/9hp3.cif
9hp5_A,duplicate_sequence,258,0.0000,0.0000,1.0,data/all_pdb_1y/fed_split/client_2/mmcif_files/9hp5.cif
9hp6_A,duplicate_sequence,258,0.0000,0.0000,1.5,data/all_pdb_1y/fed_split/client_2/mmcif_files/9hp6.cif
9hp6_B,duplicate_sequence,258,0.0000,0.0000,1.5,data/all_pdb_1y/fed_split/client_2/mmcif_files/9hp6.cif
9hp7_B,duplicate_sequence,194,0.0000,0.0000,1.83,data/all_pdb_1y/fed_split/client_2/mmcif_files/9hp7.cif
9hps_B,duplicate_sequence,207,0.0000,0.0000,1.95,data/all_pdb_1y/fed_split/client_2/mmcif_files/9hps.cif
9hqf_B,duplicate_sequence,148,0.0000,0.0000,1.73,data/all_pdb_1y/fed_split/client_2/mmcif_files/9hqf.cif
9hqh_A,duplicate_sequence,148,0.0000,0.0000,1.988,data/all_pdb_1y/fed_split/client_2/mmcif_files/9hqh.cif
9hqh_B,duplicate_sequence,148,0.0000,0.0000,1.988,data/all_pdb_1y/fed_split/client_2/mmcif_files/9hqh.cif
9hr1_A,duplicate_sequence,194,0.0000,0.0000,2.0,data/all_pdb_1y/fed_split/client_2/mmcif_files/9hr1.cif
9hr1_B,duplicate_sequence,194,0.0000,0.0000,2.0,data/all_pdb_1y/fed_split/client_2/mmcif_files/9hr1.cif
9hrk_B,duplicate_sequence,144,0.0000,0.0000,1.33,data/all_pdb_1y/fed_split/client_2/mmcif_files/9hrk.cif
9hru_A,duplicate_sequence,129,0.0000,0.0000,1.88,data/all_pdb_1y/fed_split/client_2/mmcif_files/9hru.cif
9hru_B,duplicate_sequence,129,0.0000,0.0000,1.88,data/all_pdb_1y/fed_split/client_2/mmcif_files/9hru.cif
9hs4_A,duplicate_sequence,144,0.0000,0.0000,1.66,data/all_pdb_1y/fed_split/client_2/mmcif_files/9hs4.cif
9hs4_B,duplicate_sequence,144,0.0000,0.0000,1.66,data/all_pdb_1y/fed_split/client_2/mmcif_files/9hs4.cif
9hs6_A,duplicate_sequence,144,0.0000,0.0000,1.77,data/all_pdb_1y/fed_split/client_2/mmcif_files/9hs6.cif
9hs6_B,duplicate_sequence,144,0.0000,0.0000,1.77,data/all_pdb_1y/fed_split/client_2/mmcif_files/9hs6.cif
9hs9_A,duplicate_sequence,144,0.0000,0.0000,1.28,data/all_pdb_1y/fed_split/client_2/mmcif_files/9hs9.cif
9hs9_B,duplicate_sequence,144,0.0000,0.0000,1.28,data/all_pdb_1y/fed_split/client_2/mmcif_files/9hs9.cif
9ht0_A,duplicate_sequence,127,0.0000,0.0000,1.33,data/all_pdb_1y/fed_split/client_2/mmcif_files/9ht0.cif
9ht1_A,duplicate_sequence,127,0.0000,0.0000,1.94,data/all_pdb_1y/fed_split/client_2/mmcif_files/9ht1.cif
9ht1_B,duplicate_sequence,127,0.0000,0.0000,1.94,data/all_pdb_1y/fed_split/client_2/mmcif_files/9ht1.cif
9ht2_A,duplicate_sequence,127,0.0000,0.0000,1.42,data/all_pdb_1y/fed_split/client_2/mmcif_files/9ht2.cif
9hti_A,duplicate_sequence,129,0.0000,0.0000,1.17,data/all_pdb_1y/fed_split/client_2/mmcif_files/9hti.cif
9htj_A,duplicate_sequence,129,0.0000,0.0000,1.49,data/all_pdb_1y/fed_split/client_2/mmcif_files/9htj.cif
9hye_B,duplicate_sequence,154,0.0000,0.0000,1.64,data/all_pdb_1y/fed_split/client_2/mmcif_files/9hye.cif
9i08_B,duplicate_sequence,254,0.0000,0.0000,2.0,data/all_pdb_1y/fed_split/client_2/mmcif_files/9i08.cif
9i5m_B,duplicate_sequence,242,0.0000,0.0000,1.734,data/all_pdb_1y/fed_split/client_2/mmcif_files/9i5m.cif
9i6j_A,duplicate_sequence,129,0.0000,0.0000,1.7,data/all_pdb_1y/fed_split/client_2/mmcif_files/9i6j.cif
9i6k_A,duplicate_sequence,129,0.0000,0.0000,1.7,data/all_pdb_1y/fed_split/client_2/mmcif_files/9i6k.cif
9i6l_A,duplicate_sequence,129,0.0000,0.0000,1.7,data/all_pdb_1y/fed_split/client_2/mmcif_files/9i6l.cif
9i6m_A,duplicate_sequence,129,0.0000,0.0000,1.7,data/all_pdb_1y/fed_split/client_2/mmcif_files/9i6m.cif
9i6n_A,duplicate_sequence,129,0.0000,0.0000,1.7,data/all_pdb_1y/fed_split/client_2/mmcif_files/9i6n.cif
9i6o_A,duplicate_sequence,129,0.0000,0.0000,1.7,data/all_pdb_1y/fed_split/client_2/mmcif_files/9i6o.cif
9i6p_A,duplicate_sequence,129,0.0000,0.0000,1.7,data/all_pdb_1y/fed_split/client_2/mmcif_files/9i6p.cif
9i8l_A,duplicate_sequence,129,0.0000,0.0000,1.831,data/all_pdb_1y/fed_split/client_2/mmcif_files/9i8l.cif
9i9e_B,duplicate_sequence,159,0.0000,0.0000,1.7,data/all_pdb_1y/fed_split/client_2/mmcif_files/9i9e.cif
9i9e_C,duplicate_sequence,159,0.0000,0.0000,1.7,data/all_pdb_1y/fed_split/client_2/mmcif_files/9i9e.cif
9i9e_D,duplicate_sequence,159,0.0000,0.0000,1.7,data/all_pdb_1y/fed_split/client_2/mmcif_files/9i9e.cif
9ic9_A,duplicate_sequence,224,0.0000,0.0000,1.6,data/all_pdb_1y/fed_split/client_2/mmcif_files/9ic9.cif
9ifv_B,duplicate_sequence,221,0.0000,0.0000,1.431,data/all_pdb_1y/fed_split/client_2/mmcif_files/9ifv.cif
9ige_A,duplicate_sequence,159,0.0000,0.0000,1.8,data/all_pdb_1y/fed_split/client_2/mmcif_files/9ige.cif
9ige_B,duplicate_sequence,159,0.0000,0.0000,1.8,data/all_pdb_1y/fed_split/client_2/mmcif_files/9ige.cif
9igg_A,duplicate_sequence,159,0.0000,0.0000,1.5,data/all_pdb_1y/fed_split/client_2/mmcif_files/9igg.cif
9igg_B,duplicate_sequence,159,0.0000,0.0000,1.5,data/all_pdb_1y/fed_split/client_2/mmcif_files/9igg.cif
9igh_A,duplicate_sequence,159,0.0000,0.0000,1.95,data/all_pdb_1y/fed_split/client_2/mmcif_files/9igh.cif
9igh_B,duplicate_sequence,159,0.0000,0.0000,1.95,data/all_pdb_1y/fed_split/client_2/mmcif_files/9igh.cif
9iqw_B,duplicate_sequence,134,0.0000,0.0000,1.64,data/all_pdb_1y/fed_split/client_2/mmcif_files/9iqw.cif
9iqw_C,duplicate_sequence,134,0.0000,0.0000,1.64,data/all_pdb_1y/fed_split/client_2/mmcif_files/9iqw.cif
9iqw_E,duplicate_sequence,134,0.0000,0.0000,1.64,data/all_pdb_1y/fed_split/client_2/mmcif_files/9iqw.cif
9ir2_A,duplicate_sequence,238,0.0000,0.0000,1.31,data/all_pdb_1y/fed_split/client_2/mmcif_files/9ir2.cif
9iv5_A,duplicate_sequence,127,0.0000,0.0000,1.59,data/all_pdb_1y/fed_split/client_2/mmcif_files/9iv5.cif
9iw5_A,duplicate_sequence,111,0.0000,0.0000,1.14,data/all_pdb_1y/fed_split/client_2/mmcif_files/9iw5.cif
9iw6_A,duplicate_sequence,111,0.0000,0.0000,1.427,data/all_pdb_1y/fed_split/client_2/mmcif_files/9iw6.cif
9iw6_B,duplicate_sequence,111,0.0000,0.0000,1.427,data/all_pdb_1y/fed_split/client_2/mmcif_files/9iw6.cif
9iw8_A,duplicate_sequence,153,0.0000,0.0000,1.79,data/all_pdb_1y/fed_split/client_2/mmcif_files/9iw8.cif
9iw9_B,duplicate_sequence,254,0.0000,0.0000,1.75,data/all_pdb_1y/fed_split/client_2/mmcif_files/9iw9.cif
9iw9_C,duplicate_sequence,254,0.0000,0.0000,1.75,data/all_pdb_1y/fed_split/client_2/mmcif_files/9iw9.cif
9iw9_D,duplicate_sequence,254,0.0000,0.0000,1.75,data/all_pdb_1y/fed_split/client_2/mmcif_files/9iw9.cif
9j00_A,duplicate_sequence,111,0.0000,0.0000,1.828,data/all_pdb_1y/fed_split/client_2/mmcif_files/9j00.cif
9j00_B,duplicate_sequence,111,0.0000,0.0000,1.828,data/all_pdb_1y/fed_split/client_2/mmcif_files/9j00.cif
9j00_C,duplicate_sequence,111,0.0000,0.0000,1.828,data/all_pdb_1y/fed_split/client_2/mmcif_files/9j00.cif
9j01_A,duplicate_sequence,111,0.0000,0.0000,1.611,data/all_pdb_1y/fed_split/client_2/mmcif_files/9j01.cif
9jgt_A,duplicate_sequence,298,0.0000,0.0000,1.78,data/all_pdb_1y/fed_split/client_2/mmcif_files/9jgt.cif
9jgt_B,duplicate_sequence,298,0.0000,0.0000,1.78,data/all_pdb_1y/fed_split/client_2/mmcif_files/9jgt.cif
9jgu_B,duplicate_sequence,298,0.0000,0.0000,1.92,data/all_pdb_1y/fed_split/client_2/mmcif_files/9jgu.cif
9jgv_B,duplicate_sequence,299,0.0000,0.0000,1.76,data/all_pdb_1y/fed_split/client_2/mmcif_files/9jgv.cif
9jgw_B,duplicate_sequence,299,0.0000,0.0000,1.49,data/all_pdb_1y/fed_split/client_2/mmcif_files/9jgw.cif
9jit_B,duplicate_sequence,115,0.0000,0.0000,1.08,data/all_pdb_1y/fed_split/client_2/mmcif_files/9jit.cif
9jit_C,duplicate_sequence,115,0.0000,0.0000,1.08,data/all_pdb_1y/fed_split/client_2/mmcif_files/9jit.cif
9jiv_B,duplicate_sequence,115,0.0000,0.0000,1.25,data/all_pdb_1y/fed_split/client_2/mmcif_files/9jiv.cif
9jiv_C,duplicate_sequence,115,0.0000,0.0000,1.25,data/all_pdb_1y/fed_split/client_2/mmcif_files/9jiv.cif
9jiy_A,duplicate_sequence,115,0.0000,0.0000,1.2,data/all_pdb_1y/fed_split/client_2/mmcif_files/9jiy.cif
9jiy_B,duplicate_sequence,115,0.0000,0.0000,1.2,data/all_pdb_1y/fed_split/client_2/mmcif_files/9jiy.cif
9jiy_C,duplicate_sequence,115,0.0000,0.0000,1.2,data/all_pdb_1y/fed_split/client_2/mmcif_files/9jiy.cif
9jiz_A,duplicate_sequence,115,0.0000,0.0000,1.3,data/all_pdb_1y/fed_split/client_2/mmcif_files/9jiz.cif
9jiz_B,duplicate_sequence,115,0.0000,0.0000,1.3,data/all_pdb_1y/fed_split/client_2/mmcif_files/9jiz.cif
9jiz_C,duplicate_sequence,115,0.0000,0.0000,1.3,data/all_pdb_1y/fed_split/client_2/mmcif_files/9jiz.cif
9jj0_A,duplicate_sequence,115,0.0000,0.0000,1.25,data/all_pdb_1y/fed_split/client_2/mmcif_files/9jj0.cif
9jj0_B,duplicate_sequence,115,0.0000,0.0000,1.25,data/all_pdb_1y/fed_split/client_2/mmcif_files/9jj0.cif
9jj0_C,duplicate_sequence,115,0.0000,0.0000,1.25,data/all_pdb_1y/fed_split/client_2/mmcif_files/9jj0.cif
9jko_B,duplicate_sequence,98,0.0000,0.0000,1.63,data/all_pdb_1y/fed_split/client_2/mmcif_files/9jko.cif
9jqg_B,duplicate_sequence,269,0.0000,0.0000,1.5,data/all_pdb_1y/fed_split/client_2/mmcif_files/9jqg.cif
9jt3_B,duplicate_sequence,262,0.0000,0.0000,2.0,data/all_pdb_1y/fed_split/client_2/mmcif_files/9jt3.cif
9jtr_B,duplicate_sequence,243,0.0000,0.0000,1.73,data/all_pdb_1y/fed_split/client_2/mmcif_files/9jtr.cif
9k7i_B,duplicate_sequence,260,0.0000,0.0000,1.74,data/all_pdb_1y/fed_split/client_2/mmcif_files/9k7i.cif
9k7j_A,duplicate_sequence,260,0.0000,0.0000,1.9,data/all_pdb_1y/fed_split/client_2/mmcif_files/9k7j.cif
9k7j_B,duplicate_sequence,260,0.0000,0.0000,1.9,data/all_pdb_1y/fed_split/client_2/mmcif_files/9k7j.cif
9k7l_B,duplicate_sequence,260,0.0000,0.0000,1.59,data/all_pdb_1y/fed_split/client_2/mmcif_files/9k7l.cif
9kgy_B,duplicate_sequence,125,0.0000,0.0000,1.7,data/all_pdb_1y/fed_split/client_2/mmcif_files/9kgy.cif
9kgy_C,duplicate_sequence,125,0.0000,0.0000,1.7,data/all_pdb_1y/fed_split/client_2/mmcif_files/9kgy.cif
9kgy_D,duplicate_sequence,125,0.0000,0.0000,1.7,data/all_pdb_1y/fed_split/client_2/mmcif_files/9kgy.cif
9kh0_B,duplicate_sequence,300,0.0000,0.0000,1.76,data/all_pdb_1y/fed_split/client_2/mmcif_files/9kh0.cif
9kh1_B,duplicate_sequence,299,0.0000,0.0000,1.51,data/all_pdb_1y/fed_split/client_2/mmcif_files/9kh1.cif
9kh3_B,duplicate_sequence,299,0.0000,0.0000,1.49,data/all_pdb_1y/fed_split/client_2/mmcif_files/9kh3.cif
9kj7_A,duplicate_sequence,129,0.0000,0.0000,1.3,data/all_pdb_1y/fed_split/client_2/mmcif_files/9kj7.cif
9kjd_A,duplicate_sequence,252,0.0000,0.0000,1.7,data/all_pdb_1y/fed_split/client_2/mmcif_files/9kjd.cif
9kje_B,duplicate_sequence,252,0.0000,0.0000,1.4,data/all_pdb_1y/fed_split/client_2/mmcif_files/9kje.cif
9kje_A,duplicate_sequence,252,0.0000,0.0000,1.4,data/all_pdb_1y/fed_split/client_2/mmcif_files/9kje.cif
9kjf_A,duplicate_sequence,252,0.0000,0.0000,1.6,data/all_pdb_1y/fed_split/client_2/mmcif_files/9kjf.cif
9kjf_B,duplicate_sequence,252,0.0000,0.0000,1.6,data/all_pdb_1y/fed_split/client_2/mmcif_files/9kjf.cif
9kjg_A,duplicate_sequence,252,0.0000,0.0000,1.91,data/all_pdb_1y/fed_split/client_2/mmcif_files/9kjg.cif
9kjg_B,duplicate_sequence,252,0.0000,0.0000,1.91,data/all_pdb_1y/fed_split/client_2/mmcif_files/9kjg.cif
9kjh_A,duplicate_sequence,252,0.0000,0.0000,1.8,data/all_pdb_1y/fed_split/client_2/mmcif_files/9kjh.cif
9kjh_B,duplicate_sequence,252,0.0000,0.0000,1.8,data/all_pdb_1y/fed_split/client_2/mmcif_files/9kjh.cif
9kji_B,duplicate_sequence,252,0.0000,0.0000,1.7,data/all_pdb_1y/fed_split/client_2/mmcif_files/9kji.cif
9kji_A,duplicate_sequence,252,0.0000,0.0000,1.7,data/all_pdb_1y/fed_split/client_2/mmcif_files/9kji.cif
9kjk_B,duplicate_sequence,252,0.0000,0.0000,1.9,data/all_pdb_1y/fed_split/client_2/mmcif_files/9kjk.cif
9kjk_A,duplicate_sequence,252,0.0000,0.0000,1.9,data/all_pdb_1y/fed_split/client_2/mmcif_files/9kjk.cif
9kjl_B,duplicate_sequence,252,0.0000,0.0000,1.7,data/all_pdb_1y/fed_split/client_2/mmcif_files/9kjl.cif
9kjl_A,duplicate_sequence,252,0.0000,0.0000,1.7,data/all_pdb_1y/fed_split/client_2/mmcif_files/9kjl.cif
9kjm_A,duplicate_sequence,252,0.0000,0.0000,1.7,data/all_pdb_1y/fed_split/client_2/mmcif_files/9kjm.cif
9kjm_B,duplicate_sequence,252,0.0000,0.0000,1.7,data/all_pdb_1y/fed_split/client_2/mmcif_files/9kjm.cif
9kjn_A,duplicate_sequence,252,0.0000,0.0000,1.7,data/all_pdb_1y/fed_split/client_2/mmcif_files/9kjn.cif
9kjn_B,duplicate_sequence,252,0.0000,0.0000,1.7,data/all_pdb_1y/fed_split/client_2/mmcif_files/9kjn.cif
9kjo_A,duplicate_sequence,252,0.0000,0.0000,2.0,data/all_pdb_1y/fed_split/client_2/mmcif_files/9kjo.cif
9kjo_B,duplicate_sequence,252,0.0000,0.0000,2.0,data/all_pdb_1y/fed_split/client_2/mmcif_files/9kjo.cif
9kjp_A,duplicate_sequence,252,0.0000,0.0000,1.9,data/all_pdb_1y/fed_split/client_2/mmcif_files/9kjp.cif
9kjp_B,duplicate_sequence,252,0.0000,0.0000,1.9,data/all_pdb_1y/fed_split/client_2/mmcif_files/9kjp.cif
9kjq_A,duplicate_sequence,252,0.0000,0.0000,1.8,data/all_pdb_1y/fed_split/client_2/mmcif_files/9kjq.cif
9kjq_B,duplicate_sequence,252,0.0000,0.0000,1.8,data/all_pdb_1y/fed_split/client_2/mmcif_files/9kjq.cif
9kjs_A,duplicate_sequence,252,0.0000,0.0000,1.7,data/all_pdb_1y/fed_split/client_2/mmcif_files/9kjs.cif
9kjs_B,duplicate_sequence,252,0.0000,0.0000,1.7,data/all_pdb_1y/fed_split/client_2/mmcif_files/9kjs.cif
9kk5_A,duplicate_sequence,223,0.0000,0.0000,2.0,data/all_pdb_1y/fed_split/client_2/mmcif_files/9kk5.cif
9kme_B,duplicate_sequence,237,0.0000,0.0000,1.76,data/all_pdb_1y/fed_split/client_2/mmcif_files/9kme.cif
9kme_C,duplicate_sequence,237,0.0000,0.0000,1.76,data/all_pdb_1y/fed_split/client_2/mmcif_files/9kme.cif
9kme_D,duplicate_sequence,237,0.0000,0.0000,1.76,data/all_pdb_1y/fed_split/client_2/mmcif_files/9kme.cif
9kmf_B,duplicate_sequence,261,0.0000,0.0000,1.4,data/all_pdb_1y/fed_split/client_2/mmcif_files/9kmf.cif
9krc_B,duplicate_sequence,89,0.0000,0.0000,1.4,data/all_pdb_1y/fed_split/client_2/mmcif_files/9krc.cif
9krd_A,duplicate_sequence,89,0.0000,0.0000,1.7,data/all_pdb_1y/fed_split/client_2/mmcif_files/9krd.cif
9krd_B,duplicate_sequence,89,0.0000,0.0000,1.7,data/all_pdb_1y/fed_split/client_2/mmcif_files/9krd.cif
9krd_C,duplicate_sequence,89,0.0000,0.0000,1.7,data/all_pdb_1y/fed_split/client_2/mmcif_files/9krd.cif
9krd_D,duplicate_sequence,89,0.0000,0.0000,1.7,data/all_pdb_1y/fed_split/client_2/mmcif_files/9krd.cif
9krr_B,duplicate_sequence,87,0.0000,0.0000,1.93,data/all_pdb_1y/fed_split/client_2/mmcif_files/9krr.cif
9krr_C,duplicate_sequence,87,0.0000,0.0000,1.93,data/all_pdb_1y/fed_split/client_2/mmcif_files/9krr.cif
9krr_D,duplicate_sequence,87,0.0000,0.0000,1.93,data/all_pdb_1y/fed_split/client_2/mmcif_files/9krr.cif
9krr_E,duplicate_sequence,87,0.0000,0.0000,1.93,data/all_pdb_1y/fed_split/client_2/mmcif_files/9krr.cif
9krr_F,duplicate_sequence,87,0.0000,0.0000,1.93,data/all_pdb_1y/fed_split/client_2/mmcif_files/9krr.cif
9krr_G,duplicate_sequence,87,0.0000,0.0000,1.93,data/all_pdb_1y/fed_split/client_2/mmcif_files/9krr.cif
9krr_H,duplicate_sequence,87,0.0000,0.0000,1.93,data/all_pdb_1y/fed_split/client_2/mmcif_files/9krr.cif
9krr_I,duplicate_sequence,87,0.0000,0.0000,1.93,data/all_pdb_1y/fed_split/client_2/mmcif_files/9krr.cif
9krr_J,duplicate_sequence,87,0.0000,0.0000,1.93,data/all_pdb_1y/fed_split/client_2/mmcif_files/9krr.cif
9krr_K,duplicate_sequence,87,0.0000,0.0000,1.93,data/all_pdb_1y/fed_split/client_2/mmcif_files/9krr.cif
9krr_L,duplicate_sequence,87,0.0000,0.0000,1.93,data/all_pdb_1y/fed_split/client_2/mmcif_files/9krr.cif
9kup_B,duplicate_sequence,179,0.0000,0.0000,1.5,data/all_pdb_1y/fed_split/client_2/mmcif_files/9kup.cif
9kyf_B,duplicate_sequence,103,0.0000,0.0000,1.55,data/all_pdb_1y/fed_split/client_2/mmcif_files/9kyf.cif
9kyg_A,duplicate_sequence,103,0.0000,0.0000,1.47,data/all_pdb_1y/fed_split/client_2/mmcif_files/9kyg.cif
9kyg_B,duplicate_sequence,103,0.0000,0.0000,1.47,data/all_pdb_1y/fed_split/client_2/mmcif_files/9kyg.cif
9kyh_A,duplicate_sequence,103,0.0000,0.0000,1.54,data/all_pdb_1y/fed_split/client_2/mmcif_files/9kyh.cif
9kyh_B,duplicate_sequence,103,0.0000,0.0000,1.54,data/all_pdb_1y/fed_split/client_2/mmcif_files/9kyh.cif
9l11_B,duplicate_sequence,227,0.0000,0.0000,1.82,data/all_pdb_1y/fed_split/client_2/mmcif_files/9l11.cif
9l1k_B,duplicate_sequence,126,0.0000,0.0000,1.57,data/all_pdb_1y/fed_split/client_2/mmcif_files/9l1k.cif
9l1k_C,duplicate_sequence,126,0.0000,0.0000,1.57,data/all_pdb_1y/fed_split/client_2/mmcif_files/9l1k.cif
9l1k_D,duplicate_sequence,126,0.0000,0.0000,1.57,data/all_pdb_1y/fed_split/client_2/mmcif_files/9l1k.cif
9l5m_B,duplicate_sequence,180,0.0000,0.0000,2.0,data/all_pdb_1y/fed_split/client_2/mmcif_files/9l5m.cif
9l5m_C,duplicate_sequence,180,0.0000,0.0000,2.0,data/all_pdb_1y/fed_split/client_2/mmcif_files/9l5m.cif
9l71_A,duplicate_sequence,129,0.0000,0.0000,2.0,data/all_pdb_1y/fed_split/client_2/mmcif_files/9l71.cif
9l9r_A,duplicate_sequence,129,0.0000,0.0000,1.45,data/all_pdb_1y/fed_split/client_2/mmcif_files/9l9r.cif
9ld3_B,duplicate_sequence,180,0.0000,0.0000,1.82,data/all_pdb_1y/fed_split/client_2/mmcif_files/9ld3.cif
9lde_A,duplicate_sequence,180,0.0000,0.0000,1.97,data/all_pdb_1y/fed_split/client_2/mmcif_files/9lde.cif
9lde_B,duplicate_sequence,180,0.0000,0.0000,1.97,data/all_pdb_1y/fed_split/client_2/mmcif_files/9lde.cif
9ldi_A,duplicate_sequence,180,0.0000,0.0000,1.95,data/all_pdb_1y/fed_split/client_2/mmcif_files/9ldi.cif
9ldu_B,duplicate_sequence,299,0.0000,0.0000,1.94,data/all_pdb_1y/fed_split/client_2/mmcif_files/9ldu.cif
9lgs_B,duplicate_sequence,59,0.0000,0.0000,1.5,data/all_pdb_1y/fed_split/client_2/mmcif_files/9lgs.cif
9lgs_C,duplicate_sequence,59,0.0000,0.0000,1.5,data/all_pdb_1y/fed_split/client_2/mmcif_files/9lgs.cif
9lj7_B,duplicate_sequence,265,0.0000,0.0000,1.615,data/all_pdb_1y/fed_split/client_2/mmcif_files/9lj7.cif
9ll2_B,duplicate_sequence,110,0.0000,0.0000,1.64,data/all_pdb_1y/fed_split/client_2/mmcif_files/9ll2.cif
9ll4_A,duplicate_sequence,110,0.0000,0.0000,1.97,data/all_pdb_1y/fed_split/client_2/mmcif_files/9ll4.cif
9ll4_B,duplicate_sequence,110,0.0000,0.0000,1.97,data/all_pdb_1y/fed_split/client_2/mmcif_files/9ll4.cif
9ll5_A,duplicate_sequence,110,0.0000,0.0000,1.85,data/all_pdb_1y/fed_split/client_2/mmcif_files/9ll5.cif
9ll5_B,duplicate_sequence,110,0.0000,0.0000,1.85,data/all_pdb_1y/fed_split/client_2/mmcif_files/9ll5.cif
9ll5_C,duplicate_sequence,110,0.0000,0.0000,1.85,data/all_pdb_1y/fed_split/client_2/mmcif_files/9ll5.cif
9ll5_D,duplicate_sequence,110,0.0000,0.0000,1.85,data/all_pdb_1y/fed_split/client_2/mmcif_files/9ll5.cif
9ll5_E,duplicate_sequence,110,0.0000,0.0000,1.85,data/all_pdb_1y/fed_split/client_2/mmcif_files/9ll5.cif
9ll5_F,duplicate_sequence,110,0.0000,0.0000,1.85,data/all_pdb_1y/fed_split/client_2/mmcif_files/9ll5.cif
9ll5_G,duplicate_sequence,110,0.0000,0.0000,1.85,data/all_pdb_1y/fed_split/client_2/mmcif_files/9ll5.cif
9ll5_H,duplicate_sequence,110,0.0000,0.0000,1.85,data/all_pdb_1y/fed_split/client_2/mmcif_files/9ll5.cif
9lmk_A,duplicate_sequence,129,0.0000,0.0000,1.5,data/all_pdb_1y/fed_split/client_2/mmcif_files/9lmk.cif
9lml_A,duplicate_sequence,129,0.0000,0.0000,1.6,data/all_pdb_1y/fed_split/client_2/mmcif_files/9lml.cif
9lqb_A,duplicate_sequence,260,0.0000,0.0000,1.93,data/all_pdb_1y/fed_split/client_2/mmcif_files/9lqb.cif
9lqe_B,duplicate_sequence,125,0.0000,0.0000,1.94,data/all_pdb_1y/fed_split/client_2/mmcif_files/9lqe.cif
9lqe_C,duplicate_sequence,125,0.0000,0.0000,1.94,data/all_pdb_1y/fed_split/client_2/mmcif_files/9lqe.cif
9lqe_D,duplicate_sequence,125,0.0000,0.0000,1.94,data/all_pdb_1y/fed_split/client_2/mmcif_files/9lqe.cif
9lqe_E,duplicate_sequence,125,0.0000,0.0000,1.94,data/all_pdb_1y/fed_split/client_2/mmcif_files/9lqe.cif
9lqe_F,duplicate_sequence,125,0.0000,0.0000,1.94,data/all_pdb_1y/fed_split/client_2/mmcif_files/9lqe.cif
9lqe_G,duplicate_sequence,125,0.0000,0.0000,1.94,data/all_pdb_1y/fed_split/client_2/mmcif_files/9lqe.cif
9lqe_H,duplicate_sequence,125,0.0000,0.0000,1.94,data/all_pdb_1y/fed_split/client_2/mmcif_files/9lqe.cif
9lqe_I,duplicate_sequence,125,0.0000,0.0000,1.94,data/all_pdb_1y/fed_split/client_2/mmcif_files/9lqe.cif
9lqe_J,duplicate_sequence,125,0.0000,0.0000,1.94,data/all_pdb_1y/fed_split/client_2/mmcif_files/9lqe.cif
9lqe_K,duplicate_sequence,125,0.0000,0.0000,1.94,data/all_pdb_1y/fed_split/client_2/mmcif_files/9lqe.cif
9lqe_L,duplicate_sequence,125,0.0000,0.0000,1.94,data/all_pdb_1y/fed_split/client_2/mmcif_files/9lqe.cif
9lqf_A,duplicate_sequence,125,0.0000,0.0000,1.59,data/all_pdb_1y/fed_split/client_2/mmcif_files/9lqf.cif
9lqf_D,duplicate_sequence,125,0.0000,0.0000,1.59,data/all_pdb_1y/fed_split/client_2/mmcif_files/9lqf.cif
9lqf_E,duplicate_sequence,125,0.0000,0.0000,1.59,data/all_pdb_1y/fed_split/client_2/mmcif_files/9lqf.cif
9lqf_B,duplicate_sequence,125,0.0000,0.0000,1.59,data/all_pdb_1y/fed_split/client_2/mmcif_files/9lqf.cif
9lqf_C,duplicate_sequence,125,0.0000,0.0000,1.59,data/all_pdb_1y/fed_split/client_2/mmcif_files/9lqf.cif
9lqf_F,duplicate_sequence,125,0.0000,0.0000,1.59,data/all_pdb_1y/fed_split/client_2/mmcif_files/9lqf.cif
9lqf_G,duplicate_sequence,125,0.0000,0.0000,1.59,data/all_pdb_1y/fed_split/client_2/mmcif_files/9lqf.cif
9lqf_H,duplicate_sequence,125,0.0000,0.0000,1.59,data/all_pdb_1y/fed_split/client_2/mmcif_files/9lqf.cif
9lqf_I,duplicate_sequence,125,0.0000,0.0000,1.59,data/all_pdb_1y/fed_split/client_2/mmcif_files/9lqf.cif
9lqf_J,duplicate_sequence,125,0.0000,0.0000,1.59,data/all_pdb_1y/fed_split/client_2/mmcif_files/9lqf.cif
9lqf_K,duplicate_sequence,125,0.0000,0.0000,1.59,data/all_pdb_1y/fed_split/client_2/mmcif_files/9lqf.cif
9lqf_L,duplicate_sequence,125,0.0000,0.0000,1.59,data/all_pdb_1y/fed_split/client_2/mmcif_files/9lqf.cif
9lqg_A,duplicate_sequence,125,0.0000,0.0000,1.28,data/all_pdb_1y/fed_split/client_2/mmcif_files/9lqg.cif
9lqg_B,duplicate_sequence,125,0.0000,0.0000,1.28,data/all_pdb_1y/fed_split/client_2/mmcif_files/9lqg.cif
9lqg_C,duplicate_sequence,125,0.0000,0.0000,1.28,data/all_pdb_1y/fed_split/client_2/mmcif_files/9lqg.cif
9lqh_A,duplicate_sequence,125,0.0000,0.0000,1.47,data/all_pdb_1y/fed_split/client_2/mmcif_files/9lqh.cif
9lqh_B,duplicate_sequence,125,0.0000,0.0000,1.47,data/all_pdb_1y/fed_split/client_2/mmcif_files/9lqh.cif
9lqh_C,duplicate_sequence,125,0.0000,0.0000,1.47,data/all_pdb_1y/fed_split/client_2/mmcif_files/9lqh.cif
9lx2_B,duplicate_sequence,71,0.0000,0.0000,1.94,data/all_pdb_1y/fed_split/client_2/mmcif_files/9lx2.cif
9lx2_C,duplicate_sequence,71,0.0000,0.0000,1.94,data/all_pdb_1y/fed_split/client_2/mmcif_files/9lx2.cif
9lx2_D,duplicate_sequence,71,0.0000,0.0000,1.94,data/all_pdb_1y/fed_split/client_2/mmcif_files/9lx2.cif
9lzp_B,duplicate_sequence,296,0.0000,0.0000,1.97,data/all_pdb_1y/fed_split/client_2/mmcif_files/9lzp.cif
9m2z_A,duplicate_sequence,157,0.0000,0.0000,1.72,data/all_pdb_1y/fed_split/client_2/mmcif_files/9m2z.cif
9m6r_B,duplicate_sequence,299,0.0000,0.0000,1.94,data/all_pdb_1y/fed_split/client_2/mmcif_files/9m6r.cif
9m6t_B,duplicate_sequence,297,0.0000,0.0000,1.98,data/all_pdb_1y/fed_split/client_2/mmcif_files/9m6t.cif
9m6u_A,duplicate_sequence,299,0.0000,0.0000,1.95,data/all_pdb_1y/fed_split/client_2/mmcif_files/9m6u.cif
9m6u_B,duplicate_sequence,299,0.0000,0.0000,1.95,data/all_pdb_1y/fed_split/client_2/mmcif_files/9m6u.cif
9m6v_A,duplicate_sequence,299,0.0000,0.0000,1.97,data/all_pdb_1y/fed_split/client_2/mmcif_files/9m6v.cif
9m6v_B,duplicate_sequence,299,0.0000,0.0000,1.97,data/all_pdb_1y/fed_split/client_2/mmcif_files/9m6v.cif
9mbv_B,duplicate_sequence,299,0.0000,0.0000,1.94,data/all_pdb_1y/fed_split/client_2/mmcif_files/9mbv.cif
9mci_A,duplicate_sequence,299,0.0000,0.0000,1.74,data/all_pdb_1y/fed_split/client_2/mmcif_files/9mci.cif
9mci_B,duplicate_sequence,299,0.0000,0.0000,1.74,data/all_pdb_1y/fed_split/client_2/mmcif_files/9mci.cif
9mcj_A,duplicate_sequence,299,0.0000,0.0000,1.74,data/all_pdb_1y/fed_split/client_2/mmcif_files/9mcj.cif
9mcj_B,duplicate_sequence,299,0.0000,0.0000,1.74,data/all_pdb_1y/fed_split/client_2/mmcif_files/9mcj.cif
9mpn_B,duplicate_sequence,128,0.0000,0.0000,1.6,data/all_pdb_1y/fed_split/client_2/mmcif_files/9mpn.cif
9mpn_C,duplicate_sequence,128,0.0000,0.0000,1.6,data/all_pdb_1y/fed_split/client_2/mmcif_files/9mpn.cif
9mpn_D,duplicate_sequence,128,0.0000,0.0000,1.6,data/all_pdb_1y/fed_split/client_2/mmcif_files/9mpn.cif
9mw2_B,duplicate_sequence,143,0.0000,0.0000,1.75,data/all_pdb_1y/fed_split/client_2/mmcif_files/9mw2.cif
9mw3_A,duplicate_sequence,143,0.0000,0.0000,1.93,data/all_pdb_1y/fed_split/client_2/mmcif_files/9mw3.cif
9mw3_B,duplicate_sequence,143,0.0000,0.0000,1.93,data/all_pdb_1y/fed_split/client_2/mmcif_files/9mw3.cif
9mxn_B,duplicate_sequence,231,0.0000,0.0000,0.89,data/all_pdb_1y/fed_split/client_2/mmcif_files/9mxn.cif
9mxp_B,duplicate_sequence,231,0.0000,0.0000,1.2,data/all_pdb_1y/fed_split/client_2/mmcif_files/9mxp.cif
9mxy_A,duplicate_sequence,231,0.0000,0.0000,1.15,data/all_pdb_1y/fed_split/client_2/mmcif_files/9mxy.cif
9mxy_B,duplicate_sequence,231,0.0000,0.0000,1.15,data/all_pdb_1y/fed_split/client_2/mmcif_files/9mxy.cif
9n23_B,duplicate_sequence,95,0.0000,0.0000,1.8,data/all_pdb_1y/fed_split/client_2/mmcif_files/9n23.cif
9n80_B,duplicate_sequence,153,0.0000,0.0000,1.39,data/all_pdb_1y/fed_split/client_2/mmcif_files/9n80.cif
9ndu_B,duplicate_sequence,270,0.0000,0.0000,1.98,data/all_pdb_1y/fed_split/client_2/mmcif_files/9ndu.cif
9nf1_B,duplicate_sequence,164,0.0000,0.0000,1.6,data/all_pdb_1y/fed_split/client_2/mmcif_files/9nf1.cif
9nf1_C,duplicate_sequence,164,0.0000,0.0000,1.6,data/all_pdb_1y/fed_split/client_2/mmcif_files/9nf1.cif
9nff_C,duplicate_sequence,164,0.0000,0.0000,2.0,data/all_pdb_1y/fed_split/client_2/mmcif_files/9nff.cif
9nff_A,duplicate_sequence,164,0.0000,0.0000,2.0,data/all_pdb_1y/fed_split/client_2/mmcif_files/9nff.cif
9nfh_A,duplicate_sequence,164,0.0000,0.0000,1.32,data/all_pdb_1y/fed_split/client_2/mmcif_files/9nfh.cif
9ng7_B,duplicate_sequence,164,0.0000,0.0000,1.8,data/all_pdb_1y/fed_split/client_2/mmcif_files/9ng7.cif
9ng7_C,duplicate_sequence,164,0.0000,0.0000,1.8,data/all_pdb_1y/fed_split/client_2/mmcif_files/9ng7.cif
9ngl_B,duplicate_sequence,164,0.0000,0.0000,1.8,data/all_pdb_1y/fed_split/client_2/mmcif_files/9ngl.cif
9ngl_C,duplicate_sequence,164,0.0000,0.0000,1.8,data/all_pdb_1y/fed_split/client_2/mmcif_files/9ngl.cif
9nt1_B,duplicate_sequence,118,0.0000,0.0000,1.5,data/all_pdb_1y/fed_split/client_2/mmcif_files/9nt1.cif
9nt1_C,duplicate_sequence,118,0.0000,0.0000,1.5,data/all_pdb_1y/fed_split/client_2/mmcif_files/9nt1.cif
9nxt_B,duplicate_sequence,205,0.0000,0.0000,1.5,data/all_pdb_1y/fed_split/client_2/mmcif_files/9nxt.cif
9nxt_C,duplicate_sequence,205,0.0000,0.0000,1.5,data/all_pdb_1y/fed_split/client_2/mmcif_files/9nxt.cif
9nxt_D,duplicate_sequence,205,0.0000,0.0000,1.5,data/all_pdb_1y/fed_split/client_2/mmcif_files/9nxt.cif
9nxu_B,duplicate_sequence,216,0.0000,0.0000,1.3,data/all_pdb_1y/fed_split/client_2/mmcif_files/9nxu.cif
9nxv_B,duplicate_sequence,204,0.0000,0.0000,1.35,data/all_pdb_1y/fed_split/client_2/mmcif_files/9nxv.cif
9nxw_B,duplicate_sequence,216,0.0000,0.0000,1.33,data/all_pdb_1y/fed_split/client_2/mmcif_files/9nxw.cif
9o0k_B,duplicate_sequence,180,0.0000,0.0000,1.629,data/all_pdb_1y/fed_split/client_2/mmcif_files/9o0k.cif
9o0w_B,duplicate_sequence,234,0.0000,0.0000,1.43,data/all_pdb_1y/fed_split/client_2/mmcif_files/9o0w.cif
9o0w_C,duplicate_sequence,234,0.0000,0.0000,1.43,data/all_pdb_1y/fed_split/client_2/mmcif_files/9o0w.cif
9o0x_A,duplicate_sequence,234,0.0000,0.0000,1.68,data/all_pdb_1y/fed_split/client_2/mmcif_files/9o0x.cif
9o0x_B,duplicate_sequence,234,0.0000,0.0000,1.68,data/all_pdb_1y/fed_split/client_2/mmcif_files/9o0x.cif
9o0x_C,duplicate_sequence,234,0.0000,0.0000,1.68,data/all_pdb_1y/fed_split/client_2/mmcif_files/9o0x.cif
9o0y_A,duplicate_sequence,234,0.0000,0.0000,1.5,data/all_pdb_1y/fed_split/client_2/mmcif_files/9o0y.cif
9o0y_B,duplicate_sequence,234,0.0000,0.0000,1.5,data/all_pdb_1y/fed_split/client_2/mmcif_files/9o0y.cif
9o0y_C,duplicate_sequence,234,0.0000,0.0000,1.5,data/all_pdb_1y/fed_split/client_2/mmcif_files/9o0y.cif
9o8y_A,duplicate_sequence,278,0.0000,0.0000,1.45,data/all_pdb_1y/fed_split/client_2/mmcif_files/9o8y.cif
9o8y_B,duplicate_sequence,278,0.0000,0.0000,1.45,data/all_pdb_1y/fed_split/client_2/mmcif_files/9o8y.cif
9o8y_C,duplicate_sequence,278,0.0000,0.0000,1.45,data/all_pdb_1y/fed_split/client_2/mmcif_files/9o8y.cif
9o9w_B,duplicate_sequence,269,0.0000,0.0000,1.76,data/all_pdb_1y/fed_split/client_2/mmcif_files/9o9w.cif
9of6_A,duplicate_sequence,127,0.0000,0.0000,1.86,data/all_pdb_1y/fed_split/client_2/mmcif_files/9of6.cif
9of6_B,duplicate_sequence,127,0.0000,0.0000,1.86,data/all_pdb_1y/fed_split/client_2/mmcif_files/9of6.cif
9of7_B,duplicate_sequence,127,0.0000,0.0000,1.99,data/all_pdb_1y/fed_split/client_2/mmcif_files/9of7.cif
9of8_B,duplicate_sequence,127,0.0000,0.0000,1.54,data/all_pdb_1y/fed_split/client_2/mmcif_files/9of8.cif
9olu_A,duplicate_sequence,297,0.0000,0.0000,1.55,data/all_pdb_1y/fed_split/client_2/mmcif_files/9olu.cif
9olu_B,duplicate_sequence,297,0.0000,0.0000,1.55,data/all_pdb_1y/fed_split/client_2/mmcif_files/9olu.cif
9orv_A,duplicate_sequence,129,0.0000,0.0000,1.6,data/all_pdb_1y/fed_split/client_2/mmcif_files/9orv.cif
9orw_A,duplicate_sequence,129,0.0000,0.0000,1.5,data/all_pdb_1y/fed_split/client_2/mmcif_files/9orw.cif
9orx_A,duplicate_sequence,129,0.0000,0.0000,1.5,data/all_pdb_1y/fed_split/client_2/mmcif_files/9orx.cif
9ory_A,duplicate_sequence,129,0.0000,0.0000,1.4,data/all_pdb_1y/fed_split/client_2/mmcif_files/9ory.cif
9otv_B,duplicate_sequence,211,0.0000,0.0000,1.9,data/all_pdb_1y/fed_split/client_2/mmcif_files/9otv.cif
9ovf_B,duplicate_sequence,45,0.0000,0.0000,1.45,data/all_pdb_1y/fed_split/client_2/mmcif_files/9ovf.cif
9ovf_C,duplicate_sequence,45,0.0000,0.0000,1.45,data/all_pdb_1y/fed_split/client_2/mmcif_files/9ovf.cif
9ovf_D,duplicate_sequence,45,0.0000,0.0000,1.45,data/all_pdb_1y/fed_split/client_2/mmcif_files/9ovf.cif
9ovf_E,duplicate_sequence,45,0.0000,0.0000,1.45,data/all_pdb_1y/fed_split/client_2/mmcif_files/9ovf.cif
9ovf_F,duplicate_sequence,45,0.0000,0.0000,1.45,data/all_pdb_1y/fed_split/client_2/mmcif_files/9ovf.cif
9ovf_G,duplicate_sequence,45,0.0000,0.0000,1.45,data/all_pdb_1y/fed_split/client_2/mmcif_files/9ovf.cif
9ovf_H,duplicate_sequence,45,0.0000,0.0000,1.45,data/all_pdb_1y/fed_split/client_2/mmcif_files/9ovf.cif
9ovf_I,duplicate_sequence,45,0.0000,0.0000,1.45,data/all_pdb_1y/fed_split/client_2/mmcif_files/9ovf.cif
9ovf_J,duplicate_sequence,45,0.0000,0.0000,1.45,data/all_pdb_1y/fed_split/client_2/mmcif_files/9ovf.cif
9oz5_A,duplicate_sequence,129,0.0000,0.0000,1.3,data/all_pdb_1y/fed_split/client_2/mmcif_files/9oz5.cif
9p0y_A,duplicate_sequence,129,0.0000,0.0000,1.499,data/all_pdb_1y/fed_split/client_2/mmcif_files/9p0y.cif
9p0z_A,duplicate_sequence,129,0.0000,0.0000,1.499,data/all_pdb_1y/fed_split/client_2/mmcif_files/9p0z.cif
9p10_A,duplicate_sequence,129,0.0000,0.0000,1.496,data/all_pdb_1y/fed_split/client_2/mmcif_files/9p10.cif
9p12_A,duplicate_sequence,129,0.0000,0.0000,1.57,data/all_pdb_1y/fed_split/client_2/mmcif_files/9p12.cif
9p13_A,duplicate_sequence,129,0.0000,0.0000,1.73,data/all_pdb_1y/fed_split/client_2/mmcif_files/9p13.cif
9p1f_A,duplicate_sequence,154,0.0000,0.0000,1.1,data/all_pdb_1y/fed_split/client_2/mmcif_files/9p1f.cif
9p1w_A,duplicate_sequence,129,0.0000,0.0000,1.497,data/all_pdb_1y/fed_split/client_2/mmcif_files/9p1w.cif
9p33_A,duplicate_sequence,127,0.0000,0.0000,1.01,data/all_pdb_1y/fed_split/client_2/mmcif_files/9p33.cif
9p50_B,duplicate_sequence,233,0.0000,0.0000,2.0,data/all_pdb_1y/fed_split/client_2/mmcif_files/9p50.cif
9p5q_A,duplicate_sequence,129,0.0000,0.0000,1.499,data/all_pdb_1y/fed_split/client_2/mmcif_files/9p5q.cif
9p5r_A,duplicate_sequence,129,0.0000,0.0000,1.5,data/all_pdb_1y/fed_split/client_2/mmcif_files/9p5r.cif
9p5s_A,duplicate_sequence,129,0.0000,0.0000,1.499,data/all_pdb_1y/fed_split/client_2/mmcif_files/9p5s.cif
9p5t_A,duplicate_sequence,129,0.0000,0.0000,1.499,data/all_pdb_1y/fed_split/client_2/mmcif_files/9p5t.cif
9p5u_A,duplicate_sequence,129,0.0000,0.0000,1.499,data/all_pdb_1y/fed_split/client_2/mmcif_files/9p5u.cif
9p5v_A,duplicate_sequence,129,0.0000,0.0000,1.5,data/all_pdb_1y/fed_split/client_2/mmcif_files/9p5v.cif
9p5w_A,duplicate_sequence,129,0.0000,0.0000,1.499,data/all_pdb_1y/fed_split/client_2/mmcif_files/9p5w.cif
9p5x_A,duplicate_sequence,129,0.0000,0.0000,1.498,data/all_pdb_1y/fed_split/client_2/mmcif_files/9p5x.cif
9p5y_A,duplicate_sequence,129,0.0000,0.0000,1.497,data/all_pdb_1y/fed_split/client_2/mmcif_files/9p5y.cif
9p5z_A,duplicate_sequence,129,0.0000,0.0000,1.497,data/all_pdb_1y/fed_split/client_2/mmcif_files/9p5z.cif
9p60_A,duplicate_sequence,129,0.0000,0.0000,1.499,data/all_pdb_1y/fed_split/client_2/mmcif_files/9p60.cif
9p61_A,duplicate_sequence,129,0.0000,0.0000,1.497,data/all_pdb_1y/fed_split/client_2/mmcif_files/9p61.cif
9p62_A,duplicate_sequence,129,0.0000,0.0000,1.499,data/all_pdb_1y/fed_split/client_2/mmcif_files/9p62.cif
9p63_A,duplicate_sequence,129,0.0000,0.0000,1.479,data/all_pdb_1y/fed_split/client_2/mmcif_files/9p63.cif
9p64_A,duplicate_sequence,129,0.0000,0.0000,1.468,data/all_pdb_1y/fed_split/client_2/mmcif_files/9p64.cif
9p65_A,duplicate_sequence,129,0.0000,0.0000,1.472,data/all_pdb_1y/fed_split/client_2/mmcif_files/9p65.cif
9p66_A,duplicate_sequence,129,0.0000,0.0000,1.499,data/all_pdb_1y/fed_split/client_2/mmcif_files/9p66.cif
9p67_A,duplicate_sequence,129,0.0000,0.0000,1.5,data/all_pdb_1y/fed_split/client_2/mmcif_files/9p67.cif
9p68_A,duplicate_sequence,129,0.0000,0.0000,1.499,data/all_pdb_1y/fed_split/client_2/mmcif_files/9p68.cif
9p69_A,duplicate_sequence,129,0.0000,0.0000,1.497,data/all_pdb_1y/fed_split/client_2/mmcif_files/9p69.cif
9p7b_A,duplicate_sequence,246,0.0000,0.0000,1.5,data/all_pdb_1y/fed_split/client_2/mmcif_files/9p7b.cif
9pd9_A,duplicate_sequence,231,0.0000,0.0000,1.28,data/all_pdb_1y/fed_split/client_2/mmcif_files/9pd9.cif
9pda_A,duplicate_sequence,231,0.0000,0.0000,1.18,data/all_pdb_1y/fed_split/client_2/mmcif_files/9pda.cif
9pda_B,duplicate_sequence,231,0.0000,0.0000,1.18,data/all_pdb_1y/fed_split/client_2/mmcif_files/9pda.cif
9pda_C,duplicate_sequence,231,0.0000,0.0000,1.18,data/all_pdb_1y/fed_split/client_2/mmcif_files/9pda.cif
9pda_D,duplicate_sequence,231,0.0000,0.0000,1.18,data/all_pdb_1y/fed_split/client_2/mmcif_files/9pda.cif
9pdc_A,duplicate_sequence,231,0.0000,0.0000,1.27,data/all_pdb_1y/fed_split/client_2/mmcif_files/9pdc.cif
9pfl_B,duplicate_sequence,255,0.0000,0.0000,1.65,data/all_pdb_1y/fed_split/client_2/mmcif_files/9pfl.cif
9ps9_A,duplicate_sequence,261,0.0000,0.0000,1.85,data/all_pdb_1y/fed_split/client_2/mmcif_files/9ps9.cif
9ps9_B,duplicate_sequence,261,0.0000,0.0000,1.85,data/all_pdb_1y/fed_split/client_2/mmcif_files/9ps9.cif
9ps9_C,duplicate_sequence,261,0.0000,0.0000,1.85,data/all_pdb_1y/fed_split/client_2/mmcif_files/9ps9.cif
9ps9_D,duplicate_sequence,261,0.0000,0.0000,1.85,data/all_pdb_1y/fed_split/client_2/mmcif_files/9ps9.cif
9psd_A,duplicate_sequence,261,0.0000,0.0000,2.0,data/all_pdb_1y/fed_split/client_2/mmcif_files/9psd.cif
9psd_B,duplicate_sequence,261,0.0000,0.0000,2.0,data/all_pdb_1y/fed_split/client_2/mmcif_files/9psd.cif
9psd_C,duplicate_sequence,261,0.0000,0.0000,2.0,data/all_pdb_1y/fed_split/client_2/mmcif_files/9psd.cif
9psd_D,duplicate_sequence,261,0.0000,0.0000,2.0,data/all_pdb_1y/fed_split/client_2/mmcif_files/9psd.cif
9q8e_A,duplicate_sequence,182,0.0000,0.0000,1.8,data/all_pdb_1y/fed_split/client_2/mmcif_files/9q8e.cif
9q8e_B,duplicate_sequence,182,0.0000,0.0000,1.8,data/all_pdb_1y/fed_split/client_2/mmcif_files/9q8e.cif
9qdo_B,duplicate_sequence,100,0.0000,0.0000,1.4,data/all_pdb_1y/fed_split/client_2/mmcif_files/9qdo.cif
9qdv_B,duplicate_sequence,267,0.0000,0.0000,0.89,data/all_pdb_1y/fed_split/client_2/mmcif_files/9qdv.cif
9qfu_B,duplicate_sequence,243,0.0000,0.0000,1.983,data/all_pdb_1y/fed_split/client_2/mmcif_files/9qfu.cif
9qfu_C,duplicate_sequence,243,0.0000,0.0000,1.983,data/all_pdb_1y/fed_split/client_2/mmcif_files/9qfu.cif
9qfu_D,duplicate_sequence,243,0.0000,0.0000,1.983,data/all_pdb_1y/fed_split/client_2/mmcif_files/9qfu.cif
9qix_B,duplicate_sequence,139,0.0000,0.0000,1.66,data/all_pdb_1y/fed_split/client_2/mmcif_files/9qix.cif
9qjg_B,duplicate_sequence,173,0.0000,0.0000,1.6,data/all_pdb_1y/fed_split/client_2/mmcif_files/9qjg.cif
9ql9_A,duplicate_sequence,173,0.0000,0.0000,1.5,data/all_pdb_1y/fed_split/client_2/mmcif_files/9ql9.cif
9ql9_B,duplicate_sequence,173,0.0000,0.0000,1.5,data/all_pdb_1y/fed_split/client_2/mmcif_files/9ql9.cif
9qnm_B,duplicate_sequence,267,0.0000,0.0000,1.12,data/all_pdb_1y/fed_split/client_2/mmcif_files/9qnm.cif
9qnv_A,duplicate_sequence,127,0.0000,0.0000,1.226,data/all_pdb_1y/fed_split/client_2/mmcif_files/9qnv.cif
9qsq_A,duplicate_sequence,129,0.0000,0.0000,1.87,data/all_pdb_1y/fed_split/client_2/mmcif_files/9qsq.cif
9qt6_A,duplicate_sequence,294,0.0000,0.0000,1.76,data/all_pdb_1y/fed_split/client_2/mmcif_files/9qt6.cif
9qt8_B,duplicate_sequence,267,0.0000,0.0000,1.21,data/all_pdb_1y/fed_split/client_2/mmcif_files/9qt8.cif
9qth_B,duplicate_sequence,204,0.0000,0.0000,1.8,data/all_pdb_1y/fed_split/client_2/mmcif_files/9qth.cif
9qtl_A,duplicate_sequence,129,0.0000,0.0000,1.75,data/all_pdb_1y/fed_split/client_2/mmcif_files/9qtl.cif
9qus_B,duplicate_sequence,253,0.0000,0.0000,1.5,data/all_pdb_1y/fed_split/client_2/mmcif_files/9qus.cif
9quu_B,duplicate_sequence,261,0.0000,0.0000,1.63,data/all_pdb_1y/fed_split/client_2/mmcif_files/9quu.cif
9qv8_B,duplicate_sequence,267,0.0000,0.0000,1.25,data/all_pdb_1y/fed_split/client_2/mmcif_files/9qv8.cif
9qva_B,duplicate_sequence,267,0.0000,0.0000,1.59,data/all_pdb_1y/fed_split/client_2/mmcif_files/9qva.cif
9r11_A,duplicate_sequence,190,0.0000,0.0000,1.64,data/all_pdb_1y/fed_split/client_2/mmcif_files/9r11.cif
9r5z_B,duplicate_sequence,294,0.0000,0.0000,1.8,data/all_pdb_1y/fed_split/client_2/mmcif_files/9r5z.cif
9rbg_AAA,duplicate_sequence,129,0.0000,0.0000,1.46,data/all_pdb_1y/fed_split/client_2/mmcif_files/9rbg.cif
9rbt_AAA,duplicate_sequence,129,0.0000,0.0000,1.18,data/all_pdb_1y/fed_split/client_2/mmcif_files/9rbt.cif
9rc4_B,duplicate_sequence,229,0.0000,0.0000,1.74,data/all_pdb_1y/fed_split/client_2/mmcif_files/9rc4.cif
9rdm_A,duplicate_sequence,297,0.0000,0.0000,1.65,data/all_pdb_1y/fed_split/client_2/mmcif_files/9rdm.cif
9rdo_A,duplicate_sequence,297,0.0000,0.0000,1.65,data/all_pdb_1y/fed_split/client_2/mmcif_files/9rdo.cif
9rdp_A,duplicate_sequence,297,0.0000,0.0000,1.55,data/all_pdb_1y/fed_split/client_2/mmcif_files/9rdp.cif
9rdq_A,duplicate_sequence,297,0.0000,0.0000,1.96,data/all_pdb_1y/fed_split/client_2/mmcif_files/9rdq.cif
9rev_A,duplicate_sequence,297,0.0000,0.0000,1.54,data/all_pdb_1y/fed_split/client_2/mmcif_files/9rev.cif
9rf4_A,duplicate_sequence,297,0.0000,0.0000,1.81,data/all_pdb_1y/fed_split/client_2/mmcif_files/9rf4.cif
9rf6_A,duplicate_sequence,297,0.0000,0.0000,1.9,data/all_pdb_1y/fed_split/client_2/mmcif_files/9rf6.cif
9rfr_B,duplicate_sequence,272,0.0000,0.0000,1.4,data/all_pdb_1y/fed_split/client_2/mmcif_files/9rfr.cif
9rfs_A,duplicate_sequence,272,0.0000,0.0000,1.45,data/all_pdb_1y/fed_split/client_2/mmcif_files/9rfs.cif
9rfs_B,duplicate_sequence,272,0.0000,0.0000,1.45,data/all_pdb_1y/fed_split/client_2/mmcif_files/9rfs.cif
9rko_B,duplicate_sequence,144,0.0000,0.0000,1.89,data/all_pdb_1y/fed_split/client_2/mmcif_files/9rko.cif
9rlo_A,duplicate_sequence,200,0.0000,0.0000,1.9,data/all_pdb_1y/fed_split/client_2/mmcif_files/9rlo.cif
9rlo_B,duplicate_sequence,200,0.0000,0.0000,1.9,data/all_pdb_1y/fed_split/client_2/mmcif_files/9rlo.cif
9rlp_A,duplicate_sequence,200,0.0000,0.0000,1.8,data/all_pdb_1y/fed_split/client_2/mmcif_files/9rlp.cif
9rlp_B,duplicate_sequence,200,0.0000,0.0000,1.8,data/all_pdb_1y/fed_split/client_2/mmcif_files/9rlp.cif
9rlq_A,duplicate_sequence,200,0.0000,0.0000,1.8,data/all_pdb_1y/fed_split/client_2/mmcif_files/9rlq.cif
9rlq_B,duplicate_sequence,200,0.0000,0.0000,1.8,data/all_pdb_1y/fed_split/client_2/mmcif_files/9rlq.cif
9rm4_BBB,duplicate_sequence,214,0.0000,0.0000,1.95,data/all_pdb_1y/fed_split/client_2/mmcif_files/9rm4.cif
9rm6_A,duplicate_sequence,214,0.0000,0.0000,1.5,data/all_pdb_1y/fed_split/client_2/mmcif_files/9rm6.cif
9rm6_B,duplicate_sequence,214,0.0000,0.0000,1.5,data/all_pdb_1y/fed_split/client_2/mmcif_files/9rm6.cif
9rm7_A,duplicate_sequence,214,0.0000,0.0000,1.45,data/all_pdb_1y/fed_split/client_2/mmcif_files/9rm7.cif
9rm7_B,duplicate_sequence,214,0.0000,0.0000,1.45,data/all_pdb_1y/fed_split/client_2/mmcif_files/9rm7.cif
9rmo_A,duplicate_sequence,169,0.0000,0.0000,1.8,data/all_pdb_1y/fed_split/client_2/mmcif_files/9rmo.cif
9rmo_B,duplicate_sequence,169,0.0000,0.0000,1.8,data/all_pdb_1y/fed_split/client_2/mmcif_files/9rmo.cif
9rmo_C,duplicate_sequence,169,0.0000,0.0000,1.8,data/all_pdb_1y/fed_split/client_2/mmcif_files/9rmo.cif
9rmo_D,duplicate_sequence,169,0.0000,0.0000,1.8,data/all_pdb_1y/fed_split/client_2/mmcif_files/9rmo.cif
9rtl_B,duplicate_sequence,160,0.0000,0.0000,1.8,data/all_pdb_1y/fed_split/client_2/mmcif_files/9rtl.cif
9rv6_A,duplicate_sequence,129,0.0000,0.0000,1.55,data/all_pdb_1y/fed_split/client_2/mmcif_files/9rv6.cif
9rvi_A,duplicate_sequence,129,0.0000,0.0000,1.47,data/all_pdb_1y/fed_split/client_2/mmcif_files/9rvi.cif
9rvo_A,duplicate_sequence,129,0.0000,0.0000,1.33,data/all_pdb_1y/fed_split/client_2/mmcif_files/9rvo.cif
9ryg_B,duplicate_sequence,275,0.0000,0.0000,1.791,data/all_pdb_1y/fed_split/client_2/mmcif_files/9ryg.cif
9ryg_C,duplicate_sequence,275,0.0000,0.0000,1.791,data/all_pdb_1y/fed_split/client_2/mmcif_files/9ryg.cif
9ryg_D,duplicate_sequence,275,0.0000,0.0000,1.791,data/all_pdb_1y/fed_split/client_2/mmcif_files/9ryg.cif
9rzr_A,duplicate_sequence,129,0.0000,0.0000,1.27,data/all_pdb_1y/fed_split/client_2/mmcif_files/9rzr.cif
9rzs_A,duplicate_sequence,129,0.0000,0.0000,1.68,data/all_pdb_1y/fed_split/client_2/mmcif_files/9rzs.cif
9rzt_A,duplicate_sequence,129,0.0000,0.0000,1.73,data/all_pdb_1y/fed_split/client_2/mmcif_files/9rzt.cif
9s2a_AAA,duplicate_sequence,129,0.0000,0.0000,1.37,data/all_pdb_1y/fed_split/client_2/mmcif_files/9s2a.cif
9s7r_B,duplicate_sequence,97,0.0000,0.0000,1.25,data/all_pdb_1y/fed_split/client_2/mmcif_files/9s7r.cif
9s9l_A,duplicate_sequence,219,0.0000,0.0000,1.38,data/all_pdb_1y/fed_split/client_2/mmcif_files/9s9l.cif
9s9l_B,duplicate_sequence,219,0.0000,0.0000,1.38,data/all_pdb_1y/fed_split/client_2/mmcif_files/9s9l.cif
9s9m_A,duplicate_sequence,219,0.0000,0.0000,1.83,data/all_pdb_1y/fed_split/client_2/mmcif_files/9s9m.cif
9s9m_B,duplicate_sequence,219,0.0000,0.0000,1.83,data/all_pdb_1y/fed_split/client_2/mmcif_files/9s9m.cif
9s9n_A,duplicate_sequence,219,0.0000,0.0000,1.72,data/all_pdb_1y/fed_split/client_2/mmcif_files/9s9n.cif
9s9n_B,duplicate_sequence,219,0.0000,0.0000,1.72,data/all_pdb_1y/fed_split/client_2/mmcif_files/9s9n.cif
9s9o_A,duplicate_sequence,219,0.0000,0.0000,1.49,data/all_pdb_1y/fed_split/client_2/mmcif_files/9s9o.cif
9s9o_B,duplicate_sequence,219,0.0000,0.0000,1.49,data/all_pdb_1y/fed_split/client_2/mmcif_files/9s9o.cif
9s9p_B,duplicate_sequence,219,0.0000,0.0000,1.4,data/all_pdb_1y/fed_split/client_2/mmcif_files/9s9p.cif
9s9q_B,duplicate_sequence,219,0.0000,0.0000,1.87,data/all_pdb_1y/fed_split/client_2/mmcif_files/9s9q.cif
9s9r_A,duplicate_sequence,219,0.0000,0.0000,1.7,data/all_pdb_1y/fed_split/client_2/mmcif_files/9s9r.cif
9s9r_B,duplicate_sequence,219,0.0000,0.0000,1.7,data/all_pdb_1y/fed_split/client_2/mmcif_files/9s9r.cif
9si4_A,duplicate_sequence,218,0.0000,0.0000,1.14,data/all_pdb_1y/fed_split/client_2/mmcif_files/9si4.cif
9soj_B,duplicate_sequence,139,0.0000,0.0000,1.9,data/all_pdb_1y/fed_split/client_2/mmcif_files/9soj.cif
9soj_C,duplicate_sequence,139,0.0000,0.0000,1.9,data/all_pdb_1y/fed_split/client_2/mmcif_files/9soj.cif
9soj_D,duplicate_sequence,139,0.0000,0.0000,1.9,data/all_pdb_1y/fed_split/client_2/mmcif_files/9soj.cif
9sq2_A,duplicate_sequence,246,0.0000,0.0000,1.54,data/all_pdb_1y/fed_split/client_2/mmcif_files/9sq2.cif
9suk_B,duplicate_sequence,219,0.0000,0.0000,1.56,data/all_pdb_1y/fed_split/client_2/mmcif_files/9suk.cif
9szz_A,duplicate_sequence,219,0.0000,0.0000,1.7,data/all_pdb_1y/fed_split/client_2/mmcif_files/9szz.cif
9szz_B,duplicate_sequence,219,0.0000,0.0000,1.7,data/all_pdb_1y/fed_split/client_2/mmcif_files/9szz.cif
9t08_A,duplicate_sequence,296,0.0000,0.0000,1.462,data/all_pdb_1y/fed_split/client_2/mmcif_files/9t08.cif
9t0d_A,duplicate_sequence,296,0.0000,0.0000,1.196,data/all_pdb_1y/fed_split/client_2/mmcif_files/9t0d.cif
9t0t_A,duplicate_sequence,169,0.0000,0.0000,1.73,data/all_pdb_1y/fed_split/client_2/mmcif_files/9t0t.cif
9t0t_C,duplicate_sequence,169,0.0000,0.0000,1.73,data/all_pdb_1y/fed_split/client_2/mmcif_files/9t0t.cif
9t0t_G,duplicate_sequence,169,0.0000,0.0000,1.73,data/all_pdb_1y/fed_split/client_2/mmcif_files/9t0t.cif
9t0t_J,duplicate_sequence,169,0.0000,0.0000,1.73,data/all_pdb_1y/fed_split/client_2/mmcif_files/9t0t.cif
9t21_A,duplicate_sequence,169,0.0000,0.0000,1.869,data/all_pdb_1y/fed_split/client_2/mmcif_files/9t21.cif
9t21_C,duplicate_sequence,169,0.0000,0.0000,1.869,data/all_pdb_1y/fed_split/client_2/mmcif_files/9t21.cif
9t21_G,duplicate_sequence,169,0.0000,0.0000,1.869,data/all_pdb_1y/fed_split/client_2/mmcif_files/9t21.cif
9t21_J,duplicate_sequence,169,0.0000,0.0000,1.869,data/all_pdb_1y/fed_split/client_2/mmcif_files/9t21.cif
9t23_A,duplicate_sequence,169,0.0000,0.0000,1.845,data/all_pdb_1y/fed_split/client_2/mmcif_files/9t23.cif
9t23_C,duplicate_sequence,169,0.0000,0.0000,1.845,data/all_pdb_1y/fed_split/client_2/mmcif_files/9t23.cif
9t23_H,duplicate_sequence,169,0.0000,0.0000,1.845,data/all_pdb_1y/fed_split/client_2/mmcif_files/9t23.cif
9t23_K,duplicate_sequence,169,0.0000,0.0000,1.845,data/all_pdb_1y/fed_split/client_2/mmcif_files/9t23.cif
9t2v_A,duplicate_sequence,296,0.0000,0.0000,1.665,data/all_pdb_1y/fed_split/client_2/mmcif_files/9t2v.cif
9t3m_A,duplicate_sequence,169,0.0000,0.0000,1.8,data/all_pdb_1y/fed_split/client_2/mmcif_files/9t3m.cif
9t3m_B,duplicate_sequence,169,0.0000,0.0000,1.8,data/all_pdb_1y/fed_split/client_2/mmcif_files/9t3m.cif
9t3m_C,duplicate_sequence,169,0.0000,0.0000,1.8,data/all_pdb_1y/fed_split/client_2/mmcif_files/9t3m.cif
9t3m_D,duplicate_sequence,169,0.0000,0.0000,1.8,data/all_pdb_1y/fed_split/client_2/mmcif_files/9t3m.cif
9t4y_AAA,duplicate_sequence,125,0.0000,0.0000,1.56,data/all_pdb_1y/fed_split/client_2/mmcif_files/9t4y.cif
9t4y_BBB,duplicate_sequence,125,0.0000,0.0000,1.56,data/all_pdb_1y/fed_split/client_2/mmcif_files/9t4y.cif
9t4y_CCC,duplicate_sequence,125,0.0000,0.0000,1.56,data/all_pdb_1y/fed_split/client_2/mmcif_files/9t4y.cif
9t4y_DDD,duplicate_sequence,125,0.0000,0.0000,1.56,data/all_pdb_1y/fed_split/client_2/mmcif_files/9t4y.cif
9t4z_B,duplicate_sequence,251,0.0000,0.0000,1.8,data/all_pdb_1y/fed_split/client_2/mmcif_files/9t4z.cif
9t6k_A,duplicate_sequence,296,0.0000,0.0000,1.133,data/all_pdb_1y/fed_split/client_2/mmcif_files/9t6k.cif
9t6x_A,duplicate_sequence,154,0.0000,0.0000,1.1,data/all_pdb_1y/fed_split/client_2/mmcif_files/9t6x.cif
9t6y_A,duplicate_sequence,154,0.0000,0.0000,1.03,data/all_pdb_1y/fed_split/client_2/mmcif_files/9t6y.cif
9t7g_AAA,duplicate_sequence,125,0.0000,0.0000,1.8,data/all_pdb_1y/fed_split/client_2/mmcif_files/9t7g.cif
9t7g_BBB,duplicate_sequence,125,0.0000,0.0000,1.8,data/all_pdb_1y/fed_split/client_2/mmcif_files/9t7g.cif
9t7g_CCC,duplicate_sequence,125,0.0000,0.0000,1.8,data/all_pdb_1y/fed_split/client_2/mmcif_files/9t7g.cif
9t7g_DDD,duplicate_sequence,125,0.0000,0.0000,1.8,data/all_pdb_1y/fed_split/client_2/mmcif_files/9t7g.cif
9t91_AAA,duplicate_sequence,125,0.0000,0.0000,1.6,data/all_pdb_1y/fed_split/client_2/mmcif_files/9t91.cif
9t91_BBB,duplicate_sequence,125,0.0000,0.0000,1.6,data/all_pdb_1y/fed_split/client_2/mmcif_files/9t91.cif
9ta6_A,duplicate_sequence,57,0.0000,0.0000,0.567,data/all_pdb_1y/fed_split/client_2/mmcif_files/9ta6.cif
9tbl_A,duplicate_sequence,129,0.0000,0.0000,1.75,data/all_pdb_1y/fed_split/client_2/mmcif_files/9tbl.cif
9tcb_A,duplicate_sequence,200,0.0000,0.0000,1.9,data/all_pdb_1y/fed_split/client_2/mmcif_files/9tcb.cif
9tcb_B,duplicate_sequence,200,0.0000,0.0000,1.9,data/all_pdb_1y/fed_split/client_2/mmcif_files/9tcb.cif
9tek_A,duplicate_sequence,129,0.0000,0.0000,2.0,data/all_pdb_1y/fed_split/client_2/mmcif_files/9tek.cif
9toq_A,duplicate_sequence,129,0.0000,0.0000,1.65,data/all_pdb_1y/fed_split/client_2/mmcif_files/9toq.cif
9tor_A,duplicate_sequence,129,0.0000,0.0000,1.69,data/all_pdb_1y/fed_split/client_2/mmcif_files/9tor.cif
9tos_A,duplicate_sequence,129,0.0000,0.0000,1.67,data/all_pdb_1y/fed_split/client_2/mmcif_files/9tos.cif
9tot_A,duplicate_sequence,129,0.0000,0.0000,1.64,data/all_pdb_1y/fed_split/client_2/mmcif_files/9tot.cif
9tro_A,duplicate_sequence,32,0.0000,0.0000,1.55,data/all_pdb_1y/fed_split/client_2/mmcif_files/9tro.cif
9u5x_B,duplicate_sequence,298,0.0034,0.0034,1.47,data/all_pdb_1y/fed_split/client_2/mmcif_files/9u5x.cif
9u8o_B,duplicate_sequence,100,0.0000,0.0000,1.71,data/all_pdb_1y/fed_split/client_2/mmcif_files/9u8o.cif
9u9l_B,duplicate_sequence,298,0.0034,0.0034,1.46689211493,data/all_pdb_1y/fed_split/client_2/mmcif_files/9u9l.cif
9ubs_A,duplicate_sequence,274,0.0000,0.0000,1.49,data/all_pdb_1y/fed_split/client_2/mmcif_files/9ubs.cif
9ubt_A,duplicate_sequence,274,0.0000,0.0000,1.596,data/all_pdb_1y/fed_split/client_2/mmcif_files/9ubt.cif
9ug7_F,duplicate_sequence,215,0.0000,0.0000,1.94,data/all_pdb_1y/fed_split/client_2/mmcif_files/9ug7.cif
9ug7_D,duplicate_sequence,215,0.0000,0.0000,1.94,data/all_pdb_1y/fed_split/client_2/mmcif_files/9ug7.cif
9ug7_B,duplicate_sequence,215,0.0000,0.0000,1.94,data/all_pdb_1y/fed_split/client_2/mmcif_files/9ug7.cif
9ug7_C,duplicate_sequence,215,0.0000,0.0000,1.94,data/all_pdb_1y/fed_split/client_2/mmcif_files/9ug7.cif
9ug7_E,duplicate_sequence,215,0.0000,0.0000,1.94,data/all_pdb_1y/fed_split/client_2/mmcif_files/9ug7.cif
9ugi_A,duplicate_sequence,129,0.0000,0.0000,1.8,data/all_pdb_1y/fed_split/client_2/mmcif_files/9ugi.cif
9um4_B,duplicate_sequence,264,0.0000,0.0000,1.63,data/all_pdb_1y/fed_split/client_2/mmcif_files/9um4.cif
9um4_C,duplicate_sequence,264,0.0000,0.0000,1.63,data/all_pdb_1y/fed_split/client_2/mmcif_files/9um4.cif
9um4_D,duplicate_sequence,264,0.0000,0.0000,1.63,data/all_pdb_1y/fed_split/client_2/mmcif_files/9um4.cif
9um5_B,duplicate_sequence,264,0.0000,0.0000,1.73,data/all_pdb_1y/fed_split/client_2/mmcif_files/9um5.cif
9um5_C,duplicate_sequence,264,0.0000,0.0000,1.73,data/all_pdb_1y/fed_split/client_2/mmcif_files/9um5.cif
9um5_D,duplicate_sequence,264,0.0000,0.0000,1.73,data/all_pdb_1y/fed_split/client_2/mmcif_files/9um5.cif
9um6_B,duplicate_sequence,267,0.0000,0.0000,1.66,data/all_pdb_1y/fed_split/client_2/mmcif_files/9um6.cif
9um7_B,duplicate_sequence,266,0.0000,0.0000,1.26,data/all_pdb_1y/fed_split/client_2/mmcif_files/9um7.cif
9um8_B,duplicate_sequence,263,0.0000,0.0000,1.22,data/all_pdb_1y/fed_split/client_2/mmcif_files/9um8.cif
9unt_B,duplicate_sequence,128,0.0000,0.0000,1.3,data/all_pdb_1y/fed_split/client_2/mmcif_files/9unt.cif
9utx_B,duplicate_sequence,262,0.0000,0.0000,1.66,data/all_pdb_1y/fed_split/client_2/mmcif_files/9utx.cif
9utz_B,duplicate_sequence,262,0.0000,0.0000,1.83,data/all_pdb_1y/fed_split/client_2/mmcif_files/9utz.cif
9uyr_A,duplicate_sequence,129,0.0000,0.0000,1.59,data/all_pdb_1y/fed_split/client_2/mmcif_files/9uyr.cif
9v0k_B,duplicate_sequence,73,0.0000,0.0000,1.54,data/all_pdb_1y/fed_split/client_2/mmcif_files/9v0k.cif
9v3d_A,duplicate_sequence,129,0.0000,0.0000,1.68,data/all_pdb_1y/fed_split/client_2/mmcif_files/9v3d.cif
9v3g_A,duplicate_sequence,129,0.0000,0.0000,1.74,data/all_pdb_1y/fed_split/client_2/mmcif_files/9v3g.cif
9v3h_A,duplicate_sequence,129,0.0000,0.0000,1.68,data/all_pdb_1y/fed_split/client_2/mmcif_files/9v3h.cif
9v3i_A,duplicate_sequence,129,0.0000,0.0000,1.68,data/all_pdb_1y/fed_split/client_2/mmcif_files/9v3i.cif
9v3j_A,duplicate_sequence,129,0.0000,0.0000,1.68,data/all_pdb_1y/fed_split/client_2/mmcif_files/9v3j.cif
9v3k_A,duplicate_sequence,129,0.0000,0.0000,1.72,data/all_pdb_1y/fed_split/client_2/mmcif_files/9v3k.cif
9v3l_A,duplicate_sequence,129,0.0000,0.0000,1.75,data/all_pdb_1y/fed_split/client_2/mmcif_files/9v3l.cif
9v3m_A,duplicate_sequence,129,0.0000,0.0000,1.77,data/all_pdb_1y/fed_split/client_2/mmcif_files/9v3m.cif
9v3n_A,duplicate_sequence,129,0.0000,0.0000,1.78,data/all_pdb_1y/fed_split/client_2/mmcif_files/9v3n.cif
9v3o_A,duplicate_sequence,129,0.0000,0.0000,1.8,data/all_pdb_1y/fed_split/client_2/mmcif_files/9v3o.cif
9v3p_A,duplicate_sequence,129,0.0000,0.0000,1.81,data/all_pdb_1y/fed_split/client_2/mmcif_files/9v3p.cif
9v3q_A,duplicate_sequence,129,0.0000,0.0000,1.8,data/all_pdb_1y/fed_split/client_2/mmcif_files/9v3q.cif
9v3r_A,duplicate_sequence,129,0.0000,0.0000,1.82,data/all_pdb_1y/fed_split/client_2/mmcif_files/9v3r.cif
9vcz_A,duplicate_sequence,126,0.0000,0.0000,1.5,data/all_pdb_1y/fed_split/client_2/mmcif_files/9vcz.cif
9vli_K,duplicate_sequence,46,0.0000,0.0000,1.6,data/all_pdb_1y/fed_split/client_2/mmcif_files/9vli.cif
9vli_L,duplicate_sequence,46,0.0000,0.0000,1.6,data/all_pdb_1y/fed_split/client_2/mmcif_files/9vli.cif
9vli_M,duplicate_sequence,46,0.0000,0.0000,1.6,data/all_pdb_1y/fed_split/client_2/mmcif_files/9vli.cif
9vmb_B,duplicate_sequence,292,0.0000,0.0000,1.97,data/all_pdb_1y/fed_split/client_2/mmcif_files/9vmb.cif
9vmb_C,duplicate_sequence,292,0.0000,0.0000,1.97,data/all_pdb_1y/fed_split/client_2/mmcif_files/9vmb.cif
9vmb_D,duplicate_sequence,292,0.0000,0.0000,1.97,data/all_pdb_1y/fed_split/client_2/mmcif_files/9vmb.cif
9vyq_A,duplicate_sequence,128,0.0000,0.0000,1.3,data/all_pdb_1y/fed_split/client_2/mmcif_files/9vyq.cif
9vyq_B,duplicate_sequence,128,0.0000,0.0000,1.3,data/all_pdb_1y/fed_split/client_2/mmcif_files/9vyq.cif
9vyr_A,duplicate_sequence,128,0.0000,0.0000,1.13,data/all_pdb_1y/fed_split/client_2/mmcif_files/9vyr.cif
9vyr_B,duplicate_sequence,128,0.0000,0.0000,1.13,data/all_pdb_1y/fed_split/client_2/mmcif_files/9vyr.cif
9vys_A,duplicate_sequence,128,0.0000,0.0000,1.3,data/all_pdb_1y/fed_split/client_2/mmcif_files/9vys.cif
9vys_B,duplicate_sequence,128,0.0000,0.0000,1.3,data/all_pdb_1y/fed_split/client_2/mmcif_files/9vys.cif
9vyt_A,duplicate_sequence,128,0.0000,0.0000,1.45,data/all_pdb_1y/fed_split/client_2/mmcif_files/9vyt.cif
9vyt_B,duplicate_sequence,128,0.0000,0.0000,1.45,data/all_pdb_1y/fed_split/client_2/mmcif_files/9vyt.cif
9vyu_A,duplicate_sequence,128,0.0000,0.0000,1.11,data/all_pdb_1y/fed_split/client_2/mmcif_files/9vyu.cif
9vyu_B,duplicate_sequence,128,0.0000,0.0000,1.11,data/all_pdb_1y/fed_split/client_2/mmcif_files/9vyu.cif
9vyv_A,duplicate_sequence,128,0.0000,0.0000,1.19,data/all_pdb_1y/fed_split/client_2/mmcif_files/9vyv.cif
9vyv_B,duplicate_sequence,128,0.0000,0.0000,1.19,data/all_pdb_1y/fed_split/client_2/mmcif_files/9vyv.cif
9vyw_A,duplicate_sequence,128,0.0000,0.0000,1.5,data/all_pdb_1y/fed_split/client_2/mmcif_files/9vyw.cif
9vyx_A,duplicate_sequence,128,0.0000,0.0000,1.5,data/all_pdb_1y/fed_split/client_2/mmcif_files/9vyx.cif
9vyy_A,duplicate_sequence,128,0.0000,0.0000,1.45,data/all_pdb_1y/fed_split/client_2/mmcif_files/9vyy.cif
9w59_B,duplicate_sequence,183,0.0000,0.0000,1.45,data/all_pdb_1y/fed_split/client_2/mmcif_files/9w59.cif
9w59_C,duplicate_sequence,183,0.0000,0.0000,1.45,data/all_pdb_1y/fed_split/client_2/mmcif_files/9w59.cif
9w5a_A,duplicate_sequence,183,0.0000,0.0000,1.53,data/all_pdb_1y/fed_split/client_2/mmcif_files/9w5a.cif
9w5a_B,duplicate_sequence,183,0.0000,0.0000,1.53,data/all_pdb_1y/fed_split/client_2/mmcif_files/9w5a.cif
9w5a_C,duplicate_sequence,183,0.0000,0.0000,1.53,data/all_pdb_1y/fed_split/client_2/mmcif_files/9w5a.cif
9wgq_B,duplicate_sequence,276,0.0000,0.0000,1.85,data/all_pdb_1y/fed_split/client_2/mmcif_files/9wgq.cif
9wks_A,duplicate_sequence,129,0.0000,0.0000,1.2,data/all_pdb_1y/fed_split/client_2/mmcif_files/9wks.cif
9wvh_B,duplicate_sequence,85,0.0000,0.0000,1.96,data/all_pdb_1y/fed_split/client_2/mmcif_files/9wvh.cif
9xl7_A,duplicate_sequence,284,0.0000,0.0000,1.7,data/all_pdb_1y/fed_split/client_2/mmcif_files/9xl7.cif
9xlc_A,duplicate_sequence,284,0.0000,0.0000,2.0,data/all_pdb_1y/fed_split/client_2/mmcif_files/9xlc.cif
9xua_A,duplicate_sequence,129,0.0000,0.0000,1.4,data/all_pdb_1y/fed_split/client_2/mmcif_files/9xua.cif
9xv8_B,duplicate_sequence,267,0.0000,0.0000,1.64,data/all_pdb_1y/fed_split/client_2/mmcif_files/9xv8.cif
9xzp_B,duplicate_sequence,78,0.0000,0.0000,1.773,data/all_pdb_1y/fed_split/client_2/mmcif_files/9xzp.cif
9y00_A,duplicate_sequence,54,0.0000,0.0000,0.83,data/all_pdb_1y/fed_split/client_2/mmcif_files/9y00.cif
9y0y_A,duplicate_sequence,54,0.0000,0.0000,0.852,data/all_pdb_1y/fed_split/client_2/mmcif_files/9y0y.cif
9y0z_A,duplicate_sequence,54,0.0000,0.0000,0.86,data/all_pdb_1y/fed_split/client_2/mmcif_files/9y0z.cif
9y11_A,duplicate_sequence,54,0.0000,0.0000,0.91,data/all_pdb_1y/fed_split/client_2/mmcif_files/9y11.cif
9y1u_A,duplicate_sequence,54,0.0000,0.0000,0.98,data/all_pdb_1y/fed_split/client_2/mmcif_files/9y1u.cif
9y28_A,duplicate_sequence,54,0.0000,0.0000,1.01,data/all_pdb_1y/fed_split/client_2/mmcif_files/9y28.cif
9y29_A,duplicate_sequence,54,0.0000,0.0000,1.08,data/all_pdb_1y/fed_split/client_2/mmcif_files/9y29.cif
9y2e_A,duplicate_sequence,54,0.0000,0.0000,0.78,data/all_pdb_1y/fed_split/client_2/mmcif_files/9y2e.cif
9y2g_A,duplicate_sequence,54,0.0000,0.0000,1.14,data/all_pdb_1y/fed_split/client_2/mmcif_files/9y2g.cif
9y2y_A,duplicate_sequence,54,0.0000,0.0000,1.68,data/all_pdb_1y/fed_split/client_2/mmcif_files/9y2y.cif
9y30_A,duplicate_sequence,54,0.0000,0.0000,1.53,data/all_pdb_1y/fed_split/client_2/mmcif_files/9y30.cif
9y32_A,duplicate_sequence,54,0.0000,0.0000,1.472,data/all_pdb_1y/fed_split/client_2/mmcif_files/9y32.cif
9y33_A,duplicate_sequence,54,0.0000,0.0000,1.35,data/all_pdb_1y/fed_split/client_2/mmcif_files/9y33.cif
9y37_A,duplicate_sequence,54,0.0000,0.0000,1.84,data/all_pdb_1y/fed_split/client_2/mmcif_files/9y37.cif
9y38_A,duplicate_sequence,54,0.0000,0.0000,1.41,data/all_pdb_1y/fed_split/client_2/mmcif_files/9y38.cif
9ycw_B,duplicate_sequence,125,0.0000,0.0000,1.8,data/all_pdb_1y/fed_split/client_2/mmcif_files/9ycw.cif
9ycw_C,duplicate_sequence,125,0.0000,0.0000,1.8,data/all_pdb_1y/fed_split/client_2/mmcif_files/9ycw.cif
9yi3_B,duplicate_sequence,276,0.0000,0.0000,1.82,data/all_pdb_1y/fed_split/client_2/mmcif_files/9yi3.cif
9yrj_A,duplicate_sequence,164,0.0000,0.0000,1.93,data/all_pdb_1y/fed_split/client_2/mmcif_files/9yrj.cif
9yrj_B,duplicate_sequence,164,0.0000,0.0000,1.93,data/all_pdb_1y/fed_split/client_2/mmcif_files/9yrj.cif
9yrj_C,duplicate_sequence,164,0.0000,0.0000,1.93,data/all_pdb_1y/fed_split/client_2/mmcif_files/9yrj.cif
9z6r_B,duplicate_sequence,128,0.0000,0.0000,1.39,data/all_pdb_1y/fed_split/client_2/mmcif_files/9z6r.cif
9zdh_B,duplicate_sequence,53,0.0000,0.0000,1.36,data/all_pdb_1y/fed_split/client_2/mmcif_files/9zdh.cif
9zdh_C,duplicate_sequence,53,0.0000,0.0000,1.36,data/all_pdb_1y/fed_split/client_2/mmcif_files/9zdh.cif
9zdi_B,duplicate_sequence,53,0.0000,0.0000,1.02,data/all_pdb_1y/fed_split/client_2/mmcif_files/9zdi.cif
9zlm_A,duplicate_sequence,278,0.0000,0.0000,1.27,data/all_pdb_1y/fed_split/client_2/mmcif_files/9zlm.cif
9zsh_A,duplicate_sequence,299,0.0000,0.0000,1.5,data/all_pdb_1y/fed_split/client_2/mmcif_files/9zsh.cif
9zsn_A,duplicate_sequence,299,0.0000,0.0000,1.74,data/all_pdb_1y/fed_split/client_2/mmcif_files/9zsn.cif
9zsn_B,duplicate_sequence,299,0.0000,0.0000,1.74,data/all_pdb_1y/fed_split/client_2/mmcif_files/9zsn.cif
9zsv_A,duplicate_sequence,299,0.0000,0.0000,1.81,data/all_pdb_1y/fed_split/client_2/mmcif_files/9zsv.cif
9zsv_B,duplicate_sequence,299,0.0000,0.0000,1.81,data/all_pdb_1y/fed_split/client_2/mmcif_files/9zsv.cif
9zyt_AAA,duplicate_sequence,124,0.0000,0.0000,1.661,data/all_pdb_1y/fed_split/client_2/mmcif_files/9zyt.cif
9zyt_BBB,duplicate_sequence,124,0.0000,0.0000,1.661,data/all_pdb_1y/fed_split/client_2/mmcif_files/9zyt.cif
