nohup: ignoring input
Seed set to 42
GPU available: True (cuda), used: True
TPU available: False, using: 0 TPU cores
💡 Tip: For seamless cloud logging and experiment tracking, try installing [litlogger](https://pypi.org/project/litlogger/) to enable LitLogger, which logs metrics and artifacts automatically to the Lightning Experiments platform.
You are using a CUDA device ('NVIDIA GeForce RTX 3090 Ti') that has Tensor Cores. To properly utilize them, you should set `torch.set_float32_matmul_precision('medium' | 'high')` which will trade-off precision for performance. For more details, read https://pytorch.org/docs/stable/generated/torch.set_float32_matmul_precision.html#torch.set_float32_matmul_precision
initializing deepspeed distributed: GLOBAL_RANK: 0, MEMBER: 1/1
Enabling DeepSpeed BF16. Model parameters and inputs will be cast to `bfloat16`.
LOCAL_RANK: 0 - CUDA_VISIBLE_DEVICES: [0]
/home/test/miniconda3/envs/Fedfold/lib/python3.10/site-packages/pytorch_lightning/utilities/model_summary/model_summary.py:242: Precision bf16-mixed is not supported by the model summary.  Estimated model size in MB will not be accurate. Using 32 bits instead.

  | Name  | Type          | Params | Mode  | FLOPs
--------------------------------------------------------
0 | model | AlphaFold     | 75.3 M | train | 0    
1 | loss  | AlphaFoldLoss | 0      | train | 0    
--------------------------------------------------------
75.3 M    Trainable params
0         Non-trainable params
75.3 M    Total params
301.159   Total estimated model params size (MB)
3645      Modules in train mode
0         Modules in eval mode
0         Total Flops
/home/test/miniconda3/envs/Fedfold/lib/python3.10/site-packages/pytorch_lightning/utilities/_pytree.py:21: `isinstance(treespec, LeafSpec)` is deprecated, use `isinstance(treespec, TreeSpec) and treespec.is_leaf()` instead.
/home/test/miniconda3/envs/Fedfold/lib/python3.10/site-packages/pytorch_lightning/utilities/data.py:106: Total length of `list` across ranks is zero. Please make sure this was your intention.
Training: |          | 0/? [00:00<?, ?it/s]Training: |          | 0/? [00:00<?, ?it/s]Epoch 0:   0%|          | 0/64 [00:00<?, ?it/s]/home/test/Desktop/Fed-fold/openfold/utils/tensor_utils.py:95: UserWarning: Using a non-tuple sequence for multidimensional indexing is deprecated and will be changed in pytorch 2.9; use x[tuple(seq)] instead of x[seq]. In pytorch 2.9 this will be interpreted as tensor index, x[torch.tensor(seq)], which will result either in an error or a different result (Triggered internally at /pytorch/torch/csrc/autograd/python_variable_indexing.cpp:347.)
  return data[ranges]
/home/test/Desktop/Fed-fold/openfold/utils/tensor_utils.py:95: UserWarning: Using a non-tuple sequence for multidimensional indexing is deprecated and will be changed in pytorch 2.9; use x[tuple(seq)] instead of x[seq]. In pytorch 2.9 this will be interpreted as tensor index, x[torch.tensor(seq)], which will result either in an error or a different result (Triggered internally at /pytorch/torch/csrc/autograd/python_variable_indexing.cpp:347.)
  return data[ranges]
/home/test/Desktop/Fed-fold/openfold/data/data_transforms.py:1261: UserWarning: Using a non-tuple sequence for multidimensional indexing is deprecated and will be changed in pytorch 2.9; use x[tuple(seq)] instead of x[seq]. In pytorch 2.9 this will be interpreted as tensor index, x[torch.tensor(seq)], which will result either in an error or a different result (Triggered internally at /pytorch/torch/csrc/autograd/python_variable_indexing.cpp:347.)
  protein[k] = v[slices]
/home/test/Desktop/Fed-fold/openfold/data/data_transforms.py:1261: UserWarning: Using a non-tuple sequence for multidimensional indexing is deprecated and will be changed in pytorch 2.9; use x[tuple(seq)] instead of x[seq]. In pytorch 2.9 this will be interpreted as tensor index, x[torch.tensor(seq)], which will result either in an error or a different result (Triggered internally at /pytorch/torch/csrc/autograd/python_variable_indexing.cpp:347.)
  protein[k] = v[slices]
/home/test/Desktop/Fed-fold/openfold/utils/tensor_utils.py:95: UserWarning: Using a non-tuple sequence for multidimensional indexing is deprecated and will be changed in pytorch 2.9; use x[tuple(seq)] instead of x[seq]. In pytorch 2.9 this will be interpreted as tensor index, x[torch.tensor(seq)], which will result either in an error or a different result (Triggered internally at /pytorch/torch/csrc/autograd/python_variable_indexing.cpp:347.)
  return data[ranges]
/home/test/Desktop/Fed-fold/openfold/utils/tensor_utils.py:95: UserWarning: Using a non-tuple sequence for multidimensional indexing is deprecated and will be changed in pytorch 2.9; use x[tuple(seq)] instead of x[seq]. In pytorch 2.9 this will be interpreted as tensor index, x[torch.tensor(seq)], which will result either in an error or a different result (Triggered internally at /pytorch/torch/csrc/autograd/python_variable_indexing.cpp:347.)
  return data[ranges]
/home/test/Desktop/Fed-fold/openfold/data/data_transforms.py:1261: UserWarning: Using a non-tuple sequence for multidimensional indexing is deprecated and will be changed in pytorch 2.9; use x[tuple(seq)] instead of x[seq]. In pytorch 2.9 this will be interpreted as tensor index, x[torch.tensor(seq)], which will result either in an error or a different result (Triggered internally at /pytorch/torch/csrc/autograd/python_variable_indexing.cpp:347.)
  protein[k] = v[slices]
/home/test/Desktop/Fed-fold/openfold/data/data_transforms.py:1261: UserWarning: Using a non-tuple sequence for multidimensional indexing is deprecated and will be changed in pytorch 2.9; use x[tuple(seq)] instead of x[seq]. In pytorch 2.9 this will be interpreted as tensor index, x[torch.tensor(seq)], which will result either in an error or a different result (Triggered internally at /pytorch/torch/csrc/autograd/python_variable_indexing.cpp:347.)
  protein[k] = v[slices]
/home/test/Desktop/Fed-fold/openfold/utils/tensor_utils.py:95: UserWarning: Using a non-tuple sequence for multidimensional indexing is deprecated and will be changed in pytorch 2.9; use x[tuple(seq)] instead of x[seq]. In pytorch 2.9 this will be interpreted as tensor index, x[torch.tensor(seq)], which will result either in an error or a different result (Triggered internally at /pytorch/torch/csrc/autograd/python_variable_indexing.cpp:347.)
  return data[ranges]
/home/test/Desktop/Fed-fold/openfold/utils/tensor_utils.py:95: UserWarning: Using a non-tuple sequence for multidimensional indexing is deprecated and will be changed in pytorch 2.9; use x[tuple(seq)] instead of x[seq]. In pytorch 2.9 this will be interpreted as tensor index, x[torch.tensor(seq)], which will result either in an error or a different result (Triggered internally at /pytorch/torch/csrc/autograd/python_variable_indexing.cpp:347.)
  return data[ranges]
/home/test/Desktop/Fed-fold/openfold/utils/tensor_utils.py:95: UserWarning: Using a non-tuple sequence for multidimensional indexing is deprecated and will be changed in pytorch 2.9; use x[tuple(seq)] instead of x[seq]. In pytorch 2.9 this will be interpreted as tensor index, x[torch.tensor(seq)], which will result either in an error or a different result (Triggered internally at /pytorch/torch/csrc/autograd/python_variable_indexing.cpp:347.)
  return data[ranges]
/home/test/Desktop/Fed-fold/openfold/data/data_transforms.py:1261: UserWarning: Using a non-tuple sequence for multidimensional indexing is deprecated and will be changed in pytorch 2.9; use x[tuple(seq)] instead of x[seq]. In pytorch 2.9 this will be interpreted as tensor index, x[torch.tensor(seq)], which will result either in an error or a different result (Triggered internally at /pytorch/torch/csrc/autograd/python_variable_indexing.cpp:347.)
  protein[k] = v[slices]
/home/test/Desktop/Fed-fold/openfold/utils/tensor_utils.py:95: UserWarning: Using a non-tuple sequence for multidimensional indexing is deprecated and will be changed in pytorch 2.9; use x[tuple(seq)] instead of x[seq]. In pytorch 2.9 this will be interpreted as tensor index, x[torch.tensor(seq)], which will result either in an error or a different result (Triggered internally at /pytorch/torch/csrc/autograd/python_variable_indexing.cpp:347.)
  return data[ranges]
/home/test/Desktop/Fed-fold/openfold/data/data_transforms.py:1261: UserWarning: Using a non-tuple sequence for multidimensional indexing is deprecated and will be changed in pytorch 2.9; use x[tuple(seq)] instead of x[seq]. In pytorch 2.9 this will be interpreted as tensor index, x[torch.tensor(seq)], which will result either in an error or a different result (Triggered internally at /pytorch/torch/csrc/autograd/python_variable_indexing.cpp:347.)
  protein[k] = v[slices]
/home/test/Desktop/Fed-fold/openfold/data/data_transforms.py:1261: UserWarning: Using a non-tuple sequence for multidimensional indexing is deprecated and will be changed in pytorch 2.9; use x[tuple(seq)] instead of x[seq]. In pytorch 2.9 this will be interpreted as tensor index, x[torch.tensor(seq)], which will result either in an error or a different result (Triggered internally at /pytorch/torch/csrc/autograd/python_variable_indexing.cpp:347.)
  protein[k] = v[slices]
/home/test/Desktop/Fed-fold/openfold/data/data_transforms.py:1261: UserWarning: Using a non-tuple sequence for multidimensional indexing is deprecated and will be changed in pytorch 2.9; use x[tuple(seq)] instead of x[seq]. In pytorch 2.9 this will be interpreted as tensor index, x[torch.tensor(seq)], which will result either in an error or a different result (Triggered internally at /pytorch/torch/csrc/autograd/python_variable_indexing.cpp:347.)
  protein[k] = v[slices]
/home/test/Desktop/Fed-fold/openfold/utils/tensor_utils.py:95: UserWarning: Using a non-tuple sequence for multidimensional indexing is deprecated and will be changed in pytorch 2.9; use x[tuple(seq)] instead of x[seq]. In pytorch 2.9 this will be interpreted as tensor index, x[torch.tensor(seq)], which will result either in an error or a different result (Triggered internally at /pytorch/torch/csrc/autograd/python_variable_indexing.cpp:347.)
  return data[ranges]
/home/test/Desktop/Fed-fold/openfold/utils/tensor_utils.py:95: UserWarning: Using a non-tuple sequence for multidimensional indexing is deprecated and will be changed in pytorch 2.9; use x[tuple(seq)] instead of x[seq]. In pytorch 2.9 this will be interpreted as tensor index, x[torch.tensor(seq)], which will result either in an error or a different result (Triggered internally at /pytorch/torch/csrc/autograd/python_variable_indexing.cpp:347.)
  return data[ranges]
/home/test/Desktop/Fed-fold/openfold/data/data_transforms.py:1261: UserWarning: Using a non-tuple sequence for multidimensional indexing is deprecated and will be changed in pytorch 2.9; use x[tuple(seq)] instead of x[seq]. In pytorch 2.9 this will be interpreted as tensor index, x[torch.tensor(seq)], which will result either in an error or a different result (Triggered internally at /pytorch/torch/csrc/autograd/python_variable_indexing.cpp:347.)
  protein[k] = v[slices]
/home/test/Desktop/Fed-fold/openfold/data/data_transforms.py:1261: UserWarning: Using a non-tuple sequence for multidimensional indexing is deprecated and will be changed in pytorch 2.9; use x[tuple(seq)] instead of x[seq]. In pytorch 2.9 this will be interpreted as tensor index, x[torch.tensor(seq)], which will result either in an error or a different result (Triggered internally at /pytorch/torch/csrc/autograd/python_variable_indexing.cpp:347.)
  protein[k] = v[slices]
/home/test/Desktop/Fed-fold/openfold/utils/tensor_utils.py:95: UserWarning: Using a non-tuple sequence for multidimensional indexing is deprecated and will be changed in pytorch 2.9; use x[tuple(seq)] instead of x[seq]. In pytorch 2.9 this will be interpreted as tensor index, x[torch.tensor(seq)], which will result either in an error or a different result (Triggered internally at /pytorch/torch/csrc/autograd/python_variable_indexing.cpp:347.)
  return data[ranges]
/home/test/Desktop/Fed-fold/openfold/data/data_transforms.py:1261: UserWarning: Using a non-tuple sequence for multidimensional indexing is deprecated and will be changed in pytorch 2.9; use x[tuple(seq)] instead of x[seq]. In pytorch 2.9 this will be interpreted as tensor index, x[torch.tensor(seq)], which will result either in an error or a different result (Triggered internally at /pytorch/torch/csrc/autograd/python_variable_indexing.cpp:347.)
  protein[k] = v[slices]
/home/test/Desktop/Fed-fold/openfold/utils/tensor_utils.py:95: UserWarning: Using a non-tuple sequence for multidimensional indexing is deprecated and will be changed in pytorch 2.9; use x[tuple(seq)] instead of x[seq]. In pytorch 2.9 this will be interpreted as tensor index, x[torch.tensor(seq)], which will result either in an error or a different result (Triggered internally at /pytorch/torch/csrc/autograd/python_variable_indexing.cpp:347.)
  return data[ranges]
/home/test/Desktop/Fed-fold/openfold/utils/tensor_utils.py:95: UserWarning: Using a non-tuple sequence for multidimensional indexing is deprecated and will be changed in pytorch 2.9; use x[tuple(seq)] instead of x[seq]. In pytorch 2.9 this will be interpreted as tensor index, x[torch.tensor(seq)], which will result either in an error or a different result (Triggered internally at /pytorch/torch/csrc/autograd/python_variable_indexing.cpp:347.)
  return data[ranges]
/home/test/Desktop/Fed-fold/openfold/data/data_transforms.py:1261: UserWarning: Using a non-tuple sequence for multidimensional indexing is deprecated and will be changed in pytorch 2.9; use x[tuple(seq)] instead of x[seq]. In pytorch 2.9 this will be interpreted as tensor index, x[torch.tensor(seq)], which will result either in an error or a different result (Triggered internally at /pytorch/torch/csrc/autograd/python_variable_indexing.cpp:347.)
  protein[k] = v[slices]
/home/test/Desktop/Fed-fold/openfold/utils/tensor_utils.py:95: UserWarning: Using a non-tuple sequence for multidimensional indexing is deprecated and will be changed in pytorch 2.9; use x[tuple(seq)] instead of x[seq]. In pytorch 2.9 this will be interpreted as tensor index, x[torch.tensor(seq)], which will result either in an error or a different result (Triggered internally at /pytorch/torch/csrc/autograd/python_variable_indexing.cpp:347.)
  return data[ranges]
/home/test/Desktop/Fed-fold/openfold/utils/tensor_utils.py:95: UserWarning: Using a non-tuple sequence for multidimensional indexing is deprecated and will be changed in pytorch 2.9; use x[tuple(seq)] instead of x[seq]. In pytorch 2.9 this will be interpreted as tensor index, x[torch.tensor(seq)], which will result either in an error or a different result (Triggered internally at /pytorch/torch/csrc/autograd/python_variable_indexing.cpp:347.)
  return data[ranges]
/home/test/Desktop/Fed-fold/openfold/data/data_transforms.py:1261: UserWarning: Using a non-tuple sequence for multidimensional indexing is deprecated and will be changed in pytorch 2.9; use x[tuple(seq)] instead of x[seq]. In pytorch 2.9 this will be interpreted as tensor index, x[torch.tensor(seq)], which will result either in an error or a different result (Triggered internally at /pytorch/torch/csrc/autograd/python_variable_indexing.cpp:347.)
  protein[k] = v[slices]
/home/test/Desktop/Fed-fold/openfold/data/data_transforms.py:1261: UserWarning: Using a non-tuple sequence for multidimensional indexing is deprecated and will be changed in pytorch 2.9; use x[tuple(seq)] instead of x[seq]. In pytorch 2.9 this will be interpreted as tensor index, x[torch.tensor(seq)], which will result either in an error or a different result (Triggered internally at /pytorch/torch/csrc/autograd/python_variable_indexing.cpp:347.)
  protein[k] = v[slices]
/home/test/Desktop/Fed-fold/openfold/data/data_transforms.py:1261: UserWarning: Using a non-tuple sequence for multidimensional indexing is deprecated and will be changed in pytorch 2.9; use x[tuple(seq)] instead of x[seq]. In pytorch 2.9 this will be interpreted as tensor index, x[torch.tensor(seq)], which will result either in an error or a different result (Triggered internally at /pytorch/torch/csrc/autograd/python_variable_indexing.cpp:347.)
  protein[k] = v[slices]
/home/test/Desktop/Fed-fold/openfold/utils/tensor_utils.py:95: UserWarning: Using a non-tuple sequence for multidimensional indexing is deprecated and will be changed in pytorch 2.9; use x[tuple(seq)] instead of x[seq]. In pytorch 2.9 this will be interpreted as tensor index, x[torch.tensor(seq)], which will result either in an error or a different result (Triggered internally at /pytorch/torch/csrc/autograd/python_variable_indexing.cpp:347.)
  return data[ranges]
/home/test/Desktop/Fed-fold/openfold/utils/tensor_utils.py:95: UserWarning: Using a non-tuple sequence for multidimensional indexing is deprecated and will be changed in pytorch 2.9; use x[tuple(seq)] instead of x[seq]. In pytorch 2.9 this will be interpreted as tensor index, x[torch.tensor(seq)], which will result either in an error or a different result (Triggered internally at /pytorch/torch/csrc/autograd/python_variable_indexing.cpp:347.)
  return data[ranges]
/home/test/Desktop/Fed-fold/openfold/data/data_transforms.py:1261: UserWarning: Using a non-tuple sequence for multidimensional indexing is deprecated and will be changed in pytorch 2.9; use x[tuple(seq)] instead of x[seq]. In pytorch 2.9 this will be interpreted as tensor index, x[torch.tensor(seq)], which will result either in an error or a different result (Triggered internally at /pytorch/torch/csrc/autograd/python_variable_indexing.cpp:347.)
  protein[k] = v[slices]
/home/test/Desktop/Fed-fold/openfold/data/data_transforms.py:1261: UserWarning: Using a non-tuple sequence for multidimensional indexing is deprecated and will be changed in pytorch 2.9; use x[tuple(seq)] instead of x[seq]. In pytorch 2.9 this will be interpreted as tensor index, x[torch.tensor(seq)], which will result either in an error or a different result (Triggered internally at /pytorch/torch/csrc/autograd/python_variable_indexing.cpp:347.)
  protein[k] = v[slices]
/home/test/Desktop/Fed-fold/openfold/utils/tensor_utils.py:95: UserWarning: Using a non-tuple sequence for multidimensional indexing is deprecated and will be changed in pytorch 2.9; use x[tuple(seq)] instead of x[seq]. In pytorch 2.9 this will be interpreted as tensor index, x[torch.tensor(seq)], which will result either in an error or a different result (Triggered internally at /pytorch/torch/csrc/autograd/python_variable_indexing.cpp:347.)
  return data[ranges]
/home/test/Desktop/Fed-fold/openfold/utils/tensor_utils.py:95: UserWarning: Using a non-tuple sequence for multidimensional indexing is deprecated and will be changed in pytorch 2.9; use x[tuple(seq)] instead of x[seq]. In pytorch 2.9 this will be interpreted as tensor index, x[torch.tensor(seq)], which will result either in an error or a different result (Triggered internally at /pytorch/torch/csrc/autograd/python_variable_indexing.cpp:347.)
  return data[ranges]
/home/test/Desktop/Fed-fold/openfold/data/data_transforms.py:1261: UserWarning: Using a non-tuple sequence for multidimensional indexing is deprecated and will be changed in pytorch 2.9; use x[tuple(seq)] instead of x[seq]. In pytorch 2.9 this will be interpreted as tensor index, x[torch.tensor(seq)], which will result either in an error or a different result (Triggered internally at /pytorch/torch/csrc/autograd/python_variable_indexing.cpp:347.)
  protein[k] = v[slices]
/home/test/Desktop/Fed-fold/openfold/utils/tensor_utils.py:95: UserWarning: Using a non-tuple sequence for multidimensional indexing is deprecated and will be changed in pytorch 2.9; use x[tuple(seq)] instead of x[seq]. In pytorch 2.9 this will be interpreted as tensor index, x[torch.tensor(seq)], which will result either in an error or a different result (Triggered internally at /pytorch/torch/csrc/autograd/python_variable_indexing.cpp:347.)
  return data[ranges]
/home/test/Desktop/Fed-fold/openfold/data/data_transforms.py:1261: UserWarning: Using a non-tuple sequence for multidimensional indexing is deprecated and will be changed in pytorch 2.9; use x[tuple(seq)] instead of x[seq]. In pytorch 2.9 this will be interpreted as tensor index, x[torch.tensor(seq)], which will result either in an error or a different result (Triggered internally at /pytorch/torch/csrc/autograd/python_variable_indexing.cpp:347.)
  protein[k] = v[slices]
/home/test/Desktop/Fed-fold/openfold/data/data_transforms.py:1261: UserWarning: Using a non-tuple sequence for multidimensional indexing is deprecated and will be changed in pytorch 2.9; use x[tuple(seq)] instead of x[seq]. In pytorch 2.9 this will be interpreted as tensor index, x[torch.tensor(seq)], which will result either in an error or a different result (Triggered internally at /pytorch/torch/csrc/autograd/python_variable_indexing.cpp:347.)
  protein[k] = v[slices]
/home/test/Desktop/Fed-fold/openfold/utils/tensor_utils.py:95: UserWarning: Using a non-tuple sequence for multidimensional indexing is deprecated and will be changed in pytorch 2.9; use x[tuple(seq)] instead of x[seq]. In pytorch 2.9 this will be interpreted as tensor index, x[torch.tensor(seq)], which will result either in an error or a different result (Triggered internally at /pytorch/torch/csrc/autograd/python_variable_indexing.cpp:347.)
  return data[ranges]
/home/test/Desktop/Fed-fold/openfold/utils/tensor_utils.py:95: UserWarning: Using a non-tuple sequence for multidimensional indexing is deprecated and will be changed in pytorch 2.9; use x[tuple(seq)] instead of x[seq]. In pytorch 2.9 this will be interpreted as tensor index, x[torch.tensor(seq)], which will result either in an error or a different result (Triggered internally at /pytorch/torch/csrc/autograd/python_variable_indexing.cpp:347.)
  return data[ranges]
/home/test/Desktop/Fed-fold/openfold/data/data_transforms.py:1261: UserWarning: Using a non-tuple sequence for multidimensional indexing is deprecated and will be changed in pytorch 2.9; use x[tuple(seq)] instead of x[seq]. In pytorch 2.9 this will be interpreted as tensor index, x[torch.tensor(seq)], which will result either in an error or a different result (Triggered internally at /pytorch/torch/csrc/autograd/python_variable_indexing.cpp:347.)
  protein[k] = v[slices]
/home/test/Desktop/Fed-fold/openfold/data/data_transforms.py:1261: UserWarning: Using a non-tuple sequence for multidimensional indexing is deprecated and will be changed in pytorch 2.9; use x[tuple(seq)] instead of x[seq]. In pytorch 2.9 this will be interpreted as tensor index, x[torch.tensor(seq)], which will result either in an error or a different result (Triggered internally at /pytorch/torch/csrc/autograd/python_variable_indexing.cpp:347.)
  protein[k] = v[slices]
/home/test/Desktop/Fed-fold/openfold/utils/tensor_utils.py:95: UserWarning: Using a non-tuple sequence for multidimensional indexing is deprecated and will be changed in pytorch 2.9; use x[tuple(seq)] instead of x[seq]. In pytorch 2.9 this will be interpreted as tensor index, x[torch.tensor(seq)], which will result either in an error or a different result (Triggered internally at /pytorch/torch/csrc/autograd/python_variable_indexing.cpp:347.)
  return data[ranges]
/home/test/Desktop/Fed-fold/openfold/data/data_transforms.py:1261: UserWarning: Using a non-tuple sequence for multidimensional indexing is deprecated and will be changed in pytorch 2.9; use x[tuple(seq)] instead of x[seq]. In pytorch 2.9 this will be interpreted as tensor index, x[torch.tensor(seq)], which will result either in an error or a different result (Triggered internally at /pytorch/torch/csrc/autograd/python_variable_indexing.cpp:347.)
  protein[k] = v[slices]
/home/test/Desktop/Fed-fold/openfold/utils/tensor_utils.py:95: UserWarning: Using a non-tuple sequence for multidimensional indexing is deprecated and will be changed in pytorch 2.9; use x[tuple(seq)] instead of x[seq]. In pytorch 2.9 this will be interpreted as tensor index, x[torch.tensor(seq)], which will result either in an error or a different result (Triggered internally at /pytorch/torch/csrc/autograd/python_variable_indexing.cpp:347.)
  return data[ranges]
/home/test/Desktop/Fed-fold/openfold/data/data_transforms.py:1261: UserWarning: Using a non-tuple sequence for multidimensional indexing is deprecated and will be changed in pytorch 2.9; use x[tuple(seq)] instead of x[seq]. In pytorch 2.9 this will be interpreted as tensor index, x[torch.tensor(seq)], which will result either in an error or a different result (Triggered internally at /pytorch/torch/csrc/autograd/python_variable_indexing.cpp:347.)
  protein[k] = v[slices]
/home/test/Desktop/Fed-fold/openfold/utils/tensor_utils.py:95: UserWarning: Using a non-tuple sequence for multidimensional indexing is deprecated and will be changed in pytorch 2.9; use x[tuple(seq)] instead of x[seq]. In pytorch 2.9 this will be interpreted as tensor index, x[torch.tensor(seq)], which will result either in an error or a different result (Triggered internally at /pytorch/torch/csrc/autograd/python_variable_indexing.cpp:347.)
  return data[ranges]
/home/test/Desktop/Fed-fold/openfold/data/data_transforms.py:1261: UserWarning: Using a non-tuple sequence for multidimensional indexing is deprecated and will be changed in pytorch 2.9; use x[tuple(seq)] instead of x[seq]. In pytorch 2.9 this will be interpreted as tensor index, x[torch.tensor(seq)], which will result either in an error or a different result (Triggered internally at /pytorch/torch/csrc/autograd/python_variable_indexing.cpp:347.)
  protein[k] = v[slices]
/home/test/Desktop/Fed-fold/openfold/utils/tensor_utils.py:95: UserWarning: Using a non-tuple sequence for multidimensional indexing is deprecated and will be changed in pytorch 2.9; use x[tuple(seq)] instead of x[seq]. In pytorch 2.9 this will be interpreted as tensor index, x[torch.tensor(seq)], which will result either in an error or a different result (Triggered internally at /pytorch/torch/csrc/autograd/python_variable_indexing.cpp:347.)
  return data[ranges]
/home/test/Desktop/Fed-fold/openfold/data/data_transforms.py:1261: UserWarning: Using a non-tuple sequence for multidimensional indexing is deprecated and will be changed in pytorch 2.9; use x[tuple(seq)] instead of x[seq]. In pytorch 2.9 this will be interpreted as tensor index, x[torch.tensor(seq)], which will result either in an error or a different result (Triggered internally at /pytorch/torch/csrc/autograd/python_variable_indexing.cpp:347.)
  protein[k] = v[slices]
/home/test/Desktop/Fed-fold/openfold/utils/tensor_utils.py:95: UserWarning: Using a non-tuple sequence for multidimensional indexing is deprecated and will be changed in pytorch 2.9; use x[tuple(seq)] instead of x[seq]. In pytorch 2.9 this will be interpreted as tensor index, x[torch.tensor(seq)], which will result either in an error or a different result (Triggered internally at /pytorch/torch/csrc/autograd/python_variable_indexing.cpp:347.)
  return data[ranges]
/home/test/Desktop/Fed-fold/openfold/data/data_transforms.py:1261: UserWarning: Using a non-tuple sequence for multidimensional indexing is deprecated and will be changed in pytorch 2.9; use x[tuple(seq)] instead of x[seq]. In pytorch 2.9 this will be interpreted as tensor index, x[torch.tensor(seq)], which will result either in an error or a different result (Triggered internally at /pytorch/torch/csrc/autograd/python_variable_indexing.cpp:347.)
  protein[k] = v[slices]
/home/test/Desktop/Fed-fold/openfold/utils/tensor_utils.py:95: UserWarning: Using a non-tuple sequence for multidimensional indexing is deprecated and will be changed in pytorch 2.9; use x[tuple(seq)] instead of x[seq]. In pytorch 2.9 this will be interpreted as tensor index, x[torch.tensor(seq)], which will result either in an error or a different result (Triggered internally at /pytorch/torch/csrc/autograd/python_variable_indexing.cpp:347.)
  return data[ranges]
/home/test/Desktop/Fed-fold/openfold/data/data_transforms.py:1261: UserWarning: Using a non-tuple sequence for multidimensional indexing is deprecated and will be changed in pytorch 2.9; use x[tuple(seq)] instead of x[seq]. In pytorch 2.9 this will be interpreted as tensor index, x[torch.tensor(seq)], which will result either in an error or a different result (Triggered internally at /pytorch/torch/csrc/autograd/python_variable_indexing.cpp:347.)
  protein[k] = v[slices]
/home/test/Desktop/Fed-fold/openfold/utils/tensor_utils.py:95: UserWarning: Using a non-tuple sequence for multidimensional indexing is deprecated and will be changed in pytorch 2.9; use x[tuple(seq)] instead of x[seq]. In pytorch 2.9 this will be interpreted as tensor index, x[torch.tensor(seq)], which will result either in an error or a different result (Triggered internally at /pytorch/torch/csrc/autograd/python_variable_indexing.cpp:347.)
  return data[ranges]
/home/test/Desktop/Fed-fold/openfold/data/data_transforms.py:1261: UserWarning: Using a non-tuple sequence for multidimensional indexing is deprecated and will be changed in pytorch 2.9; use x[tuple(seq)] instead of x[seq]. In pytorch 2.9 this will be interpreted as tensor index, x[torch.tensor(seq)], which will result either in an error or a different result (Triggered internally at /pytorch/torch/csrc/autograd/python_variable_indexing.cpp:347.)
  protein[k] = v[slices]
/home/test/Desktop/Fed-fold/openfold/utils/tensor_utils.py:95: UserWarning: Using a non-tuple sequence for multidimensional indexing is deprecated and will be changed in pytorch 2.9; use x[tuple(seq)] instead of x[seq]. In pytorch 2.9 this will be interpreted as tensor index, x[torch.tensor(seq)], which will result either in an error or a different result (Triggered internally at /pytorch/torch/csrc/autograd/python_variable_indexing.cpp:347.)
  return data[ranges]
/home/test/Desktop/Fed-fold/openfold/data/data_transforms.py:1261: UserWarning: Using a non-tuple sequence for multidimensional indexing is deprecated and will be changed in pytorch 2.9; use x[tuple(seq)] instead of x[seq]. In pytorch 2.9 this will be interpreted as tensor index, x[torch.tensor(seq)], which will result either in an error or a different result (Triggered internally at /pytorch/torch/csrc/autograd/python_variable_indexing.cpp:347.)
  protein[k] = v[slices]
[rank0]:W0730 02:45:48.683000 43316 site-packages/torch/fx/_symbolic_trace.py:53] is_fx_tracing will return true for both fx.symbolic_trace and torch.export. Please use is_fx_tracing_symbolic_tracing() for specifically fx.symbolic_trace or torch.compiler.is_compiling() for specifically torch.export/compile.
/home/test/Desktop/Fed-fold/openfold/utils/tensor_utils.py:95: UserWarning: Using a non-tuple sequence for multidimensional indexing is deprecated and will be changed in pytorch 2.9; use x[tuple(seq)] instead of x[seq]. In pytorch 2.9 this will be interpreted as tensor index, x[torch.tensor(seq)], which will result either in an error or a different result (Triggered internally at /pytorch/torch/csrc/autograd/python_variable_indexing.cpp:347.)
  return data[ranges]
/home/test/miniconda3/envs/Fedfold/lib/python3.10/site-packages/pytorch_lightning/core/module.py:522: You called `self.log('train/distogram', ..., logger=True)` but have no logger configured. You can enable one by doing `Trainer(logger=ALogger(...))`
/home/test/miniconda3/envs/Fedfold/lib/python3.10/site-packages/pytorch_lightning/core/module.py:522: You called `self.log('train/distogram_epoch', ..., logger=True)` but have no logger configured. You can enable one by doing `Trainer(logger=ALogger(...))`
/home/test/miniconda3/envs/Fedfold/lib/python3.10/site-packages/pytorch_lightning/core/module.py:522: You called `self.log('train/experimentally_resolved', ..., logger=True)` but have no logger configured. You can enable one by doing `Trainer(logger=ALogger(...))`
/home/test/miniconda3/envs/Fedfold/lib/python3.10/site-packages/pytorch_lightning/core/module.py:522: You called `self.log('train/experimentally_resolved_epoch', ..., logger=True)` but have no logger configured. You can enable one by doing `Trainer(logger=ALogger(...))`
/home/test/miniconda3/envs/Fedfold/lib/python3.10/site-packages/pytorch_lightning/core/module.py:522: You called `self.log('train/fape', ..., logger=True)` but have no logger configured. You can enable one by doing `Trainer(logger=ALogger(...))`
/home/test/miniconda3/envs/Fedfold/lib/python3.10/site-packages/pytorch_lightning/core/module.py:522: You called `self.log('train/fape_epoch', ..., logger=True)` but have no logger configured. You can enable one by doing `Trainer(logger=ALogger(...))`
/home/test/miniconda3/envs/Fedfold/lib/python3.10/site-packages/pytorch_lightning/core/module.py:522: You called `self.log('train/plddt_loss', ..., logger=True)` but have no logger configured. You can enable one by doing `Trainer(logger=ALogger(...))`
/home/test/miniconda3/envs/Fedfold/lib/python3.10/site-packages/pytorch_lightning/core/module.py:522: You called `self.log('train/plddt_loss_epoch', ..., logger=True)` but have no logger configured. You can enable one by doing `Trainer(logger=ALogger(...))`
/home/test/miniconda3/envs/Fedfold/lib/python3.10/site-packages/pytorch_lightning/core/module.py:522: You called `self.log('train/masked_msa', ..., logger=True)` but have no logger configured. You can enable one by doing `Trainer(logger=ALogger(...))`
/home/test/miniconda3/envs/Fedfold/lib/python3.10/site-packages/pytorch_lightning/core/module.py:522: You called `self.log('train/masked_msa_epoch', ..., logger=True)` but have no logger configured. You can enable one by doing `Trainer(logger=ALogger(...))`
/home/test/miniconda3/envs/Fedfold/lib/python3.10/site-packages/pytorch_lightning/core/module.py:522: You called `self.log('train/supervised_chi', ..., logger=True)` but have no logger configured. You can enable one by doing `Trainer(logger=ALogger(...))`
/home/test/miniconda3/envs/Fedfold/lib/python3.10/site-packages/pytorch_lightning/core/module.py:522: You called `self.log('train/supervised_chi_epoch', ..., logger=True)` but have no logger configured. You can enable one by doing `Trainer(logger=ALogger(...))`
/home/test/miniconda3/envs/Fedfold/lib/python3.10/site-packages/pytorch_lightning/core/module.py:522: You called `self.log('train/violation', ..., logger=True)` but have no logger configured. You can enable one by doing `Trainer(logger=ALogger(...))`
/home/test/miniconda3/envs/Fedfold/lib/python3.10/site-packages/pytorch_lightning/core/module.py:522: You called `self.log('train/violation_epoch', ..., logger=True)` but have no logger configured. You can enable one by doing `Trainer(logger=ALogger(...))`
/home/test/miniconda3/envs/Fedfold/lib/python3.10/site-packages/pytorch_lightning/core/module.py:522: You called `self.log('train/tm', ..., logger=True)` but have no logger configured. You can enable one by doing `Trainer(logger=ALogger(...))`
/home/test/miniconda3/envs/Fedfold/lib/python3.10/site-packages/pytorch_lightning/core/module.py:522: You called `self.log('train/tm_epoch', ..., logger=True)` but have no logger configured. You can enable one by doing `Trainer(logger=ALogger(...))`
/home/test/miniconda3/envs/Fedfold/lib/python3.10/site-packages/pytorch_lightning/core/module.py:522: You called `self.log('train/unscaled_loss', ..., logger=True)` but have no logger configured. You can enable one by doing `Trainer(logger=ALogger(...))`
/home/test/miniconda3/envs/Fedfold/lib/python3.10/site-packages/pytorch_lightning/core/module.py:522: You called `self.log('train/unscaled_loss_epoch', ..., logger=True)` but have no logger configured. You can enable one by doing `Trainer(logger=ALogger(...))`
/home/test/miniconda3/envs/Fedfold/lib/python3.10/site-packages/pytorch_lightning/core/module.py:522: You called `self.log('train/loss', ..., logger=True)` but have no logger configured. You can enable one by doing `Trainer(logger=ALogger(...))`
/home/test/miniconda3/envs/Fedfold/lib/python3.10/site-packages/pytorch_lightning/core/module.py:522: You called `self.log('train/loss_epoch', ..., logger=True)` but have no logger configured. You can enable one by doing `Trainer(logger=ALogger(...))`
/home/test/miniconda3/envs/Fedfold/lib/python3.10/site-packages/pytorch_lightning/core/module.py:522: You called `self.log('train/lddt_ca', ..., logger=True)` but have no logger configured. You can enable one by doing `Trainer(logger=ALogger(...))`
/home/test/miniconda3/envs/Fedfold/lib/python3.10/site-packages/pytorch_lightning/core/module.py:522: You called `self.log('train/drmsd_ca', ..., logger=True)` but have no logger configured. You can enable one by doing `Trainer(logger=ALogger(...))`
Epoch 0:   2%|▏         | 1/64 [00:12<12:51,  0.08it/s]Epoch 0:   2%|▏         | 1/64 [00:12<12:51,  0.08it/s, train/loss=38.20]/home/test/Desktop/Fed-fold/openfold/utils/tensor_utils.py:95: UserWarning: Using a non-tuple sequence for multidimensional indexing is deprecated and will be changed in pytorch 2.9; use x[tuple(seq)] instead of x[seq]. In pytorch 2.9 this will be interpreted as tensor index, x[torch.tensor(seq)], which will result either in an error or a different result (Triggered internally at /pytorch/torch/csrc/autograd/python_variable_indexing.cpp:347.)
  return data[ranges]
/home/test/Desktop/Fed-fold/openfold/data/data_transforms.py:1261: UserWarning: Using a non-tuple sequence for multidimensional indexing is deprecated and will be changed in pytorch 2.9; use x[tuple(seq)] instead of x[seq]. In pytorch 2.9 this will be interpreted as tensor index, x[torch.tensor(seq)], which will result either in an error or a different result (Triggered internally at /pytorch/torch/csrc/autograd/python_variable_indexing.cpp:347.)
  protein[k] = v[slices]
Epoch 0:   3%|▎         | 2/64 [00:24<12:40,  0.08it/s, train/loss=38.20]Epoch 0:   3%|▎         | 2/64 [00:24<12:40,  0.08it/s, train/loss=25.40]/home/test/Desktop/Fed-fold/openfold/utils/tensor_utils.py:95: UserWarning: Using a non-tuple sequence for multidimensional indexing is deprecated and will be changed in pytorch 2.9; use x[tuple(seq)] instead of x[seq]. In pytorch 2.9 this will be interpreted as tensor index, x[torch.tensor(seq)], which will result either in an error or a different result (Triggered internally at /pytorch/torch/csrc/autograd/python_variable_indexing.cpp:347.)
  return data[ranges]
/home/test/Desktop/Fed-fold/openfold/data/data_transforms.py:1261: UserWarning: Using a non-tuple sequence for multidimensional indexing is deprecated and will be changed in pytorch 2.9; use x[tuple(seq)] instead of x[seq]. In pytorch 2.9 this will be interpreted as tensor index, x[torch.tensor(seq)], which will result either in an error or a different result (Triggered internally at /pytorch/torch/csrc/autograd/python_variable_indexing.cpp:347.)
  protein[k] = v[slices]
Epoch 0:   5%|▍         | 3/64 [00:31<10:50,  0.09it/s, train/loss=25.40]Epoch 0:   5%|▍         | 3/64 [00:31<10:50,  0.09it/s, train/loss=35.80]/home/test/Desktop/Fed-fold/openfold/utils/tensor_utils.py:95: UserWarning: Using a non-tuple sequence for multidimensional indexing is deprecated and will be changed in pytorch 2.9; use x[tuple(seq)] instead of x[seq]. In pytorch 2.9 this will be interpreted as tensor index, x[torch.tensor(seq)], which will result either in an error or a different result (Triggered internally at /pytorch/torch/csrc/autograd/python_variable_indexing.cpp:347.)
  return data[ranges]
/home/test/Desktop/Fed-fold/openfold/data/data_transforms.py:1261: UserWarning: Using a non-tuple sequence for multidimensional indexing is deprecated and will be changed in pytorch 2.9; use x[tuple(seq)] instead of x[seq]. In pytorch 2.9 this will be interpreted as tensor index, x[torch.tensor(seq)], which will result either in an error or a different result (Triggered internally at /pytorch/torch/csrc/autograd/python_variable_indexing.cpp:347.)
  protein[k] = v[slices]
Epoch 0:   6%|▋         | 4/64 [00:44<11:04,  0.09it/s, train/loss=35.80]Epoch 0:   6%|▋         | 4/64 [00:44<11:04,  0.09it/s, train/loss=28.20]/home/test/Desktop/Fed-fold/openfold/utils/tensor_utils.py:95: UserWarning: Using a non-tuple sequence for multidimensional indexing is deprecated and will be changed in pytorch 2.9; use x[tuple(seq)] instead of x[seq]. In pytorch 2.9 this will be interpreted as tensor index, x[torch.tensor(seq)], which will result either in an error or a different result (Triggered internally at /pytorch/torch/csrc/autograd/python_variable_indexing.cpp:347.)
  return data[ranges]
/home/test/Desktop/Fed-fold/openfold/data/data_transforms.py:1261: UserWarning: Using a non-tuple sequence for multidimensional indexing is deprecated and will be changed in pytorch 2.9; use x[tuple(seq)] instead of x[seq]. In pytorch 2.9 this will be interpreted as tensor index, x[torch.tensor(seq)], which will result either in an error or a different result (Triggered internally at /pytorch/torch/csrc/autograd/python_variable_indexing.cpp:347.)
  protein[k] = v[slices]
Epoch 0:   8%|▊         | 5/64 [00:56<11:07,  0.09it/s, train/loss=28.20]Epoch 0:   8%|▊         | 5/64 [00:56<11:07,  0.09it/s, train/loss=24.80]Epoch 0:   9%|▉         | 6/64 [01:08<11:05,  0.09it/s, train/loss=24.80]Epoch 0:   9%|▉         | 6/64 [01:08<11:05,  0.09it/s, train/loss=32.60]/home/test/Desktop/Fed-fold/openfold/utils/tensor_utils.py:95: UserWarning: Using a non-tuple sequence for multidimensional indexing is deprecated and will be changed in pytorch 2.9; use x[tuple(seq)] instead of x[seq]. In pytorch 2.9 this will be interpreted as tensor index, x[torch.tensor(seq)], which will result either in an error or a different result (Triggered internally at /pytorch/torch/csrc/autograd/python_variable_indexing.cpp:347.)
  return data[ranges]
/home/test/Desktop/Fed-fold/openfold/data/data_transforms.py:1261: UserWarning: Using a non-tuple sequence for multidimensional indexing is deprecated and will be changed in pytorch 2.9; use x[tuple(seq)] instead of x[seq]. In pytorch 2.9 this will be interpreted as tensor index, x[torch.tensor(seq)], which will result either in an error or a different result (Triggered internally at /pytorch/torch/csrc/autograd/python_variable_indexing.cpp:347.)
  protein[k] = v[slices]
Epoch 0:  11%|█         | 7/64 [01:16<10:21,  0.09it/s, train/loss=32.60]Epoch 0:  11%|█         | 7/64 [01:16<10:21,  0.09it/s, train/loss=25.60]/home/test/Desktop/Fed-fold/openfold/utils/tensor_utils.py:95: UserWarning: Using a non-tuple sequence for multidimensional indexing is deprecated and will be changed in pytorch 2.9; use x[tuple(seq)] instead of x[seq]. In pytorch 2.9 this will be interpreted as tensor index, x[torch.tensor(seq)], which will result either in an error or a different result (Triggered internally at /pytorch/torch/csrc/autograd/python_variable_indexing.cpp:347.)
  return data[ranges]
/home/test/Desktop/Fed-fold/openfold/data/data_transforms.py:1261: UserWarning: Using a non-tuple sequence for multidimensional indexing is deprecated and will be changed in pytorch 2.9; use x[tuple(seq)] instead of x[seq]. In pytorch 2.9 this will be interpreted as tensor index, x[torch.tensor(seq)], which will result either in an error or a different result (Triggered internally at /pytorch/torch/csrc/autograd/python_variable_indexing.cpp:347.)
  protein[k] = v[slices]
Epoch 0:  12%|█▎        | 8/64 [01:23<09:46,  0.10it/s, train/loss=25.60]Epoch 0:  12%|█▎        | 8/64 [01:23<09:46,  0.10it/s, train/loss=38.50]/home/test/Desktop/Fed-fold/openfold/utils/tensor_utils.py:95: UserWarning: Using a non-tuple sequence for multidimensional indexing is deprecated and will be changed in pytorch 2.9; use x[tuple(seq)] instead of x[seq]. In pytorch 2.9 this will be interpreted as tensor index, x[torch.tensor(seq)], which will result either in an error or a different result (Triggered internally at /pytorch/torch/csrc/autograd/python_variable_indexing.cpp:347.)
  return data[ranges]
/home/test/Desktop/Fed-fold/openfold/data/data_transforms.py:1261: UserWarning: Using a non-tuple sequence for multidimensional indexing is deprecated and will be changed in pytorch 2.9; use x[tuple(seq)] instead of x[seq]. In pytorch 2.9 this will be interpreted as tensor index, x[torch.tensor(seq)], which will result either in an error or a different result (Triggered internally at /pytorch/torch/csrc/autograd/python_variable_indexing.cpp:347.)
  protein[k] = v[slices]
Epoch 0:  14%|█▍        | 9/64 [01:31<09:17,  0.10it/s, train/loss=38.50]Epoch 0:  14%|█▍        | 9/64 [01:31<09:17,  0.10it/s, train/loss=37.50]/home/test/Desktop/Fed-fold/openfold/utils/tensor_utils.py:95: UserWarning: Using a non-tuple sequence for multidimensional indexing is deprecated and will be changed in pytorch 2.9; use x[tuple(seq)] instead of x[seq]. In pytorch 2.9 this will be interpreted as tensor index, x[torch.tensor(seq)], which will result either in an error or a different result (Triggered internally at /pytorch/torch/csrc/autograd/python_variable_indexing.cpp:347.)
  return data[ranges]
/home/test/Desktop/Fed-fold/openfold/data/data_transforms.py:1261: UserWarning: Using a non-tuple sequence for multidimensional indexing is deprecated and will be changed in pytorch 2.9; use x[tuple(seq)] instead of x[seq]. In pytorch 2.9 this will be interpreted as tensor index, x[torch.tensor(seq)], which will result either in an error or a different result (Triggered internally at /pytorch/torch/csrc/autograd/python_variable_indexing.cpp:347.)
  protein[k] = v[slices]
Epoch 0:  16%|█▌        | 10/64 [01:38<08:52,  0.10it/s, train/loss=37.50]Epoch 0:  16%|█▌        | 10/64 [01:38<08:52,  0.10it/s, train/loss=22.20]/home/test/Desktop/Fed-fold/openfold/utils/tensor_utils.py:95: UserWarning: Using a non-tuple sequence for multidimensional indexing is deprecated and will be changed in pytorch 2.9; use x[tuple(seq)] instead of x[seq]. In pytorch 2.9 this will be interpreted as tensor index, x[torch.tensor(seq)], which will result either in an error or a different result (Triggered internally at /pytorch/torch/csrc/autograd/python_variable_indexing.cpp:347.)
  return data[ranges]
/home/test/Desktop/Fed-fold/openfold/data/data_transforms.py:1261: UserWarning: Using a non-tuple sequence for multidimensional indexing is deprecated and will be changed in pytorch 2.9; use x[tuple(seq)] instead of x[seq]. In pytorch 2.9 this will be interpreted as tensor index, x[torch.tensor(seq)], which will result either in an error or a different result (Triggered internally at /pytorch/torch/csrc/autograd/python_variable_indexing.cpp:347.)
  protein[k] = v[slices]
Epoch 0:  17%|█▋        | 11/64 [01:46<08:31,  0.10it/s, train/loss=22.20]Epoch 0:  17%|█▋        | 11/64 [01:46<08:31,  0.10it/s, train/loss=32.80]/home/test/Desktop/Fed-fold/openfold/utils/tensor_utils.py:95: UserWarning: Using a non-tuple sequence for multidimensional indexing is deprecated and will be changed in pytorch 2.9; use x[tuple(seq)] instead of x[seq]. In pytorch 2.9 this will be interpreted as tensor index, x[torch.tensor(seq)], which will result either in an error or a different result (Triggered internally at /pytorch/torch/csrc/autograd/python_variable_indexing.cpp:347.)
  return data[ranges]
/home/test/Desktop/Fed-fold/openfold/data/data_transforms.py:1261: UserWarning: Using a non-tuple sequence for multidimensional indexing is deprecated and will be changed in pytorch 2.9; use x[tuple(seq)] instead of x[seq]. In pytorch 2.9 this will be interpreted as tensor index, x[torch.tensor(seq)], which will result either in an error or a different result (Triggered internally at /pytorch/torch/csrc/autograd/python_variable_indexing.cpp:347.)
  protein[k] = v[slices]
Epoch 0:  19%|█▉        | 12/64 [01:56<08:26,  0.10it/s, train/loss=32.80]Epoch 0:  19%|█▉        | 12/64 [01:56<08:26,  0.10it/s, train/loss=37.80]/home/test/Desktop/Fed-fold/openfold/utils/tensor_utils.py:95: UserWarning: Using a non-tuple sequence for multidimensional indexing is deprecated and will be changed in pytorch 2.9; use x[tuple(seq)] instead of x[seq]. In pytorch 2.9 this will be interpreted as tensor index, x[torch.tensor(seq)], which will result either in an error or a different result (Triggered internally at /pytorch/torch/csrc/autograd/python_variable_indexing.cpp:347.)
  return data[ranges]
/home/test/Desktop/Fed-fold/openfold/data/data_transforms.py:1261: UserWarning: Using a non-tuple sequence for multidimensional indexing is deprecated and will be changed in pytorch 2.9; use x[tuple(seq)] instead of x[seq]. In pytorch 2.9 this will be interpreted as tensor index, x[torch.tensor(seq)], which will result either in an error or a different result (Triggered internally at /pytorch/torch/csrc/autograd/python_variable_indexing.cpp:347.)
  protein[k] = v[slices]
Epoch 0:  20%|██        | 13/64 [02:09<08:26,  0.10it/s, train/loss=37.80]Epoch 0:  20%|██        | 13/64 [02:09<08:26,  0.10it/s, train/loss=19.80]/home/test/Desktop/Fed-fold/openfold/utils/tensor_utils.py:95: UserWarning: Using a non-tuple sequence for multidimensional indexing is deprecated and will be changed in pytorch 2.9; use x[tuple(seq)] instead of x[seq]. In pytorch 2.9 this will be interpreted as tensor index, x[torch.tensor(seq)], which will result either in an error or a different result (Triggered internally at /pytorch/torch/csrc/autograd/python_variable_indexing.cpp:347.)
  return data[ranges]
/home/test/Desktop/Fed-fold/openfold/data/data_transforms.py:1261: UserWarning: Using a non-tuple sequence for multidimensional indexing is deprecated and will be changed in pytorch 2.9; use x[tuple(seq)] instead of x[seq]. In pytorch 2.9 this will be interpreted as tensor index, x[torch.tensor(seq)], which will result either in an error or a different result (Triggered internally at /pytorch/torch/csrc/autograd/python_variable_indexing.cpp:347.)
  protein[k] = v[slices]
Epoch 0:  22%|██▏       | 14/64 [02:21<08:25,  0.10it/s, train/loss=19.80]Epoch 0:  22%|██▏       | 14/64 [02:21<08:25,  0.10it/s, train/loss=35.70]/home/test/Desktop/Fed-fold/openfold/utils/tensor_utils.py:95: UserWarning: Using a non-tuple sequence for multidimensional indexing is deprecated and will be changed in pytorch 2.9; use x[tuple(seq)] instead of x[seq]. In pytorch 2.9 this will be interpreted as tensor index, x[torch.tensor(seq)], which will result either in an error or a different result (Triggered internally at /pytorch/torch/csrc/autograd/python_variable_indexing.cpp:347.)
  return data[ranges]
/home/test/Desktop/Fed-fold/openfold/data/data_transforms.py:1261: UserWarning: Using a non-tuple sequence for multidimensional indexing is deprecated and will be changed in pytorch 2.9; use x[tuple(seq)] instead of x[seq]. In pytorch 2.9 this will be interpreted as tensor index, x[torch.tensor(seq)], which will result either in an error or a different result (Triggered internally at /pytorch/torch/csrc/autograd/python_variable_indexing.cpp:347.)
  protein[k] = v[slices]
Epoch 0:  23%|██▎       | 15/64 [02:33<08:22,  0.10it/s, train/loss=35.70]Epoch 0:  23%|██▎       | 15/64 [02:33<08:22,  0.10it/s, train/loss=27.30]/home/test/Desktop/Fed-fold/openfold/utils/tensor_utils.py:95: UserWarning: Using a non-tuple sequence for multidimensional indexing is deprecated and will be changed in pytorch 2.9; use x[tuple(seq)] instead of x[seq]. In pytorch 2.9 this will be interpreted as tensor index, x[torch.tensor(seq)], which will result either in an error or a different result (Triggered internally at /pytorch/torch/csrc/autograd/python_variable_indexing.cpp:347.)
  return data[ranges]
/home/test/Desktop/Fed-fold/openfold/data/data_transforms.py:1261: UserWarning: Using a non-tuple sequence for multidimensional indexing is deprecated and will be changed in pytorch 2.9; use x[tuple(seq)] instead of x[seq]. In pytorch 2.9 this will be interpreted as tensor index, x[torch.tensor(seq)], which will result either in an error or a different result (Triggered internally at /pytorch/torch/csrc/autograd/python_variable_indexing.cpp:347.)
  protein[k] = v[slices]
Epoch 0:  25%|██▌       | 16/64 [02:42<08:08,  0.10it/s, train/loss=27.30]Epoch 0:  25%|██▌       | 16/64 [02:42<08:08,  0.10it/s, train/loss=20.80]/home/test/Desktop/Fed-fold/openfold/utils/tensor_utils.py:95: UserWarning: Using a non-tuple sequence for multidimensional indexing is deprecated and will be changed in pytorch 2.9; use x[tuple(seq)] instead of x[seq]. In pytorch 2.9 this will be interpreted as tensor index, x[torch.tensor(seq)], which will result either in an error or a different result (Triggered internally at /pytorch/torch/csrc/autograd/python_variable_indexing.cpp:347.)
  return data[ranges]
/home/test/Desktop/Fed-fold/openfold/data/data_transforms.py:1261: UserWarning: Using a non-tuple sequence for multidimensional indexing is deprecated and will be changed in pytorch 2.9; use x[tuple(seq)] instead of x[seq]. In pytorch 2.9 this will be interpreted as tensor index, x[torch.tensor(seq)], which will result either in an error or a different result (Triggered internally at /pytorch/torch/csrc/autograd/python_variable_indexing.cpp:347.)
  protein[k] = v[slices]
Epoch 0:  27%|██▋       | 17/64 [02:50<07:50,  0.10it/s, train/loss=20.80]Epoch 0:  27%|██▋       | 17/64 [02:50<07:50,  0.10it/s, train/loss=31.30]/home/test/Desktop/Fed-fold/openfold/utils/tensor_utils.py:95: UserWarning: Using a non-tuple sequence for multidimensional indexing is deprecated and will be changed in pytorch 2.9; use x[tuple(seq)] instead of x[seq]. In pytorch 2.9 this will be interpreted as tensor index, x[torch.tensor(seq)], which will result either in an error or a different result (Triggered internally at /pytorch/torch/csrc/autograd/python_variable_indexing.cpp:347.)
  return data[ranges]
/home/test/Desktop/Fed-fold/openfold/data/data_transforms.py:1261: UserWarning: Using a non-tuple sequence for multidimensional indexing is deprecated and will be changed in pytorch 2.9; use x[tuple(seq)] instead of x[seq]. In pytorch 2.9 this will be interpreted as tensor index, x[torch.tensor(seq)], which will result either in an error or a different result (Triggered internally at /pytorch/torch/csrc/autograd/python_variable_indexing.cpp:347.)
  protein[k] = v[slices]
Epoch 0:  28%|██▊       | 18/64 [02:57<07:34,  0.10it/s, train/loss=31.30]Epoch 0:  28%|██▊       | 18/64 [02:57<07:34,  0.10it/s, train/loss=25.40]/home/test/Desktop/Fed-fold/openfold/utils/tensor_utils.py:95: UserWarning: Using a non-tuple sequence for multidimensional indexing is deprecated and will be changed in pytorch 2.9; use x[tuple(seq)] instead of x[seq]. In pytorch 2.9 this will be interpreted as tensor index, x[torch.tensor(seq)], which will result either in an error or a different result (Triggered internally at /pytorch/torch/csrc/autograd/python_variable_indexing.cpp:347.)
  return data[ranges]
/home/test/Desktop/Fed-fold/openfold/data/data_transforms.py:1261: UserWarning: Using a non-tuple sequence for multidimensional indexing is deprecated and will be changed in pytorch 2.9; use x[tuple(seq)] instead of x[seq]. In pytorch 2.9 this will be interpreted as tensor index, x[torch.tensor(seq)], which will result either in an error or a different result (Triggered internally at /pytorch/torch/csrc/autograd/python_variable_indexing.cpp:347.)
  protein[k] = v[slices]
Epoch 0:  30%|██▉       | 19/64 [03:08<07:26,  0.10it/s, train/loss=25.40]Epoch 0:  30%|██▉       | 19/64 [03:08<07:26,  0.10it/s, train/loss=28.70]/home/test/Desktop/Fed-fold/openfold/utils/tensor_utils.py:95: UserWarning: Using a non-tuple sequence for multidimensional indexing is deprecated and will be changed in pytorch 2.9; use x[tuple(seq)] instead of x[seq]. In pytorch 2.9 this will be interpreted as tensor index, x[torch.tensor(seq)], which will result either in an error or a different result (Triggered internally at /pytorch/torch/csrc/autograd/python_variable_indexing.cpp:347.)
  return data[ranges]
/home/test/Desktop/Fed-fold/openfold/data/data_transforms.py:1261: UserWarning: Using a non-tuple sequence for multidimensional indexing is deprecated and will be changed in pytorch 2.9; use x[tuple(seq)] instead of x[seq]. In pytorch 2.9 this will be interpreted as tensor index, x[torch.tensor(seq)], which will result either in an error or a different result (Triggered internally at /pytorch/torch/csrc/autograd/python_variable_indexing.cpp:347.)
  protein[k] = v[slices]
Epoch 0:  31%|███▏      | 20/64 [03:17<07:14,  0.10it/s, train/loss=28.70]Epoch 0:  31%|███▏      | 20/64 [03:17<07:14,  0.10it/s, train/loss=44.70]/home/test/Desktop/Fed-fold/openfold/utils/tensor_utils.py:95: UserWarning: Using a non-tuple sequence for multidimensional indexing is deprecated and will be changed in pytorch 2.9; use x[tuple(seq)] instead of x[seq]. In pytorch 2.9 this will be interpreted as tensor index, x[torch.tensor(seq)], which will result either in an error or a different result (Triggered internally at /pytorch/torch/csrc/autograd/python_variable_indexing.cpp:347.)
  return data[ranges]
/home/test/Desktop/Fed-fold/openfold/data/data_transforms.py:1261: UserWarning: Using a non-tuple sequence for multidimensional indexing is deprecated and will be changed in pytorch 2.9; use x[tuple(seq)] instead of x[seq]. In pytorch 2.9 this will be interpreted as tensor index, x[torch.tensor(seq)], which will result either in an error or a different result (Triggered internally at /pytorch/torch/csrc/autograd/python_variable_indexing.cpp:347.)
  protein[k] = v[slices]
Epoch 0:  33%|███▎      | 21/64 [03:28<07:06,  0.10it/s, train/loss=44.70]Epoch 0:  33%|███▎      | 21/64 [03:28<07:06,  0.10it/s, train/loss=28.40]/home/test/Desktop/Fed-fold/openfold/utils/tensor_utils.py:95: UserWarning: Using a non-tuple sequence for multidimensional indexing is deprecated and will be changed in pytorch 2.9; use x[tuple(seq)] instead of x[seq]. In pytorch 2.9 this will be interpreted as tensor index, x[torch.tensor(seq)], which will result either in an error or a different result (Triggered internally at /pytorch/torch/csrc/autograd/python_variable_indexing.cpp:347.)
  return data[ranges]
/home/test/Desktop/Fed-fold/openfold/data/data_transforms.py:1261: UserWarning: Using a non-tuple sequence for multidimensional indexing is deprecated and will be changed in pytorch 2.9; use x[tuple(seq)] instead of x[seq]. In pytorch 2.9 this will be interpreted as tensor index, x[torch.tensor(seq)], which will result either in an error or a different result (Triggered internally at /pytorch/torch/csrc/autograd/python_variable_indexing.cpp:347.)
  protein[k] = v[slices]
Epoch 0:  34%|███▍      | 22/64 [03:40<07:01,  0.10it/s, train/loss=28.40]Epoch 0:  34%|███▍      | 22/64 [03:40<07:01,  0.10it/s, train/loss=29.30]/home/test/Desktop/Fed-fold/openfold/utils/tensor_utils.py:95: UserWarning: Using a non-tuple sequence for multidimensional indexing is deprecated and will be changed in pytorch 2.9; use x[tuple(seq)] instead of x[seq]. In pytorch 2.9 this will be interpreted as tensor index, x[torch.tensor(seq)], which will result either in an error or a different result (Triggered internally at /pytorch/torch/csrc/autograd/python_variable_indexing.cpp:347.)
  return data[ranges]
/home/test/Desktop/Fed-fold/openfold/data/data_transforms.py:1261: UserWarning: Using a non-tuple sequence for multidimensional indexing is deprecated and will be changed in pytorch 2.9; use x[tuple(seq)] instead of x[seq]. In pytorch 2.9 this will be interpreted as tensor index, x[torch.tensor(seq)], which will result either in an error or a different result (Triggered internally at /pytorch/torch/csrc/autograd/python_variable_indexing.cpp:347.)
  protein[k] = v[slices]
Epoch 0:  36%|███▌      | 23/64 [03:52<06:55,  0.10it/s, train/loss=29.30]Epoch 0:  36%|███▌      | 23/64 [03:52<06:55,  0.10it/s, train/loss=25.00]/home/test/Desktop/Fed-fold/openfold/utils/tensor_utils.py:95: UserWarning: Using a non-tuple sequence for multidimensional indexing is deprecated and will be changed in pytorch 2.9; use x[tuple(seq)] instead of x[seq]. In pytorch 2.9 this will be interpreted as tensor index, x[torch.tensor(seq)], which will result either in an error or a different result (Triggered internally at /pytorch/torch/csrc/autograd/python_variable_indexing.cpp:347.)
  return data[ranges]
/home/test/Desktop/Fed-fold/openfold/data/data_transforms.py:1261: UserWarning: Using a non-tuple sequence for multidimensional indexing is deprecated and will be changed in pytorch 2.9; use x[tuple(seq)] instead of x[seq]. In pytorch 2.9 this will be interpreted as tensor index, x[torch.tensor(seq)], which will result either in an error or a different result (Triggered internally at /pytorch/torch/csrc/autograd/python_variable_indexing.cpp:347.)
  protein[k] = v[slices]
Epoch 0:  38%|███▊      | 24/64 [04:03<06:46,  0.10it/s, train/loss=25.00]Epoch 0:  38%|███▊      | 24/64 [04:03<06:46,  0.10it/s, train/loss=16.70]/home/test/Desktop/Fed-fold/openfold/utils/tensor_utils.py:95: UserWarning: Using a non-tuple sequence for multidimensional indexing is deprecated and will be changed in pytorch 2.9; use x[tuple(seq)] instead of x[seq]. In pytorch 2.9 this will be interpreted as tensor index, x[torch.tensor(seq)], which will result either in an error or a different result (Triggered internally at /pytorch/torch/csrc/autograd/python_variable_indexing.cpp:347.)
  return data[ranges]
/home/test/Desktop/Fed-fold/openfold/data/data_transforms.py:1261: UserWarning: Using a non-tuple sequence for multidimensional indexing is deprecated and will be changed in pytorch 2.9; use x[tuple(seq)] instead of x[seq]. In pytorch 2.9 this will be interpreted as tensor index, x[torch.tensor(seq)], which will result either in an error or a different result (Triggered internally at /pytorch/torch/csrc/autograd/python_variable_indexing.cpp:347.)
  protein[k] = v[slices]
Epoch 0:  39%|███▉      | 25/64 [04:12<06:34,  0.10it/s, train/loss=16.70]Epoch 0:  39%|███▉      | 25/64 [04:12<06:34,  0.10it/s, train/loss=27.30]/home/test/Desktop/Fed-fold/openfold/utils/tensor_utils.py:95: UserWarning: Using a non-tuple sequence for multidimensional indexing is deprecated and will be changed in pytorch 2.9; use x[tuple(seq)] instead of x[seq]. In pytorch 2.9 this will be interpreted as tensor index, x[torch.tensor(seq)], which will result either in an error or a different result (Triggered internally at /pytorch/torch/csrc/autograd/python_variable_indexing.cpp:347.)
  return data[ranges]
/home/test/Desktop/Fed-fold/openfold/data/data_transforms.py:1261: UserWarning: Using a non-tuple sequence for multidimensional indexing is deprecated and will be changed in pytorch 2.9; use x[tuple(seq)] instead of x[seq]. In pytorch 2.9 this will be interpreted as tensor index, x[torch.tensor(seq)], which will result either in an error or a different result (Triggered internally at /pytorch/torch/csrc/autograd/python_variable_indexing.cpp:347.)
  protein[k] = v[slices]
Epoch 0:  41%|████      | 26/64 [04:20<06:20,  0.10it/s, train/loss=27.30]Epoch 0:  41%|████      | 26/64 [04:20<06:20,  0.10it/s, train/loss=28.80]/home/test/Desktop/Fed-fold/openfold/utils/tensor_utils.py:95: UserWarning: Using a non-tuple sequence for multidimensional indexing is deprecated and will be changed in pytorch 2.9; use x[tuple(seq)] instead of x[seq]. In pytorch 2.9 this will be interpreted as tensor index, x[torch.tensor(seq)], which will result either in an error or a different result (Triggered internally at /pytorch/torch/csrc/autograd/python_variable_indexing.cpp:347.)
  return data[ranges]
/home/test/Desktop/Fed-fold/openfold/data/data_transforms.py:1261: UserWarning: Using a non-tuple sequence for multidimensional indexing is deprecated and will be changed in pytorch 2.9; use x[tuple(seq)] instead of x[seq]. In pytorch 2.9 this will be interpreted as tensor index, x[torch.tensor(seq)], which will result either in an error or a different result (Triggered internally at /pytorch/torch/csrc/autograd/python_variable_indexing.cpp:347.)
  protein[k] = v[slices]
Epoch 0:  42%|████▏     | 27/64 [04:31<06:11,  0.10it/s, train/loss=28.80]Epoch 0:  42%|████▏     | 27/64 [04:31<06:11,  0.10it/s, train/loss=23.90]/home/test/Desktop/Fed-fold/openfold/utils/tensor_utils.py:95: UserWarning: Using a non-tuple sequence for multidimensional indexing is deprecated and will be changed in pytorch 2.9; use x[tuple(seq)] instead of x[seq]. In pytorch 2.9 this will be interpreted as tensor index, x[torch.tensor(seq)], which will result either in an error or a different result (Triggered internally at /pytorch/torch/csrc/autograd/python_variable_indexing.cpp:347.)
  return data[ranges]
/home/test/Desktop/Fed-fold/openfold/data/data_transforms.py:1261: UserWarning: Using a non-tuple sequence for multidimensional indexing is deprecated and will be changed in pytorch 2.9; use x[tuple(seq)] instead of x[seq]. In pytorch 2.9 this will be interpreted as tensor index, x[torch.tensor(seq)], which will result either in an error or a different result (Triggered internally at /pytorch/torch/csrc/autograd/python_variable_indexing.cpp:347.)
  protein[k] = v[slices]
Epoch 0:  44%|████▍     | 28/64 [04:43<06:04,  0.10it/s, train/loss=23.90]Epoch 0:  44%|████▍     | 28/64 [04:43<06:04,  0.10it/s, train/loss=29.60]/home/test/Desktop/Fed-fold/openfold/utils/tensor_utils.py:95: UserWarning: Using a non-tuple sequence for multidimensional indexing is deprecated and will be changed in pytorch 2.9; use x[tuple(seq)] instead of x[seq]. In pytorch 2.9 this will be interpreted as tensor index, x[torch.tensor(seq)], which will result either in an error or a different result (Triggered internally at /pytorch/torch/csrc/autograd/python_variable_indexing.cpp:347.)
  return data[ranges]
/home/test/Desktop/Fed-fold/openfold/data/data_transforms.py:1261: UserWarning: Using a non-tuple sequence for multidimensional indexing is deprecated and will be changed in pytorch 2.9; use x[tuple(seq)] instead of x[seq]. In pytorch 2.9 this will be interpreted as tensor index, x[torch.tensor(seq)], which will result either in an error or a different result (Triggered internally at /pytorch/torch/csrc/autograd/python_variable_indexing.cpp:347.)
  protein[k] = v[slices]
Epoch 0:  45%|████▌     | 29/64 [04:50<05:51,  0.10it/s, train/loss=29.60]Epoch 0:  45%|████▌     | 29/64 [04:50<05:51,  0.10it/s, train/loss=37.50]/home/test/Desktop/Fed-fold/openfold/utils/tensor_utils.py:95: UserWarning: Using a non-tuple sequence for multidimensional indexing is deprecated and will be changed in pytorch 2.9; use x[tuple(seq)] instead of x[seq]. In pytorch 2.9 this will be interpreted as tensor index, x[torch.tensor(seq)], which will result either in an error or a different result (Triggered internally at /pytorch/torch/csrc/autograd/python_variable_indexing.cpp:347.)
  return data[ranges]
/home/test/Desktop/Fed-fold/openfold/data/data_transforms.py:1261: UserWarning: Using a non-tuple sequence for multidimensional indexing is deprecated and will be changed in pytorch 2.9; use x[tuple(seq)] instead of x[seq]. In pytorch 2.9 this will be interpreted as tensor index, x[torch.tensor(seq)], which will result either in an error or a different result (Triggered internally at /pytorch/torch/csrc/autograd/python_variable_indexing.cpp:347.)
  protein[k] = v[slices]
Epoch 0:  47%|████▋     | 30/64 [04:58<05:38,  0.10it/s, train/loss=37.50]Epoch 0:  47%|████▋     | 30/64 [04:58<05:38,  0.10it/s, train/loss=31.20]Epoch 0:  48%|████▊     | 31/64 [05:05<05:25,  0.10it/s, train/loss=31.20]Epoch 0:  48%|████▊     | 31/64 [05:05<05:25,  0.10it/s, train/loss=28.30]/home/test/Desktop/Fed-fold/openfold/utils/tensor_utils.py:95: UserWarning: Using a non-tuple sequence for multidimensional indexing is deprecated and will be changed in pytorch 2.9; use x[tuple(seq)] instead of x[seq]. In pytorch 2.9 this will be interpreted as tensor index, x[torch.tensor(seq)], which will result either in an error or a different result (Triggered internally at /pytorch/torch/csrc/autograd/python_variable_indexing.cpp:347.)
  return data[ranges]
/home/test/Desktop/Fed-fold/openfold/data/data_transforms.py:1261: UserWarning: Using a non-tuple sequence for multidimensional indexing is deprecated and will be changed in pytorch 2.9; use x[tuple(seq)] instead of x[seq]. In pytorch 2.9 this will be interpreted as tensor index, x[torch.tensor(seq)], which will result either in an error or a different result (Triggered internally at /pytorch/torch/csrc/autograd/python_variable_indexing.cpp:347.)
  protein[k] = v[slices]
Epoch 0:  50%|█████     | 32/64 [05:18<05:18,  0.10it/s, train/loss=28.30]Epoch 0:  50%|█████     | 32/64 [05:18<05:18,  0.10it/s, train/loss=21.10]Epoch 0:  52%|█████▏    | 33/64 [05:25<05:05,  0.10it/s, train/loss=21.10]Epoch 0:  52%|█████▏    | 33/64 [05:25<05:05,  0.10it/s, train/loss=27.90]Epoch 0:  53%|█████▎    | 34/64 [05:34<04:55,  0.10it/s, train/loss=27.90]Epoch 0:  53%|█████▎    | 34/64 [05:34<04:55,  0.10it/s, train/loss=25.00]Epoch 0:  55%|█████▍    | 35/64 [05:46<04:47,  0.10it/s, train/loss=25.00]Epoch 0:  55%|█████▍    | 35/64 [05:46<04:47,  0.10it/s, train/loss=24.10]Epoch 0:  56%|█████▋    | 36/64 [05:57<04:38,  0.10it/s, train/loss=24.10]Epoch 0:  56%|█████▋    | 36/64 [05:57<04:38,  0.10it/s, train/loss=20.20]Epoch 0:  58%|█████▊    | 37/64 [06:06<04:27,  0.10it/s, train/loss=20.20]Epoch 0:  58%|█████▊    | 37/64 [06:06<04:27,  0.10it/s, train/loss=32.80]Epoch 0:  59%|█████▉    | 38/64 [06:15<04:16,  0.10it/s, train/loss=32.80]Epoch 0:  59%|█████▉    | 38/64 [06:15<04:16,  0.10it/s, train/loss=28.90]Epoch 0:  61%|██████    | 39/64 [06:22<04:05,  0.10it/s, train/loss=28.90]Epoch 0:  61%|██████    | 39/64 [06:22<04:05,  0.10it/s, train/loss=28.80]Epoch 0:  62%|██████▎   | 40/64 [06:35<03:57,  0.10it/s, train/loss=28.80]Epoch 0:  62%|██████▎   | 40/64 [06:35<03:57,  0.10it/s, train/loss=25.70]Epoch 0:  64%|██████▍   | 41/64 [06:45<03:47,  0.10it/s, train/loss=25.70]Epoch 0:  64%|██████▍   | 41/64 [06:45<03:47,  0.10it/s, train/loss=25.30]Epoch 0:  66%|██████▌   | 42/64 [06:58<03:39,  0.10it/s, train/loss=25.30]Epoch 0:  66%|██████▌   | 42/64 [06:58<03:39,  0.10it/s, train/loss=33.90]Epoch 0:  67%|██████▋   | 43/64 [07:05<03:27,  0.10it/s, train/loss=33.90]Epoch 0:  67%|██████▋   | 43/64 [07:05<03:27,  0.10it/s, train/loss=22.60]Epoch 0:  69%|██████▉   | 44/64 [07:17<03:18,  0.10it/s, train/loss=22.60]Epoch 0:  69%|██████▉   | 44/64 [07:17<03:18,  0.10it/s, train/loss=26.10]Epoch 0:  70%|███████   | 45/64 [07:25<03:07,  0.10it/s, train/loss=26.10]Epoch 0:  70%|███████   | 45/64 [07:25<03:07,  0.10it/s, train/loss=22.80]Epoch 0:  72%|███████▏  | 46/64 [07:37<02:58,  0.10it/s, train/loss=22.80]Epoch 0:  72%|███████▏  | 46/64 [07:37<02:58,  0.10it/s, train/loss=31.10]Epoch 0:  73%|███████▎  | 47/64 [07:48<02:49,  0.10it/s, train/loss=31.10]Epoch 0:  73%|███████▎  | 47/64 [07:48<02:49,  0.10it/s, train/loss=28.30]Epoch 0:  75%|███████▌  | 48/64 [08:00<02:40,  0.10it/s, train/loss=28.30]Epoch 0:  75%|███████▌  | 48/64 [08:00<02:40,  0.10it/s, train/loss=25.10]Epoch 0:  77%|███████▋  | 49/64 [08:10<02:30,  0.10it/s, train/loss=25.10]Epoch 0:  77%|███████▋  | 49/64 [08:10<02:30,  0.10it/s, train/loss=19.40]Epoch 0:  78%|███████▊  | 50/64 [08:21<02:20,  0.10it/s, train/loss=19.40]Epoch 0:  78%|███████▊  | 50/64 [08:21<02:20,  0.10it/s, train/loss=19.80]Epoch 0:  80%|███████▉  | 51/64 [08:30<02:10,  0.10it/s, train/loss=19.80]Epoch 0:  80%|███████▉  | 51/64 [08:30<02:10,  0.10it/s, train/loss=31.70]Epoch 0:  81%|████████▏ | 52/64 [08:42<02:00,  0.10it/s, train/loss=31.70]Epoch 0:  81%|████████▏ | 52/64 [08:42<02:00,  0.10it/s, train/loss=18.60]Epoch 0:  83%|████████▎ | 53/64 [08:53<01:50,  0.10it/s, train/loss=18.60]Epoch 0:  83%|████████▎ | 53/64 [08:53<01:50,  0.10it/s, train/loss=31.20]Epoch 0:  84%|████████▍ | 54/64 [09:00<01:40,  0.10it/s, train/loss=31.20]Epoch 0:  84%|████████▍ | 54/64 [09:00<01:40,  0.10it/s, train/loss=33.80]Epoch 0:  86%|████████▌ | 55/64 [09:11<01:30,  0.10it/s, train/loss=33.80]Epoch 0:  86%|████████▌ | 55/64 [09:11<01:30,  0.10it/s, train/loss=19.90]Epoch 0:  88%|████████▊ | 56/64 [09:22<01:20,  0.10it/s, train/loss=19.90]Epoch 0:  88%|████████▊ | 56/64 [09:22<01:20,  0.10it/s, train/loss=35.60]Epoch 0:  89%|████████▉ | 57/64 [09:32<01:10,  0.10it/s, train/loss=35.60]Epoch 0:  89%|████████▉ | 57/64 [09:32<01:10,  0.10it/s, train/loss=31.50]Epoch 0:  91%|█████████ | 58/64 [09:43<01:00,  0.10it/s, train/loss=31.50]Epoch 0:  91%|█████████ | 58/64 [09:43<01:00,  0.10it/s, train/loss=37.60]Epoch 0:  92%|█████████▏| 59/64 [09:55<00:50,  0.10it/s, train/loss=37.60]Epoch 0:  92%|█████████▏| 59/64 [09:55<00:50,  0.10it/s, train/loss=36.00]Epoch 0:  94%|█████████▍| 60/64 [10:07<00:40,  0.10it/s, train/loss=36.00]Epoch 0:  94%|█████████▍| 60/64 [10:07<00:40,  0.10it/s, train/loss=35.50]Epoch 0:  95%|█████████▌| 61/64 [10:18<00:30,  0.10it/s, train/loss=35.50]Epoch 0:  95%|█████████▌| 61/64 [10:18<00:30,  0.10it/s, train/loss=21.10]Epoch 0:  97%|█████████▋| 62/64 [10:25<00:20,  0.10it/s, train/loss=21.10]Epoch 0:  97%|█████████▋| 62/64 [10:25<00:20,  0.10it/s, train/loss=21.90]Epoch 0:  98%|█████████▊| 63/64 [10:34<00:10,  0.10it/s, train/loss=21.90]Epoch 0:  98%|█████████▊| 63/64 [10:34<00:10,  0.10it/s, train/loss=27.00]Epoch 0: 100%|██████████| 64/64 [10:42<00:00,  0.10it/s, train/loss=27.00]Epoch 0: 100%|██████████| 64/64 [10:42<00:00,  0.10it/s, train/loss=31.50]/home/test/miniconda3/envs/Fedfold/lib/python3.10/site-packages/pytorch_lightning/trainer/connectors/logger_connector/result.py:433: It is recommended to use `self.log('train/distogram_epoch', ..., sync_dist=True)` when logging on epoch level in distributed setting to accumulate the metric across devices.
/home/test/miniconda3/envs/Fedfold/lib/python3.10/site-packages/pytorch_lightning/trainer/connectors/logger_connector/result.py:433: It is recommended to use `self.log('train/experimentally_resolved_epoch', ..., sync_dist=True)` when logging on epoch level in distributed setting to accumulate the metric across devices.
/home/test/miniconda3/envs/Fedfold/lib/python3.10/site-packages/pytorch_lightning/trainer/connectors/logger_connector/result.py:433: It is recommended to use `self.log('train/fape_epoch', ..., sync_dist=True)` when logging on epoch level in distributed setting to accumulate the metric across devices.
/home/test/miniconda3/envs/Fedfold/lib/python3.10/site-packages/pytorch_lightning/trainer/connectors/logger_connector/result.py:433: It is recommended to use `self.log('train/plddt_loss_epoch', ..., sync_dist=True)` when logging on epoch level in distributed setting to accumulate the metric across devices.
/home/test/miniconda3/envs/Fedfold/lib/python3.10/site-packages/pytorch_lightning/trainer/connectors/logger_connector/result.py:433: It is recommended to use `self.log('train/masked_msa_epoch', ..., sync_dist=True)` when logging on epoch level in distributed setting to accumulate the metric across devices.
/home/test/miniconda3/envs/Fedfold/lib/python3.10/site-packages/pytorch_lightning/trainer/connectors/logger_connector/result.py:433: It is recommended to use `self.log('train/supervised_chi_epoch', ..., sync_dist=True)` when logging on epoch level in distributed setting to accumulate the metric across devices.
/home/test/miniconda3/envs/Fedfold/lib/python3.10/site-packages/pytorch_lightning/trainer/connectors/logger_connector/result.py:433: It is recommended to use `self.log('train/violation_epoch', ..., sync_dist=True)` when logging on epoch level in distributed setting to accumulate the metric across devices.
/home/test/miniconda3/envs/Fedfold/lib/python3.10/site-packages/pytorch_lightning/trainer/connectors/logger_connector/result.py:433: It is recommended to use `self.log('train/tm_epoch', ..., sync_dist=True)` when logging on epoch level in distributed setting to accumulate the metric across devices.
/home/test/miniconda3/envs/Fedfold/lib/python3.10/site-packages/pytorch_lightning/trainer/connectors/logger_connector/result.py:433: It is recommended to use `self.log('train/unscaled_loss_epoch', ..., sync_dist=True)` when logging on epoch level in distributed setting to accumulate the metric across devices.
/home/test/miniconda3/envs/Fedfold/lib/python3.10/site-packages/pytorch_lightning/trainer/connectors/logger_connector/result.py:433: It is recommended to use `self.log('train/loss_epoch', ..., sync_dist=True)` when logging on epoch level in distributed setting to accumulate the metric across devices.
/home/test/miniconda3/envs/Fedfold/lib/python3.10/site-packages/pytorch_lightning/trainer/connectors/logger_connector/result.py:433: It is recommended to use `self.log('train/lddt_ca', ..., sync_dist=True)` when logging on epoch level in distributed setting to accumulate the metric across devices.
/home/test/miniconda3/envs/Fedfold/lib/python3.10/site-packages/pytorch_lightning/trainer/connectors/logger_connector/result.py:433: It is recommended to use `self.log('train/drmsd_ca', ..., sync_dist=True)` when logging on epoch level in distributed setting to accumulate the metric across devices.
Epoch 0: 100%|██████████| 64/64 [10:42<00:00,  0.10it/s, train/loss=31.50]Epoch 0:   0%|          | 0/64 [00:00<?, ?it/s, train/loss=31.50]         Epoch 1:   0%|          | 0/64 [00:00<?, ?it/s, train/loss=31.50]/home/test/Desktop/Fed-fold/openfold/utils/tensor_utils.py:95: UserWarning: Using a non-tuple sequence for multidimensional indexing is deprecated and will be changed in pytorch 2.9; use x[tuple(seq)] instead of x[seq]. In pytorch 2.9 this will be interpreted as tensor index, x[torch.tensor(seq)], which will result either in an error or a different result (Triggered internally at /pytorch/torch/csrc/autograd/python_variable_indexing.cpp:347.)
  return data[ranges]
/home/test/Desktop/Fed-fold/openfold/data/data_transforms.py:1261: UserWarning: Using a non-tuple sequence for multidimensional indexing is deprecated and will be changed in pytorch 2.9; use x[tuple(seq)] instead of x[seq]. In pytorch 2.9 this will be interpreted as tensor index, x[torch.tensor(seq)], which will result either in an error or a different result (Triggered internally at /pytorch/torch/csrc/autograd/python_variable_indexing.cpp:347.)
  protein[k] = v[slices]
/home/test/Desktop/Fed-fold/openfold/utils/tensor_utils.py:95: UserWarning: Using a non-tuple sequence for multidimensional indexing is deprecated and will be changed in pytorch 2.9; use x[tuple(seq)] instead of x[seq]. In pytorch 2.9 this will be interpreted as tensor index, x[torch.tensor(seq)], which will result either in an error or a different result (Triggered internally at /pytorch/torch/csrc/autograd/python_variable_indexing.cpp:347.)
  return data[ranges]
/home/test/Desktop/Fed-fold/openfold/data/data_transforms.py:1261: UserWarning: Using a non-tuple sequence for multidimensional indexing is deprecated and will be changed in pytorch 2.9; use x[tuple(seq)] instead of x[seq]. In pytorch 2.9 this will be interpreted as tensor index, x[torch.tensor(seq)], which will result either in an error or a different result (Triggered internally at /pytorch/torch/csrc/autograd/python_variable_indexing.cpp:347.)
  protein[k] = v[slices]
/home/test/Desktop/Fed-fold/openfold/utils/tensor_utils.py:95: UserWarning: Using a non-tuple sequence for multidimensional indexing is deprecated and will be changed in pytorch 2.9; use x[tuple(seq)] instead of x[seq]. In pytorch 2.9 this will be interpreted as tensor index, x[torch.tensor(seq)], which will result either in an error or a different result (Triggered internally at /pytorch/torch/csrc/autograd/python_variable_indexing.cpp:347.)
  return data[ranges]
/home/test/Desktop/Fed-fold/openfold/utils/tensor_utils.py:95: UserWarning: Using a non-tuple sequence for multidimensional indexing is deprecated and will be changed in pytorch 2.9; use x[tuple(seq)] instead of x[seq]. In pytorch 2.9 this will be interpreted as tensor index, x[torch.tensor(seq)], which will result either in an error or a different result (Triggered internally at /pytorch/torch/csrc/autograd/python_variable_indexing.cpp:347.)
  return data[ranges]
/home/test/Desktop/Fed-fold/openfold/data/data_transforms.py:1261: UserWarning: Using a non-tuple sequence for multidimensional indexing is deprecated and will be changed in pytorch 2.9; use x[tuple(seq)] instead of x[seq]. In pytorch 2.9 this will be interpreted as tensor index, x[torch.tensor(seq)], which will result either in an error or a different result (Triggered internally at /pytorch/torch/csrc/autograd/python_variable_indexing.cpp:347.)
  protein[k] = v[slices]
/home/test/Desktop/Fed-fold/openfold/utils/tensor_utils.py:95: UserWarning: Using a non-tuple sequence for multidimensional indexing is deprecated and will be changed in pytorch 2.9; use x[tuple(seq)] instead of x[seq]. In pytorch 2.9 this will be interpreted as tensor index, x[torch.tensor(seq)], which will result either in an error or a different result (Triggered internally at /pytorch/torch/csrc/autograd/python_variable_indexing.cpp:347.)
  return data[ranges]
/home/test/Desktop/Fed-fold/openfold/data/data_transforms.py:1261: UserWarning: Using a non-tuple sequence for multidimensional indexing is deprecated and will be changed in pytorch 2.9; use x[tuple(seq)] instead of x[seq]. In pytorch 2.9 this will be interpreted as tensor index, x[torch.tensor(seq)], which will result either in an error or a different result (Triggered internally at /pytorch/torch/csrc/autograd/python_variable_indexing.cpp:347.)
  protein[k] = v[slices]
/home/test/Desktop/Fed-fold/openfold/utils/tensor_utils.py:95: UserWarning: Using a non-tuple sequence for multidimensional indexing is deprecated and will be changed in pytorch 2.9; use x[tuple(seq)] instead of x[seq]. In pytorch 2.9 this will be interpreted as tensor index, x[torch.tensor(seq)], which will result either in an error or a different result (Triggered internally at /pytorch/torch/csrc/autograd/python_variable_indexing.cpp:347.)
  return data[ranges]
/home/test/Desktop/Fed-fold/openfold/utils/tensor_utils.py:95: UserWarning: Using a non-tuple sequence for multidimensional indexing is deprecated and will be changed in pytorch 2.9; use x[tuple(seq)] instead of x[seq]. In pytorch 2.9 this will be interpreted as tensor index, x[torch.tensor(seq)], which will result either in an error or a different result (Triggered internally at /pytorch/torch/csrc/autograd/python_variable_indexing.cpp:347.)
  return data[ranges]
/home/test/Desktop/Fed-fold/openfold/utils/tensor_utils.py:95: UserWarning: Using a non-tuple sequence for multidimensional indexing is deprecated and will be changed in pytorch 2.9; use x[tuple(seq)] instead of x[seq]. In pytorch 2.9 this will be interpreted as tensor index, x[torch.tensor(seq)], which will result either in an error or a different result (Triggered internally at /pytorch/torch/csrc/autograd/python_variable_indexing.cpp:347.)
  return data[ranges]
/home/test/Desktop/Fed-fold/openfold/utils/tensor_utils.py:95: UserWarning: Using a non-tuple sequence for multidimensional indexing is deprecated and will be changed in pytorch 2.9; use x[tuple(seq)] instead of x[seq]. In pytorch 2.9 this will be interpreted as tensor index, x[torch.tensor(seq)], which will result either in an error or a different result (Triggered internally at /pytorch/torch/csrc/autograd/python_variable_indexing.cpp:347.)
  return data[ranges]
/home/test/Desktop/Fed-fold/openfold/data/data_transforms.py:1261: UserWarning: Using a non-tuple sequence for multidimensional indexing is deprecated and will be changed in pytorch 2.9; use x[tuple(seq)] instead of x[seq]. In pytorch 2.9 this will be interpreted as tensor index, x[torch.tensor(seq)], which will result either in an error or a different result (Triggered internally at /pytorch/torch/csrc/autograd/python_variable_indexing.cpp:347.)
  protein[k] = v[slices]
/home/test/Desktop/Fed-fold/openfold/data/data_transforms.py:1261: UserWarning: Using a non-tuple sequence for multidimensional indexing is deprecated and will be changed in pytorch 2.9; use x[tuple(seq)] instead of x[seq]. In pytorch 2.9 this will be interpreted as tensor index, x[torch.tensor(seq)], which will result either in an error or a different result (Triggered internally at /pytorch/torch/csrc/autograd/python_variable_indexing.cpp:347.)
  protein[k] = v[slices]
/home/test/Desktop/Fed-fold/openfold/data/data_transforms.py:1261: UserWarning: Using a non-tuple sequence for multidimensional indexing is deprecated and will be changed in pytorch 2.9; use x[tuple(seq)] instead of x[seq]. In pytorch 2.9 this will be interpreted as tensor index, x[torch.tensor(seq)], which will result either in an error or a different result (Triggered internally at /pytorch/torch/csrc/autograd/python_variable_indexing.cpp:347.)
  protein[k] = v[slices]
/home/test/Desktop/Fed-fold/openfold/data/data_transforms.py:1261: UserWarning: Using a non-tuple sequence for multidimensional indexing is deprecated and will be changed in pytorch 2.9; use x[tuple(seq)] instead of x[seq]. In pytorch 2.9 this will be interpreted as tensor index, x[torch.tensor(seq)], which will result either in an error or a different result (Triggered internally at /pytorch/torch/csrc/autograd/python_variable_indexing.cpp:347.)
  protein[k] = v[slices]
/home/test/Desktop/Fed-fold/openfold/data/data_transforms.py:1261: UserWarning: Using a non-tuple sequence for multidimensional indexing is deprecated and will be changed in pytorch 2.9; use x[tuple(seq)] instead of x[seq]. In pytorch 2.9 this will be interpreted as tensor index, x[torch.tensor(seq)], which will result either in an error or a different result (Triggered internally at /pytorch/torch/csrc/autograd/python_variable_indexing.cpp:347.)
  protein[k] = v[slices]
/home/test/Desktop/Fed-fold/openfold/utils/tensor_utils.py:95: UserWarning: Using a non-tuple sequence for multidimensional indexing is deprecated and will be changed in pytorch 2.9; use x[tuple(seq)] instead of x[seq]. In pytorch 2.9 this will be interpreted as tensor index, x[torch.tensor(seq)], which will result either in an error or a different result (Triggered internally at /pytorch/torch/csrc/autograd/python_variable_indexing.cpp:347.)
  return data[ranges]
/home/test/Desktop/Fed-fold/openfold/utils/tensor_utils.py:95: UserWarning: Using a non-tuple sequence for multidimensional indexing is deprecated and will be changed in pytorch 2.9; use x[tuple(seq)] instead of x[seq]. In pytorch 2.9 this will be interpreted as tensor index, x[torch.tensor(seq)], which will result either in an error or a different result (Triggered internally at /pytorch/torch/csrc/autograd/python_variable_indexing.cpp:347.)
  return data[ranges]
/home/test/Desktop/Fed-fold/openfold/data/data_transforms.py:1261: UserWarning: Using a non-tuple sequence for multidimensional indexing is deprecated and will be changed in pytorch 2.9; use x[tuple(seq)] instead of x[seq]. In pytorch 2.9 this will be interpreted as tensor index, x[torch.tensor(seq)], which will result either in an error or a different result (Triggered internally at /pytorch/torch/csrc/autograd/python_variable_indexing.cpp:347.)
  protein[k] = v[slices]
/home/test/Desktop/Fed-fold/openfold/data/data_transforms.py:1261: UserWarning: Using a non-tuple sequence for multidimensional indexing is deprecated and will be changed in pytorch 2.9; use x[tuple(seq)] instead of x[seq]. In pytorch 2.9 this will be interpreted as tensor index, x[torch.tensor(seq)], which will result either in an error or a different result (Triggered internally at /pytorch/torch/csrc/autograd/python_variable_indexing.cpp:347.)
  protein[k] = v[slices]
/home/test/Desktop/Fed-fold/openfold/utils/tensor_utils.py:95: UserWarning: Using a non-tuple sequence for multidimensional indexing is deprecated and will be changed in pytorch 2.9; use x[tuple(seq)] instead of x[seq]. In pytorch 2.9 this will be interpreted as tensor index, x[torch.tensor(seq)], which will result either in an error or a different result (Triggered internally at /pytorch/torch/csrc/autograd/python_variable_indexing.cpp:347.)
  return data[ranges]
/home/test/Desktop/Fed-fold/openfold/data/data_transforms.py:1261: UserWarning: Using a non-tuple sequence for multidimensional indexing is deprecated and will be changed in pytorch 2.9; use x[tuple(seq)] instead of x[seq]. In pytorch 2.9 this will be interpreted as tensor index, x[torch.tensor(seq)], which will result either in an error or a different result (Triggered internally at /pytorch/torch/csrc/autograd/python_variable_indexing.cpp:347.)
  protein[k] = v[slices]
/home/test/Desktop/Fed-fold/openfold/utils/tensor_utils.py:95: UserWarning: Using a non-tuple sequence for multidimensional indexing is deprecated and will be changed in pytorch 2.9; use x[tuple(seq)] instead of x[seq]. In pytorch 2.9 this will be interpreted as tensor index, x[torch.tensor(seq)], which will result either in an error or a different result (Triggered internally at /pytorch/torch/csrc/autograd/python_variable_indexing.cpp:347.)
  return data[ranges]
/home/test/Desktop/Fed-fold/openfold/utils/tensor_utils.py:95: UserWarning: Using a non-tuple sequence for multidimensional indexing is deprecated and will be changed in pytorch 2.9; use x[tuple(seq)] instead of x[seq]. In pytorch 2.9 this will be interpreted as tensor index, x[torch.tensor(seq)], which will result either in an error or a different result (Triggered internally at /pytorch/torch/csrc/autograd/python_variable_indexing.cpp:347.)
  return data[ranges]
/home/test/Desktop/Fed-fold/openfold/utils/tensor_utils.py:95: UserWarning: Using a non-tuple sequence for multidimensional indexing is deprecated and will be changed in pytorch 2.9; use x[tuple(seq)] instead of x[seq]. In pytorch 2.9 this will be interpreted as tensor index, x[torch.tensor(seq)], which will result either in an error or a different result (Triggered internally at /pytorch/torch/csrc/autograd/python_variable_indexing.cpp:347.)
  return data[ranges]
/home/test/Desktop/Fed-fold/openfold/data/data_transforms.py:1261: UserWarning: Using a non-tuple sequence for multidimensional indexing is deprecated and will be changed in pytorch 2.9; use x[tuple(seq)] instead of x[seq]. In pytorch 2.9 this will be interpreted as tensor index, x[torch.tensor(seq)], which will result either in an error or a different result (Triggered internally at /pytorch/torch/csrc/autograd/python_variable_indexing.cpp:347.)
  protein[k] = v[slices]
/home/test/Desktop/Fed-fold/openfold/data/data_transforms.py:1261: UserWarning: Using a non-tuple sequence for multidimensional indexing is deprecated and will be changed in pytorch 2.9; use x[tuple(seq)] instead of x[seq]. In pytorch 2.9 this will be interpreted as tensor index, x[torch.tensor(seq)], which will result either in an error or a different result (Triggered internally at /pytorch/torch/csrc/autograd/python_variable_indexing.cpp:347.)
  protein[k] = v[slices]
/home/test/Desktop/Fed-fold/openfold/data/data_transforms.py:1261: UserWarning: Using a non-tuple sequence for multidimensional indexing is deprecated and will be changed in pytorch 2.9; use x[tuple(seq)] instead of x[seq]. In pytorch 2.9 this will be interpreted as tensor index, x[torch.tensor(seq)], which will result either in an error or a different result (Triggered internally at /pytorch/torch/csrc/autograd/python_variable_indexing.cpp:347.)
  protein[k] = v[slices]
/home/test/Desktop/Fed-fold/openfold/utils/tensor_utils.py:95: UserWarning: Using a non-tuple sequence for multidimensional indexing is deprecated and will be changed in pytorch 2.9; use x[tuple(seq)] instead of x[seq]. In pytorch 2.9 this will be interpreted as tensor index, x[torch.tensor(seq)], which will result either in an error or a different result (Triggered internally at /pytorch/torch/csrc/autograd/python_variable_indexing.cpp:347.)
  return data[ranges]
/home/test/Desktop/Fed-fold/openfold/utils/tensor_utils.py:95: UserWarning: Using a non-tuple sequence for multidimensional indexing is deprecated and will be changed in pytorch 2.9; use x[tuple(seq)] instead of x[seq]. In pytorch 2.9 this will be interpreted as tensor index, x[torch.tensor(seq)], which will result either in an error or a different result (Triggered internally at /pytorch/torch/csrc/autograd/python_variable_indexing.cpp:347.)
  return data[ranges]
/home/test/Desktop/Fed-fold/openfold/data/data_transforms.py:1261: UserWarning: Using a non-tuple sequence for multidimensional indexing is deprecated and will be changed in pytorch 2.9; use x[tuple(seq)] instead of x[seq]. In pytorch 2.9 this will be interpreted as tensor index, x[torch.tensor(seq)], which will result either in an error or a different result (Triggered internally at /pytorch/torch/csrc/autograd/python_variable_indexing.cpp:347.)
  protein[k] = v[slices]
/home/test/Desktop/Fed-fold/openfold/utils/tensor_utils.py:95: UserWarning: Using a non-tuple sequence for multidimensional indexing is deprecated and will be changed in pytorch 2.9; use x[tuple(seq)] instead of x[seq]. In pytorch 2.9 this will be interpreted as tensor index, x[torch.tensor(seq)], which will result either in an error or a different result (Triggered internally at /pytorch/torch/csrc/autograd/python_variable_indexing.cpp:347.)
  return data[ranges]
/home/test/Desktop/Fed-fold/openfold/utils/tensor_utils.py:95: UserWarning: Using a non-tuple sequence for multidimensional indexing is deprecated and will be changed in pytorch 2.9; use x[tuple(seq)] instead of x[seq]. In pytorch 2.9 this will be interpreted as tensor index, x[torch.tensor(seq)], which will result either in an error or a different result (Triggered internally at /pytorch/torch/csrc/autograd/python_variable_indexing.cpp:347.)
  return data[ranges]
/home/test/Desktop/Fed-fold/openfold/utils/tensor_utils.py:95: UserWarning: Using a non-tuple sequence for multidimensional indexing is deprecated and will be changed in pytorch 2.9; use x[tuple(seq)] instead of x[seq]. In pytorch 2.9 this will be interpreted as tensor index, x[torch.tensor(seq)], which will result either in an error or a different result (Triggered internally at /pytorch/torch/csrc/autograd/python_variable_indexing.cpp:347.)
  return data[ranges]
/home/test/Desktop/Fed-fold/openfold/data/data_transforms.py:1261: UserWarning: Using a non-tuple sequence for multidimensional indexing is deprecated and will be changed in pytorch 2.9; use x[tuple(seq)] instead of x[seq]. In pytorch 2.9 this will be interpreted as tensor index, x[torch.tensor(seq)], which will result either in an error or a different result (Triggered internally at /pytorch/torch/csrc/autograd/python_variable_indexing.cpp:347.)
  protein[k] = v[slices]
/home/test/Desktop/Fed-fold/openfold/data/data_transforms.py:1261: UserWarning: Using a non-tuple sequence for multidimensional indexing is deprecated and will be changed in pytorch 2.9; use x[tuple(seq)] instead of x[seq]. In pytorch 2.9 this will be interpreted as tensor index, x[torch.tensor(seq)], which will result either in an error or a different result (Triggered internally at /pytorch/torch/csrc/autograd/python_variable_indexing.cpp:347.)
  protein[k] = v[slices]
/home/test/Desktop/Fed-fold/openfold/data/data_transforms.py:1261: UserWarning: Using a non-tuple sequence for multidimensional indexing is deprecated and will be changed in pytorch 2.9; use x[tuple(seq)] instead of x[seq]. In pytorch 2.9 this will be interpreted as tensor index, x[torch.tensor(seq)], which will result either in an error or a different result (Triggered internally at /pytorch/torch/csrc/autograd/python_variable_indexing.cpp:347.)
  protein[k] = v[slices]
/home/test/Desktop/Fed-fold/openfold/data/data_transforms.py:1261: UserWarning: Using a non-tuple sequence for multidimensional indexing is deprecated and will be changed in pytorch 2.9; use x[tuple(seq)] instead of x[seq]. In pytorch 2.9 this will be interpreted as tensor index, x[torch.tensor(seq)], which will result either in an error or a different result (Triggered internally at /pytorch/torch/csrc/autograd/python_variable_indexing.cpp:347.)
  protein[k] = v[slices]
/home/test/Desktop/Fed-fold/openfold/utils/tensor_utils.py:95: UserWarning: Using a non-tuple sequence for multidimensional indexing is deprecated and will be changed in pytorch 2.9; use x[tuple(seq)] instead of x[seq]. In pytorch 2.9 this will be interpreted as tensor index, x[torch.tensor(seq)], which will result either in an error or a different result (Triggered internally at /pytorch/torch/csrc/autograd/python_variable_indexing.cpp:347.)
  return data[ranges]
/home/test/Desktop/Fed-fold/openfold/data/data_transforms.py:1261: UserWarning: Using a non-tuple sequence for multidimensional indexing is deprecated and will be changed in pytorch 2.9; use x[tuple(seq)] instead of x[seq]. In pytorch 2.9 this will be interpreted as tensor index, x[torch.tensor(seq)], which will result either in an error or a different result (Triggered internally at /pytorch/torch/csrc/autograd/python_variable_indexing.cpp:347.)
  protein[k] = v[slices]
/home/test/Desktop/Fed-fold/openfold/utils/tensor_utils.py:95: UserWarning: Using a non-tuple sequence for multidimensional indexing is deprecated and will be changed in pytorch 2.9; use x[tuple(seq)] instead of x[seq]. In pytorch 2.9 this will be interpreted as tensor index, x[torch.tensor(seq)], which will result either in an error or a different result (Triggered internally at /pytorch/torch/csrc/autograd/python_variable_indexing.cpp:347.)
  return data[ranges]
/home/test/Desktop/Fed-fold/openfold/utils/tensor_utils.py:95: UserWarning: Using a non-tuple sequence for multidimensional indexing is deprecated and will be changed in pytorch 2.9; use x[tuple(seq)] instead of x[seq]. In pytorch 2.9 this will be interpreted as tensor index, x[torch.tensor(seq)], which will result either in an error or a different result (Triggered internally at /pytorch/torch/csrc/autograd/python_variable_indexing.cpp:347.)
  return data[ranges]
/home/test/Desktop/Fed-fold/openfold/data/data_transforms.py:1261: UserWarning: Using a non-tuple sequence for multidimensional indexing is deprecated and will be changed in pytorch 2.9; use x[tuple(seq)] instead of x[seq]. In pytorch 2.9 this will be interpreted as tensor index, x[torch.tensor(seq)], which will result either in an error or a different result (Triggered internally at /pytorch/torch/csrc/autograd/python_variable_indexing.cpp:347.)
  protein[k] = v[slices]
/home/test/Desktop/Fed-fold/openfold/utils/tensor_utils.py:95: UserWarning: Using a non-tuple sequence for multidimensional indexing is deprecated and will be changed in pytorch 2.9; use x[tuple(seq)] instead of x[seq]. In pytorch 2.9 this will be interpreted as tensor index, x[torch.tensor(seq)], which will result either in an error or a different result (Triggered internally at /pytorch/torch/csrc/autograd/python_variable_indexing.cpp:347.)
  return data[ranges]
/home/test/Desktop/Fed-fold/openfold/utils/tensor_utils.py:95: UserWarning: Using a non-tuple sequence for multidimensional indexing is deprecated and will be changed in pytorch 2.9; use x[tuple(seq)] instead of x[seq]. In pytorch 2.9 this will be interpreted as tensor index, x[torch.tensor(seq)], which will result either in an error or a different result (Triggered internally at /pytorch/torch/csrc/autograd/python_variable_indexing.cpp:347.)
  return data[ranges]
/home/test/Desktop/Fed-fold/openfold/data/data_transforms.py:1261: UserWarning: Using a non-tuple sequence for multidimensional indexing is deprecated and will be changed in pytorch 2.9; use x[tuple(seq)] instead of x[seq]. In pytorch 2.9 this will be interpreted as tensor index, x[torch.tensor(seq)], which will result either in an error or a different result (Triggered internally at /pytorch/torch/csrc/autograd/python_variable_indexing.cpp:347.)
  protein[k] = v[slices]
/home/test/Desktop/Fed-fold/openfold/data/data_transforms.py:1261: UserWarning: Using a non-tuple sequence for multidimensional indexing is deprecated and will be changed in pytorch 2.9; use x[tuple(seq)] instead of x[seq]. In pytorch 2.9 this will be interpreted as tensor index, x[torch.tensor(seq)], which will result either in an error or a different result (Triggered internally at /pytorch/torch/csrc/autograd/python_variable_indexing.cpp:347.)
  protein[k] = v[slices]
/home/test/Desktop/Fed-fold/openfold/data/data_transforms.py:1261: UserWarning: Using a non-tuple sequence for multidimensional indexing is deprecated and will be changed in pytorch 2.9; use x[tuple(seq)] instead of x[seq]. In pytorch 2.9 this will be interpreted as tensor index, x[torch.tensor(seq)], which will result either in an error or a different result (Triggered internally at /pytorch/torch/csrc/autograd/python_variable_indexing.cpp:347.)
  protein[k] = v[slices]
/home/test/Desktop/Fed-fold/openfold/utils/tensor_utils.py:95: UserWarning: Using a non-tuple sequence for multidimensional indexing is deprecated and will be changed in pytorch 2.9; use x[tuple(seq)] instead of x[seq]. In pytorch 2.9 this will be interpreted as tensor index, x[torch.tensor(seq)], which will result either in an error or a different result (Triggered internally at /pytorch/torch/csrc/autograd/python_variable_indexing.cpp:347.)
  return data[ranges]
/home/test/Desktop/Fed-fold/openfold/data/data_transforms.py:1261: UserWarning: Using a non-tuple sequence for multidimensional indexing is deprecated and will be changed in pytorch 2.9; use x[tuple(seq)] instead of x[seq]. In pytorch 2.9 this will be interpreted as tensor index, x[torch.tensor(seq)], which will result either in an error or a different result (Triggered internally at /pytorch/torch/csrc/autograd/python_variable_indexing.cpp:347.)
  protein[k] = v[slices]
/home/test/Desktop/Fed-fold/openfold/utils/tensor_utils.py:95: UserWarning: Using a non-tuple sequence for multidimensional indexing is deprecated and will be changed in pytorch 2.9; use x[tuple(seq)] instead of x[seq]. In pytorch 2.9 this will be interpreted as tensor index, x[torch.tensor(seq)], which will result either in an error or a different result (Triggered internally at /pytorch/torch/csrc/autograd/python_variable_indexing.cpp:347.)
  return data[ranges]
/home/test/Desktop/Fed-fold/openfold/data/data_transforms.py:1261: UserWarning: Using a non-tuple sequence for multidimensional indexing is deprecated and will be changed in pytorch 2.9; use x[tuple(seq)] instead of x[seq]. In pytorch 2.9 this will be interpreted as tensor index, x[torch.tensor(seq)], which will result either in an error or a different result (Triggered internally at /pytorch/torch/csrc/autograd/python_variable_indexing.cpp:347.)
  protein[k] = v[slices]
/home/test/Desktop/Fed-fold/openfold/utils/tensor_utils.py:95: UserWarning: Using a non-tuple sequence for multidimensional indexing is deprecated and will be changed in pytorch 2.9; use x[tuple(seq)] instead of x[seq]. In pytorch 2.9 this will be interpreted as tensor index, x[torch.tensor(seq)], which will result either in an error or a different result (Triggered internally at /pytorch/torch/csrc/autograd/python_variable_indexing.cpp:347.)
  return data[ranges]
/home/test/Desktop/Fed-fold/openfold/data/data_transforms.py:1261: UserWarning: Using a non-tuple sequence for multidimensional indexing is deprecated and will be changed in pytorch 2.9; use x[tuple(seq)] instead of x[seq]. In pytorch 2.9 this will be interpreted as tensor index, x[torch.tensor(seq)], which will result either in an error or a different result (Triggered internally at /pytorch/torch/csrc/autograd/python_variable_indexing.cpp:347.)
  protein[k] = v[slices]
/home/test/Desktop/Fed-fold/openfold/utils/tensor_utils.py:95: UserWarning: Using a non-tuple sequence for multidimensional indexing is deprecated and will be changed in pytorch 2.9; use x[tuple(seq)] instead of x[seq]. In pytorch 2.9 this will be interpreted as tensor index, x[torch.tensor(seq)], which will result either in an error or a different result (Triggered internally at /pytorch/torch/csrc/autograd/python_variable_indexing.cpp:347.)
  return data[ranges]
/home/test/Desktop/Fed-fold/openfold/data/data_transforms.py:1261: UserWarning: Using a non-tuple sequence for multidimensional indexing is deprecated and will be changed in pytorch 2.9; use x[tuple(seq)] instead of x[seq]. In pytorch 2.9 this will be interpreted as tensor index, x[torch.tensor(seq)], which will result either in an error or a different result (Triggered internally at /pytorch/torch/csrc/autograd/python_variable_indexing.cpp:347.)
  protein[k] = v[slices]
/home/test/Desktop/Fed-fold/openfold/utils/tensor_utils.py:95: UserWarning: Using a non-tuple sequence for multidimensional indexing is deprecated and will be changed in pytorch 2.9; use x[tuple(seq)] instead of x[seq]. In pytorch 2.9 this will be interpreted as tensor index, x[torch.tensor(seq)], which will result either in an error or a different result (Triggered internally at /pytorch/torch/csrc/autograd/python_variable_indexing.cpp:347.)
  return data[ranges]
/home/test/Desktop/Fed-fold/openfold/data/data_transforms.py:1261: UserWarning: Using a non-tuple sequence for multidimensional indexing is deprecated and will be changed in pytorch 2.9; use x[tuple(seq)] instead of x[seq]. In pytorch 2.9 this will be interpreted as tensor index, x[torch.tensor(seq)], which will result either in an error or a different result (Triggered internally at /pytorch/torch/csrc/autograd/python_variable_indexing.cpp:347.)
  protein[k] = v[slices]
/home/test/Desktop/Fed-fold/openfold/utils/tensor_utils.py:95: UserWarning: Using a non-tuple sequence for multidimensional indexing is deprecated and will be changed in pytorch 2.9; use x[tuple(seq)] instead of x[seq]. In pytorch 2.9 this will be interpreted as tensor index, x[torch.tensor(seq)], which will result either in an error or a different result (Triggered internally at /pytorch/torch/csrc/autograd/python_variable_indexing.cpp:347.)
  return data[ranges]
/home/test/Desktop/Fed-fold/openfold/data/data_transforms.py:1261: UserWarning: Using a non-tuple sequence for multidimensional indexing is deprecated and will be changed in pytorch 2.9; use x[tuple(seq)] instead of x[seq]. In pytorch 2.9 this will be interpreted as tensor index, x[torch.tensor(seq)], which will result either in an error or a different result (Triggered internally at /pytorch/torch/csrc/autograd/python_variable_indexing.cpp:347.)
  protein[k] = v[slices]
/home/test/Desktop/Fed-fold/openfold/utils/tensor_utils.py:95: UserWarning: Using a non-tuple sequence for multidimensional indexing is deprecated and will be changed in pytorch 2.9; use x[tuple(seq)] instead of x[seq]. In pytorch 2.9 this will be interpreted as tensor index, x[torch.tensor(seq)], which will result either in an error or a different result (Triggered internally at /pytorch/torch/csrc/autograd/python_variable_indexing.cpp:347.)
  return data[ranges]
/home/test/Desktop/Fed-fold/openfold/data/data_transforms.py:1261: UserWarning: Using a non-tuple sequence for multidimensional indexing is deprecated and will be changed in pytorch 2.9; use x[tuple(seq)] instead of x[seq]. In pytorch 2.9 this will be interpreted as tensor index, x[torch.tensor(seq)], which will result either in an error or a different result (Triggered internally at /pytorch/torch/csrc/autograd/python_variable_indexing.cpp:347.)
  protein[k] = v[slices]
/home/test/Desktop/Fed-fold/openfold/utils/tensor_utils.py:95: UserWarning: Using a non-tuple sequence for multidimensional indexing is deprecated and will be changed in pytorch 2.9; use x[tuple(seq)] instead of x[seq]. In pytorch 2.9 this will be interpreted as tensor index, x[torch.tensor(seq)], which will result either in an error or a different result (Triggered internally at /pytorch/torch/csrc/autograd/python_variable_indexing.cpp:347.)
  return data[ranges]
/home/test/Desktop/Fed-fold/openfold/data/data_transforms.py:1261: UserWarning: Using a non-tuple sequence for multidimensional indexing is deprecated and will be changed in pytorch 2.9; use x[tuple(seq)] instead of x[seq]. In pytorch 2.9 this will be interpreted as tensor index, x[torch.tensor(seq)], which will result either in an error or a different result (Triggered internally at /pytorch/torch/csrc/autograd/python_variable_indexing.cpp:347.)
  protein[k] = v[slices]
/home/test/Desktop/Fed-fold/openfold/utils/tensor_utils.py:95: UserWarning: Using a non-tuple sequence for multidimensional indexing is deprecated and will be changed in pytorch 2.9; use x[tuple(seq)] instead of x[seq]. In pytorch 2.9 this will be interpreted as tensor index, x[torch.tensor(seq)], which will result either in an error or a different result (Triggered internally at /pytorch/torch/csrc/autograd/python_variable_indexing.cpp:347.)
  return data[ranges]
/home/test/Desktop/Fed-fold/openfold/data/data_transforms.py:1261: UserWarning: Using a non-tuple sequence for multidimensional indexing is deprecated and will be changed in pytorch 2.9; use x[tuple(seq)] instead of x[seq]. In pytorch 2.9 this will be interpreted as tensor index, x[torch.tensor(seq)], which will result either in an error or a different result (Triggered internally at /pytorch/torch/csrc/autograd/python_variable_indexing.cpp:347.)
  protein[k] = v[slices]
/home/test/Desktop/Fed-fold/openfold/utils/tensor_utils.py:95: UserWarning: Using a non-tuple sequence for multidimensional indexing is deprecated and will be changed in pytorch 2.9; use x[tuple(seq)] instead of x[seq]. In pytorch 2.9 this will be interpreted as tensor index, x[torch.tensor(seq)], which will result either in an error or a different result (Triggered internally at /pytorch/torch/csrc/autograd/python_variable_indexing.cpp:347.)
  return data[ranges]
/home/test/Desktop/Fed-fold/openfold/utils/tensor_utils.py:95: UserWarning: Using a non-tuple sequence for multidimensional indexing is deprecated and will be changed in pytorch 2.9; use x[tuple(seq)] instead of x[seq]. In pytorch 2.9 this will be interpreted as tensor index, x[torch.tensor(seq)], which will result either in an error or a different result (Triggered internally at /pytorch/torch/csrc/autograd/python_variable_indexing.cpp:347.)
  return data[ranges]
/home/test/Desktop/Fed-fold/openfold/data/data_transforms.py:1261: UserWarning: Using a non-tuple sequence for multidimensional indexing is deprecated and will be changed in pytorch 2.9; use x[tuple(seq)] instead of x[seq]. In pytorch 2.9 this will be interpreted as tensor index, x[torch.tensor(seq)], which will result either in an error or a different result (Triggered internally at /pytorch/torch/csrc/autograd/python_variable_indexing.cpp:347.)
  protein[k] = v[slices]
/home/test/Desktop/Fed-fold/openfold/utils/tensor_utils.py:95: UserWarning: Using a non-tuple sequence for multidimensional indexing is deprecated and will be changed in pytorch 2.9; use x[tuple(seq)] instead of x[seq]. In pytorch 2.9 this will be interpreted as tensor index, x[torch.tensor(seq)], which will result either in an error or a different result (Triggered internally at /pytorch/torch/csrc/autograd/python_variable_indexing.cpp:347.)
  return data[ranges]
/home/test/Desktop/Fed-fold/openfold/data/data_transforms.py:1261: UserWarning: Using a non-tuple sequence for multidimensional indexing is deprecated and will be changed in pytorch 2.9; use x[tuple(seq)] instead of x[seq]. In pytorch 2.9 this will be interpreted as tensor index, x[torch.tensor(seq)], which will result either in an error or a different result (Triggered internally at /pytorch/torch/csrc/autograd/python_variable_indexing.cpp:347.)
  protein[k] = v[slices]
/home/test/Desktop/Fed-fold/openfold/data/data_transforms.py:1261: UserWarning: Using a non-tuple sequence for multidimensional indexing is deprecated and will be changed in pytorch 2.9; use x[tuple(seq)] instead of x[seq]. In pytorch 2.9 this will be interpreted as tensor index, x[torch.tensor(seq)], which will result either in an error or a different result (Triggered internally at /pytorch/torch/csrc/autograd/python_variable_indexing.cpp:347.)
  protein[k] = v[slices]
/home/test/Desktop/Fed-fold/openfold/utils/tensor_utils.py:95: UserWarning: Using a non-tuple sequence for multidimensional indexing is deprecated and will be changed in pytorch 2.9; use x[tuple(seq)] instead of x[seq]. In pytorch 2.9 this will be interpreted as tensor index, x[torch.tensor(seq)], which will result either in an error or a different result (Triggered internally at /pytorch/torch/csrc/autograd/python_variable_indexing.cpp:347.)
  return data[ranges]
/home/test/Desktop/Fed-fold/openfold/data/data_transforms.py:1261: UserWarning: Using a non-tuple sequence for multidimensional indexing is deprecated and will be changed in pytorch 2.9; use x[tuple(seq)] instead of x[seq]. In pytorch 2.9 this will be interpreted as tensor index, x[torch.tensor(seq)], which will result either in an error or a different result (Triggered internally at /pytorch/torch/csrc/autograd/python_variable_indexing.cpp:347.)
  protein[k] = v[slices]
/home/test/Desktop/Fed-fold/openfold/utils/tensor_utils.py:95: UserWarning: Using a non-tuple sequence for multidimensional indexing is deprecated and will be changed in pytorch 2.9; use x[tuple(seq)] instead of x[seq]. In pytorch 2.9 this will be interpreted as tensor index, x[torch.tensor(seq)], which will result either in an error or a different result (Triggered internally at /pytorch/torch/csrc/autograd/python_variable_indexing.cpp:347.)
  return data[ranges]
/home/test/Desktop/Fed-fold/openfold/utils/tensor_utils.py:95: UserWarning: Using a non-tuple sequence for multidimensional indexing is deprecated and will be changed in pytorch 2.9; use x[tuple(seq)] instead of x[seq]. In pytorch 2.9 this will be interpreted as tensor index, x[torch.tensor(seq)], which will result either in an error or a different result (Triggered internally at /pytorch/torch/csrc/autograd/python_variable_indexing.cpp:347.)
  return data[ranges]
/home/test/Desktop/Fed-fold/openfold/data/data_transforms.py:1261: UserWarning: Using a non-tuple sequence for multidimensional indexing is deprecated and will be changed in pytorch 2.9; use x[tuple(seq)] instead of x[seq]. In pytorch 2.9 this will be interpreted as tensor index, x[torch.tensor(seq)], which will result either in an error or a different result (Triggered internally at /pytorch/torch/csrc/autograd/python_variable_indexing.cpp:347.)
  protein[k] = v[slices]
/home/test/Desktop/Fed-fold/openfold/utils/tensor_utils.py:95: UserWarning: Using a non-tuple sequence for multidimensional indexing is deprecated and will be changed in pytorch 2.9; use x[tuple(seq)] instead of x[seq]. In pytorch 2.9 this will be interpreted as tensor index, x[torch.tensor(seq)], which will result either in an error or a different result (Triggered internally at /pytorch/torch/csrc/autograd/python_variable_indexing.cpp:347.)
  return data[ranges]
/home/test/Desktop/Fed-fold/openfold/data/data_transforms.py:1261: UserWarning: Using a non-tuple sequence for multidimensional indexing is deprecated and will be changed in pytorch 2.9; use x[tuple(seq)] instead of x[seq]. In pytorch 2.9 this will be interpreted as tensor index, x[torch.tensor(seq)], which will result either in an error or a different result (Triggered internally at /pytorch/torch/csrc/autograd/python_variable_indexing.cpp:347.)
  protein[k] = v[slices]
/home/test/Desktop/Fed-fold/openfold/utils/tensor_utils.py:95: UserWarning: Using a non-tuple sequence for multidimensional indexing is deprecated and will be changed in pytorch 2.9; use x[tuple(seq)] instead of x[seq]. In pytorch 2.9 this will be interpreted as tensor index, x[torch.tensor(seq)], which will result either in an error or a different result (Triggered internally at /pytorch/torch/csrc/autograd/python_variable_indexing.cpp:347.)
  return data[ranges]
/home/test/Desktop/Fed-fold/openfold/data/data_transforms.py:1261: UserWarning: Using a non-tuple sequence for multidimensional indexing is deprecated and will be changed in pytorch 2.9; use x[tuple(seq)] instead of x[seq]. In pytorch 2.9 this will be interpreted as tensor index, x[torch.tensor(seq)], which will result either in an error or a different result (Triggered internally at /pytorch/torch/csrc/autograd/python_variable_indexing.cpp:347.)
  protein[k] = v[slices]
/home/test/Desktop/Fed-fold/openfold/utils/tensor_utils.py:95: UserWarning: Using a non-tuple sequence for multidimensional indexing is deprecated and will be changed in pytorch 2.9; use x[tuple(seq)] instead of x[seq]. In pytorch 2.9 this will be interpreted as tensor index, x[torch.tensor(seq)], which will result either in an error or a different result (Triggered internally at /pytorch/torch/csrc/autograd/python_variable_indexing.cpp:347.)
  return data[ranges]
/home/test/Desktop/Fed-fold/openfold/data/data_transforms.py:1261: UserWarning: Using a non-tuple sequence for multidimensional indexing is deprecated and will be changed in pytorch 2.9; use x[tuple(seq)] instead of x[seq]. In pytorch 2.9 this will be interpreted as tensor index, x[torch.tensor(seq)], which will result either in an error or a different result (Triggered internally at /pytorch/torch/csrc/autograd/python_variable_indexing.cpp:347.)
  protein[k] = v[slices]
/home/test/Desktop/Fed-fold/openfold/utils/tensor_utils.py:95: UserWarning: Using a non-tuple sequence for multidimensional indexing is deprecated and will be changed in pytorch 2.9; use x[tuple(seq)] instead of x[seq]. In pytorch 2.9 this will be interpreted as tensor index, x[torch.tensor(seq)], which will result either in an error or a different result (Triggered internally at /pytorch/torch/csrc/autograd/python_variable_indexing.cpp:347.)
  return data[ranges]
/home/test/Desktop/Fed-fold/openfold/data/data_transforms.py:1261: UserWarning: Using a non-tuple sequence for multidimensional indexing is deprecated and will be changed in pytorch 2.9; use x[tuple(seq)] instead of x[seq]. In pytorch 2.9 this will be interpreted as tensor index, x[torch.tensor(seq)], which will result either in an error or a different result (Triggered internally at /pytorch/torch/csrc/autograd/python_variable_indexing.cpp:347.)
  protein[k] = v[slices]
/home/test/Desktop/Fed-fold/openfold/data/data_transforms.py:1261: UserWarning: Using a non-tuple sequence for multidimensional indexing is deprecated and will be changed in pytorch 2.9; use x[tuple(seq)] instead of x[seq]. In pytorch 2.9 this will be interpreted as tensor index, x[torch.tensor(seq)], which will result either in an error or a different result (Triggered internally at /pytorch/torch/csrc/autograd/python_variable_indexing.cpp:347.)
  protein[k] = v[slices]
/home/test/Desktop/Fed-fold/openfold/utils/tensor_utils.py:95: UserWarning: Using a non-tuple sequence for multidimensional indexing is deprecated and will be changed in pytorch 2.9; use x[tuple(seq)] instead of x[seq]. In pytorch 2.9 this will be interpreted as tensor index, x[torch.tensor(seq)], which will result either in an error or a different result (Triggered internally at /pytorch/torch/csrc/autograd/python_variable_indexing.cpp:347.)
  return data[ranges]
/home/test/Desktop/Fed-fold/openfold/utils/tensor_utils.py:95: UserWarning: Using a non-tuple sequence for multidimensional indexing is deprecated and will be changed in pytorch 2.9; use x[tuple(seq)] instead of x[seq]. In pytorch 2.9 this will be interpreted as tensor index, x[torch.tensor(seq)], which will result either in an error or a different result (Triggered internally at /pytorch/torch/csrc/autograd/python_variable_indexing.cpp:347.)
  return data[ranges]
/home/test/Desktop/Fed-fold/openfold/data/data_transforms.py:1261: UserWarning: Using a non-tuple sequence for multidimensional indexing is deprecated and will be changed in pytorch 2.9; use x[tuple(seq)] instead of x[seq]. In pytorch 2.9 this will be interpreted as tensor index, x[torch.tensor(seq)], which will result either in an error or a different result (Triggered internally at /pytorch/torch/csrc/autograd/python_variable_indexing.cpp:347.)
  protein[k] = v[slices]
/home/test/Desktop/Fed-fold/openfold/utils/tensor_utils.py:95: UserWarning: Using a non-tuple sequence for multidimensional indexing is deprecated and will be changed in pytorch 2.9; use x[tuple(seq)] instead of x[seq]. In pytorch 2.9 this will be interpreted as tensor index, x[torch.tensor(seq)], which will result either in an error or a different result (Triggered internally at /pytorch/torch/csrc/autograd/python_variable_indexing.cpp:347.)
  return data[ranges]
/home/test/Desktop/Fed-fold/openfold/data/data_transforms.py:1261: UserWarning: Using a non-tuple sequence for multidimensional indexing is deprecated and will be changed in pytorch 2.9; use x[tuple(seq)] instead of x[seq]. In pytorch 2.9 this will be interpreted as tensor index, x[torch.tensor(seq)], which will result either in an error or a different result (Triggered internally at /pytorch/torch/csrc/autograd/python_variable_indexing.cpp:347.)
  protein[k] = v[slices]
/home/test/Desktop/Fed-fold/openfold/utils/tensor_utils.py:95: UserWarning: Using a non-tuple sequence for multidimensional indexing is deprecated and will be changed in pytorch 2.9; use x[tuple(seq)] instead of x[seq]. In pytorch 2.9 this will be interpreted as tensor index, x[torch.tensor(seq)], which will result either in an error or a different result (Triggered internally at /pytorch/torch/csrc/autograd/python_variable_indexing.cpp:347.)
  return data[ranges]
/home/test/Desktop/Fed-fold/openfold/utils/tensor_utils.py:95: UserWarning: Using a non-tuple sequence for multidimensional indexing is deprecated and will be changed in pytorch 2.9; use x[tuple(seq)] instead of x[seq]. In pytorch 2.9 this will be interpreted as tensor index, x[torch.tensor(seq)], which will result either in an error or a different result (Triggered internally at /pytorch/torch/csrc/autograd/python_variable_indexing.cpp:347.)
  return data[ranges]
/home/test/Desktop/Fed-fold/openfold/data/data_transforms.py:1261: UserWarning: Using a non-tuple sequence for multidimensional indexing is deprecated and will be changed in pytorch 2.9; use x[tuple(seq)] instead of x[seq]. In pytorch 2.9 this will be interpreted as tensor index, x[torch.tensor(seq)], which will result either in an error or a different result (Triggered internally at /pytorch/torch/csrc/autograd/python_variable_indexing.cpp:347.)
  protein[k] = v[slices]
/home/test/Desktop/Fed-fold/openfold/data/data_transforms.py:1261: UserWarning: Using a non-tuple sequence for multidimensional indexing is deprecated and will be changed in pytorch 2.9; use x[tuple(seq)] instead of x[seq]. In pytorch 2.9 this will be interpreted as tensor index, x[torch.tensor(seq)], which will result either in an error or a different result (Triggered internally at /pytorch/torch/csrc/autograd/python_variable_indexing.cpp:347.)
  protein[k] = v[slices]
/home/test/Desktop/Fed-fold/openfold/data/data_transforms.py:1261: UserWarning: Using a non-tuple sequence for multidimensional indexing is deprecated and will be changed in pytorch 2.9; use x[tuple(seq)] instead of x[seq]. In pytorch 2.9 this will be interpreted as tensor index, x[torch.tensor(seq)], which will result either in an error or a different result (Triggered internally at /pytorch/torch/csrc/autograd/python_variable_indexing.cpp:347.)
  protein[k] = v[slices]
/home/test/Desktop/Fed-fold/openfold/utils/tensor_utils.py:95: UserWarning: Using a non-tuple sequence for multidimensional indexing is deprecated and will be changed in pytorch 2.9; use x[tuple(seq)] instead of x[seq]. In pytorch 2.9 this will be interpreted as tensor index, x[torch.tensor(seq)], which will result either in an error or a different result (Triggered internally at /pytorch/torch/csrc/autograd/python_variable_indexing.cpp:347.)
  return data[ranges]
/home/test/Desktop/Fed-fold/openfold/utils/tensor_utils.py:95: UserWarning: Using a non-tuple sequence for multidimensional indexing is deprecated and will be changed in pytorch 2.9; use x[tuple(seq)] instead of x[seq]. In pytorch 2.9 this will be interpreted as tensor index, x[torch.tensor(seq)], which will result either in an error or a different result (Triggered internally at /pytorch/torch/csrc/autograd/python_variable_indexing.cpp:347.)
  return data[ranges]
/home/test/Desktop/Fed-fold/openfold/data/data_transforms.py:1261: UserWarning: Using a non-tuple sequence for multidimensional indexing is deprecated and will be changed in pytorch 2.9; use x[tuple(seq)] instead of x[seq]. In pytorch 2.9 this will be interpreted as tensor index, x[torch.tensor(seq)], which will result either in an error or a different result (Triggered internally at /pytorch/torch/csrc/autograd/python_variable_indexing.cpp:347.)
  protein[k] = v[slices]
/home/test/Desktop/Fed-fold/openfold/data/data_transforms.py:1261: UserWarning: Using a non-tuple sequence for multidimensional indexing is deprecated and will be changed in pytorch 2.9; use x[tuple(seq)] instead of x[seq]. In pytorch 2.9 this will be interpreted as tensor index, x[torch.tensor(seq)], which will result either in an error or a different result (Triggered internally at /pytorch/torch/csrc/autograd/python_variable_indexing.cpp:347.)
  protein[k] = v[slices]
/home/test/Desktop/Fed-fold/openfold/utils/tensor_utils.py:95: UserWarning: Using a non-tuple sequence for multidimensional indexing is deprecated and will be changed in pytorch 2.9; use x[tuple(seq)] instead of x[seq]. In pytorch 2.9 this will be interpreted as tensor index, x[torch.tensor(seq)], which will result either in an error or a different result (Triggered internally at /pytorch/torch/csrc/autograd/python_variable_indexing.cpp:347.)
  return data[ranges]
/home/test/Desktop/Fed-fold/openfold/utils/tensor_utils.py:95: UserWarning: Using a non-tuple sequence for multidimensional indexing is deprecated and will be changed in pytorch 2.9; use x[tuple(seq)] instead of x[seq]. In pytorch 2.9 this will be interpreted as tensor index, x[torch.tensor(seq)], which will result either in an error or a different result (Triggered internally at /pytorch/torch/csrc/autograd/python_variable_indexing.cpp:347.)
  return data[ranges]
/home/test/Desktop/Fed-fold/openfold/data/data_transforms.py:1261: UserWarning: Using a non-tuple sequence for multidimensional indexing is deprecated and will be changed in pytorch 2.9; use x[tuple(seq)] instead of x[seq]. In pytorch 2.9 this will be interpreted as tensor index, x[torch.tensor(seq)], which will result either in an error or a different result (Triggered internally at /pytorch/torch/csrc/autograd/python_variable_indexing.cpp:347.)
  protein[k] = v[slices]
/home/test/Desktop/Fed-fold/openfold/utils/tensor_utils.py:95: UserWarning: Using a non-tuple sequence for multidimensional indexing is deprecated and will be changed in pytorch 2.9; use x[tuple(seq)] instead of x[seq]. In pytorch 2.9 this will be interpreted as tensor index, x[torch.tensor(seq)], which will result either in an error or a different result (Triggered internally at /pytorch/torch/csrc/autograd/python_variable_indexing.cpp:347.)
  return data[ranges]
/home/test/Desktop/Fed-fold/openfold/data/data_transforms.py:1261: UserWarning: Using a non-tuple sequence for multidimensional indexing is deprecated and will be changed in pytorch 2.9; use x[tuple(seq)] instead of x[seq]. In pytorch 2.9 this will be interpreted as tensor index, x[torch.tensor(seq)], which will result either in an error or a different result (Triggered internally at /pytorch/torch/csrc/autograd/python_variable_indexing.cpp:347.)
  protein[k] = v[slices]
/home/test/Desktop/Fed-fold/openfold/data/data_transforms.py:1261: UserWarning: Using a non-tuple sequence for multidimensional indexing is deprecated and will be changed in pytorch 2.9; use x[tuple(seq)] instead of x[seq]. In pytorch 2.9 this will be interpreted as tensor index, x[torch.tensor(seq)], which will result either in an error or a different result (Triggered internally at /pytorch/torch/csrc/autograd/python_variable_indexing.cpp:347.)
  protein[k] = v[slices]
/home/test/Desktop/Fed-fold/openfold/utils/tensor_utils.py:95: UserWarning: Using a non-tuple sequence for multidimensional indexing is deprecated and will be changed in pytorch 2.9; use x[tuple(seq)] instead of x[seq]. In pytorch 2.9 this will be interpreted as tensor index, x[torch.tensor(seq)], which will result either in an error or a different result (Triggered internally at /pytorch/torch/csrc/autograd/python_variable_indexing.cpp:347.)
  return data[ranges]
/home/test/Desktop/Fed-fold/openfold/utils/tensor_utils.py:95: UserWarning: Using a non-tuple sequence for multidimensional indexing is deprecated and will be changed in pytorch 2.9; use x[tuple(seq)] instead of x[seq]. In pytorch 2.9 this will be interpreted as tensor index, x[torch.tensor(seq)], which will result either in an error or a different result (Triggered internally at /pytorch/torch/csrc/autograd/python_variable_indexing.cpp:347.)
  return data[ranges]
/home/test/Desktop/Fed-fold/openfold/data/data_transforms.py:1261: UserWarning: Using a non-tuple sequence for multidimensional indexing is deprecated and will be changed in pytorch 2.9; use x[tuple(seq)] instead of x[seq]. In pytorch 2.9 this will be interpreted as tensor index, x[torch.tensor(seq)], which will result either in an error or a different result (Triggered internally at /pytorch/torch/csrc/autograd/python_variable_indexing.cpp:347.)
  protein[k] = v[slices]
/home/test/Desktop/Fed-fold/openfold/data/data_transforms.py:1261: UserWarning: Using a non-tuple sequence for multidimensional indexing is deprecated and will be changed in pytorch 2.9; use x[tuple(seq)] instead of x[seq]. In pytorch 2.9 this will be interpreted as tensor index, x[torch.tensor(seq)], which will result either in an error or a different result (Triggered internally at /pytorch/torch/csrc/autograd/python_variable_indexing.cpp:347.)
  protein[k] = v[slices]
/home/test/Desktop/Fed-fold/openfold/utils/tensor_utils.py:95: UserWarning: Using a non-tuple sequence for multidimensional indexing is deprecated and will be changed in pytorch 2.9; use x[tuple(seq)] instead of x[seq]. In pytorch 2.9 this will be interpreted as tensor index, x[torch.tensor(seq)], which will result either in an error or a different result (Triggered internally at /pytorch/torch/csrc/autograd/python_variable_indexing.cpp:347.)
  return data[ranges]
/home/test/Desktop/Fed-fold/openfold/data/data_transforms.py:1261: UserWarning: Using a non-tuple sequence for multidimensional indexing is deprecated and will be changed in pytorch 2.9; use x[tuple(seq)] instead of x[seq]. In pytorch 2.9 this will be interpreted as tensor index, x[torch.tensor(seq)], which will result either in an error or a different result (Triggered internally at /pytorch/torch/csrc/autograd/python_variable_indexing.cpp:347.)
  protein[k] = v[slices]
/home/test/Desktop/Fed-fold/openfold/utils/tensor_utils.py:95: UserWarning: Using a non-tuple sequence for multidimensional indexing is deprecated and will be changed in pytorch 2.9; use x[tuple(seq)] instead of x[seq]. In pytorch 2.9 this will be interpreted as tensor index, x[torch.tensor(seq)], which will result either in an error or a different result (Triggered internally at /pytorch/torch/csrc/autograd/python_variable_indexing.cpp:347.)
  return data[ranges]
/home/test/Desktop/Fed-fold/openfold/utils/tensor_utils.py:95: UserWarning: Using a non-tuple sequence for multidimensional indexing is deprecated and will be changed in pytorch 2.9; use x[tuple(seq)] instead of x[seq]. In pytorch 2.9 this will be interpreted as tensor index, x[torch.tensor(seq)], which will result either in an error or a different result (Triggered internally at /pytorch/torch/csrc/autograd/python_variable_indexing.cpp:347.)
  return data[ranges]
/home/test/Desktop/Fed-fold/openfold/data/data_transforms.py:1261: UserWarning: Using a non-tuple sequence for multidimensional indexing is deprecated and will be changed in pytorch 2.9; use x[tuple(seq)] instead of x[seq]. In pytorch 2.9 this will be interpreted as tensor index, x[torch.tensor(seq)], which will result either in an error or a different result (Triggered internally at /pytorch/torch/csrc/autograd/python_variable_indexing.cpp:347.)
  protein[k] = v[slices]
/home/test/Desktop/Fed-fold/openfold/utils/tensor_utils.py:95: UserWarning: Using a non-tuple sequence for multidimensional indexing is deprecated and will be changed in pytorch 2.9; use x[tuple(seq)] instead of x[seq]. In pytorch 2.9 this will be interpreted as tensor index, x[torch.tensor(seq)], which will result either in an error or a different result (Triggered internally at /pytorch/torch/csrc/autograd/python_variable_indexing.cpp:347.)
  return data[ranges]
/home/test/Desktop/Fed-fold/openfold/utils/tensor_utils.py:95: UserWarning: Using a non-tuple sequence for multidimensional indexing is deprecated and will be changed in pytorch 2.9; use x[tuple(seq)] instead of x[seq]. In pytorch 2.9 this will be interpreted as tensor index, x[torch.tensor(seq)], which will result either in an error or a different result (Triggered internally at /pytorch/torch/csrc/autograd/python_variable_indexing.cpp:347.)
  return data[ranges]
/home/test/Desktop/Fed-fold/openfold/data/data_transforms.py:1261: UserWarning: Using a non-tuple sequence for multidimensional indexing is deprecated and will be changed in pytorch 2.9; use x[tuple(seq)] instead of x[seq]. In pytorch 2.9 this will be interpreted as tensor index, x[torch.tensor(seq)], which will result either in an error or a different result (Triggered internally at /pytorch/torch/csrc/autograd/python_variable_indexing.cpp:347.)
  protein[k] = v[slices]
/home/test/Desktop/Fed-fold/openfold/data/data_transforms.py:1261: UserWarning: Using a non-tuple sequence for multidimensional indexing is deprecated and will be changed in pytorch 2.9; use x[tuple(seq)] instead of x[seq]. In pytorch 2.9 this will be interpreted as tensor index, x[torch.tensor(seq)], which will result either in an error or a different result (Triggered internally at /pytorch/torch/csrc/autograd/python_variable_indexing.cpp:347.)
  protein[k] = v[slices]
/home/test/Desktop/Fed-fold/openfold/utils/tensor_utils.py:95: UserWarning: Using a non-tuple sequence for multidimensional indexing is deprecated and will be changed in pytorch 2.9; use x[tuple(seq)] instead of x[seq]. In pytorch 2.9 this will be interpreted as tensor index, x[torch.tensor(seq)], which will result either in an error or a different result (Triggered internally at /pytorch/torch/csrc/autograd/python_variable_indexing.cpp:347.)
  return data[ranges]
/home/test/Desktop/Fed-fold/openfold/data/data_transforms.py:1261: UserWarning: Using a non-tuple sequence for multidimensional indexing is deprecated and will be changed in pytorch 2.9; use x[tuple(seq)] instead of x[seq]. In pytorch 2.9 this will be interpreted as tensor index, x[torch.tensor(seq)], which will result either in an error or a different result (Triggered internally at /pytorch/torch/csrc/autograd/python_variable_indexing.cpp:347.)
  protein[k] = v[slices]
/home/test/Desktop/Fed-fold/openfold/data/data_transforms.py:1261: UserWarning: Using a non-tuple sequence for multidimensional indexing is deprecated and will be changed in pytorch 2.9; use x[tuple(seq)] instead of x[seq]. In pytorch 2.9 this will be interpreted as tensor index, x[torch.tensor(seq)], which will result either in an error or a different result (Triggered internally at /pytorch/torch/csrc/autograd/python_variable_indexing.cpp:347.)
  protein[k] = v[slices]
/home/test/Desktop/Fed-fold/openfold/utils/tensor_utils.py:95: UserWarning: Using a non-tuple sequence for multidimensional indexing is deprecated and will be changed in pytorch 2.9; use x[tuple(seq)] instead of x[seq]. In pytorch 2.9 this will be interpreted as tensor index, x[torch.tensor(seq)], which will result either in an error or a different result (Triggered internally at /pytorch/torch/csrc/autograd/python_variable_indexing.cpp:347.)
  return data[ranges]
/home/test/Desktop/Fed-fold/openfold/data/data_transforms.py:1261: UserWarning: Using a non-tuple sequence for multidimensional indexing is deprecated and will be changed in pytorch 2.9; use x[tuple(seq)] instead of x[seq]. In pytorch 2.9 this will be interpreted as tensor index, x[torch.tensor(seq)], which will result either in an error or a different result (Triggered internally at /pytorch/torch/csrc/autograd/python_variable_indexing.cpp:347.)
  protein[k] = v[slices]
/home/test/Desktop/Fed-fold/openfold/utils/tensor_utils.py:95: UserWarning: Using a non-tuple sequence for multidimensional indexing is deprecated and will be changed in pytorch 2.9; use x[tuple(seq)] instead of x[seq]. In pytorch 2.9 this will be interpreted as tensor index, x[torch.tensor(seq)], which will result either in an error or a different result (Triggered internally at /pytorch/torch/csrc/autograd/python_variable_indexing.cpp:347.)
  return data[ranges]
/home/test/Desktop/Fed-fold/openfold/data/data_transforms.py:1261: UserWarning: Using a non-tuple sequence for multidimensional indexing is deprecated and will be changed in pytorch 2.9; use x[tuple(seq)] instead of x[seq]. In pytorch 2.9 this will be interpreted as tensor index, x[torch.tensor(seq)], which will result either in an error or a different result (Triggered internally at /pytorch/torch/csrc/autograd/python_variable_indexing.cpp:347.)
  protein[k] = v[slices]
Epoch 1:   2%|▏         | 1/64 [00:10<11:26,  0.09it/s, train/loss=31.50]Epoch 1:   2%|▏         | 1/64 [00:10<11:27,  0.09it/s, train/loss=31.30]/home/test/Desktop/Fed-fold/openfold/utils/tensor_utils.py:95: UserWarning: Using a non-tuple sequence for multidimensional indexing is deprecated and will be changed in pytorch 2.9; use x[tuple(seq)] instead of x[seq]. In pytorch 2.9 this will be interpreted as tensor index, x[torch.tensor(seq)], which will result either in an error or a different result (Triggered internally at /pytorch/torch/csrc/autograd/python_variable_indexing.cpp:347.)
  return data[ranges]
/home/test/Desktop/Fed-fold/openfold/data/data_transforms.py:1261: UserWarning: Using a non-tuple sequence for multidimensional indexing is deprecated and will be changed in pytorch 2.9; use x[tuple(seq)] instead of x[seq]. In pytorch 2.9 this will be interpreted as tensor index, x[torch.tensor(seq)], which will result either in an error or a different result (Triggered internally at /pytorch/torch/csrc/autograd/python_variable_indexing.cpp:347.)
  protein[k] = v[slices]
Epoch 1:   3%|▎         | 2/64 [00:21<11:10,  0.09it/s, train/loss=31.30]Epoch 1:   3%|▎         | 2/64 [00:21<11:10,  0.09it/s, train/loss=21.10]/home/test/Desktop/Fed-fold/openfold/utils/tensor_utils.py:95: UserWarning: Using a non-tuple sequence for multidimensional indexing is deprecated and will be changed in pytorch 2.9; use x[tuple(seq)] instead of x[seq]. In pytorch 2.9 this will be interpreted as tensor index, x[torch.tensor(seq)], which will result either in an error or a different result (Triggered internally at /pytorch/torch/csrc/autograd/python_variable_indexing.cpp:347.)
  return data[ranges]
/home/test/Desktop/Fed-fold/openfold/data/data_transforms.py:1261: UserWarning: Using a non-tuple sequence for multidimensional indexing is deprecated and will be changed in pytorch 2.9; use x[tuple(seq)] instead of x[seq]. In pytorch 2.9 this will be interpreted as tensor index, x[torch.tensor(seq)], which will result either in an error or a different result (Triggered internally at /pytorch/torch/csrc/autograd/python_variable_indexing.cpp:347.)
  protein[k] = v[slices]
Epoch 1:   5%|▍         | 3/64 [00:29<09:51,  0.10it/s, train/loss=21.10]Epoch 1:   5%|▍         | 3/64 [00:29<09:51,  0.10it/s, train/loss=31.00]/home/test/Desktop/Fed-fold/openfold/utils/tensor_utils.py:95: UserWarning: Using a non-tuple sequence for multidimensional indexing is deprecated and will be changed in pytorch 2.9; use x[tuple(seq)] instead of x[seq]. In pytorch 2.9 this will be interpreted as tensor index, x[torch.tensor(seq)], which will result either in an error or a different result (Triggered internally at /pytorch/torch/csrc/autograd/python_variable_indexing.cpp:347.)
  return data[ranges]
/home/test/Desktop/Fed-fold/openfold/data/data_transforms.py:1261: UserWarning: Using a non-tuple sequence for multidimensional indexing is deprecated and will be changed in pytorch 2.9; use x[tuple(seq)] instead of x[seq]. In pytorch 2.9 this will be interpreted as tensor index, x[torch.tensor(seq)], which will result either in an error or a different result (Triggered internally at /pytorch/torch/csrc/autograd/python_variable_indexing.cpp:347.)
  protein[k] = v[slices]
Epoch 1:   6%|▋         | 4/64 [00:39<09:57,  0.10it/s, train/loss=31.00]Epoch 1:   6%|▋         | 4/64 [00:39<09:57,  0.10it/s, train/loss=25.20]/home/test/Desktop/Fed-fold/openfold/utils/tensor_utils.py:95: UserWarning: Using a non-tuple sequence for multidimensional indexing is deprecated and will be changed in pytorch 2.9; use x[tuple(seq)] instead of x[seq]. In pytorch 2.9 this will be interpreted as tensor index, x[torch.tensor(seq)], which will result either in an error or a different result (Triggered internally at /pytorch/torch/csrc/autograd/python_variable_indexing.cpp:347.)
  return data[ranges]
/home/test/Desktop/Fed-fold/openfold/data/data_transforms.py:1261: UserWarning: Using a non-tuple sequence for multidimensional indexing is deprecated and will be changed in pytorch 2.9; use x[tuple(seq)] instead of x[seq]. In pytorch 2.9 this will be interpreted as tensor index, x[torch.tensor(seq)], which will result either in an error or a different result (Triggered internally at /pytorch/torch/csrc/autograd/python_variable_indexing.cpp:347.)
  protein[k] = v[slices]
Epoch 1:   8%|▊         | 5/64 [00:50<09:56,  0.10it/s, train/loss=25.20]Epoch 1:   8%|▊         | 5/64 [00:50<09:56,  0.10it/s, train/loss=28.70]/home/test/Desktop/Fed-fold/openfold/utils/tensor_utils.py:95: UserWarning: Using a non-tuple sequence for multidimensional indexing is deprecated and will be changed in pytorch 2.9; use x[tuple(seq)] instead of x[seq]. In pytorch 2.9 this will be interpreted as tensor index, x[torch.tensor(seq)], which will result either in an error or a different result (Triggered internally at /pytorch/torch/csrc/autograd/python_variable_indexing.cpp:347.)
  return data[ranges]
/home/test/Desktop/Fed-fold/openfold/data/data_transforms.py:1261: UserWarning: Using a non-tuple sequence for multidimensional indexing is deprecated and will be changed in pytorch 2.9; use x[tuple(seq)] instead of x[seq]. In pytorch 2.9 this will be interpreted as tensor index, x[torch.tensor(seq)], which will result either in an error or a different result (Triggered internally at /pytorch/torch/csrc/autograd/python_variable_indexing.cpp:347.)
  protein[k] = v[slices]
Epoch 1:   9%|▉         | 6/64 [01:01<09:52,  0.10it/s, train/loss=28.70]Epoch 1:   9%|▉         | 6/64 [01:01<09:52,  0.10it/s, train/loss=29.40]/home/test/Desktop/Fed-fold/openfold/utils/tensor_utils.py:95: UserWarning: Using a non-tuple sequence for multidimensional indexing is deprecated and will be changed in pytorch 2.9; use x[tuple(seq)] instead of x[seq]. In pytorch 2.9 this will be interpreted as tensor index, x[torch.tensor(seq)], which will result either in an error or a different result (Triggered internally at /pytorch/torch/csrc/autograd/python_variable_indexing.cpp:347.)
  return data[ranges]
/home/test/Desktop/Fed-fold/openfold/data/data_transforms.py:1261: UserWarning: Using a non-tuple sequence for multidimensional indexing is deprecated and will be changed in pytorch 2.9; use x[tuple(seq)] instead of x[seq]. In pytorch 2.9 this will be interpreted as tensor index, x[torch.tensor(seq)], which will result either in an error or a different result (Triggered internally at /pytorch/torch/csrc/autograd/python_variable_indexing.cpp:347.)
  protein[k] = v[slices]
Epoch 1:  11%|█         | 7/64 [01:13<09:58,  0.10it/s, train/loss=29.40]Epoch 1:  11%|█         | 7/64 [01:13<09:58,  0.10it/s, train/loss=37.90]/home/test/Desktop/Fed-fold/openfold/utils/tensor_utils.py:95: UserWarning: Using a non-tuple sequence for multidimensional indexing is deprecated and will be changed in pytorch 2.9; use x[tuple(seq)] instead of x[seq]. In pytorch 2.9 this will be interpreted as tensor index, x[torch.tensor(seq)], which will result either in an error or a different result (Triggered internally at /pytorch/torch/csrc/autograd/python_variable_indexing.cpp:347.)
  return data[ranges]
/home/test/Desktop/Fed-fold/openfold/data/data_transforms.py:1261: UserWarning: Using a non-tuple sequence for multidimensional indexing is deprecated and will be changed in pytorch 2.9; use x[tuple(seq)] instead of x[seq]. In pytorch 2.9 this will be interpreted as tensor index, x[torch.tensor(seq)], which will result either in an error or a different result (Triggered internally at /pytorch/torch/csrc/autograd/python_variable_indexing.cpp:347.)
  protein[k] = v[slices]
Epoch 1:  12%|█▎        | 8/64 [01:24<09:49,  0.09it/s, train/loss=37.90]Epoch 1:  12%|█▎        | 8/64 [01:24<09:49,  0.09it/s, train/loss=31.00]/home/test/Desktop/Fed-fold/openfold/utils/tensor_utils.py:95: UserWarning: Using a non-tuple sequence for multidimensional indexing is deprecated and will be changed in pytorch 2.9; use x[tuple(seq)] instead of x[seq]. In pytorch 2.9 this will be interpreted as tensor index, x[torch.tensor(seq)], which will result either in an error or a different result (Triggered internally at /pytorch/torch/csrc/autograd/python_variable_indexing.cpp:347.)
  return data[ranges]
/home/test/Desktop/Fed-fold/openfold/data/data_transforms.py:1261: UserWarning: Using a non-tuple sequence for multidimensional indexing is deprecated and will be changed in pytorch 2.9; use x[tuple(seq)] instead of x[seq]. In pytorch 2.9 this will be interpreted as tensor index, x[torch.tensor(seq)], which will result either in an error or a different result (Triggered internally at /pytorch/torch/csrc/autograd/python_variable_indexing.cpp:347.)
  protein[k] = v[slices]
Epoch 1:  14%|█▍        | 9/64 [01:36<09:51,  0.09it/s, train/loss=31.00]Epoch 1:  14%|█▍        | 9/64 [01:36<09:51,  0.09it/s, train/loss=25.10]/home/test/Desktop/Fed-fold/openfold/utils/tensor_utils.py:95: UserWarning: Using a non-tuple sequence for multidimensional indexing is deprecated and will be changed in pytorch 2.9; use x[tuple(seq)] instead of x[seq]. In pytorch 2.9 this will be interpreted as tensor index, x[torch.tensor(seq)], which will result either in an error or a different result (Triggered internally at /pytorch/torch/csrc/autograd/python_variable_indexing.cpp:347.)
  return data[ranges]
/home/test/Desktop/Fed-fold/openfold/data/data_transforms.py:1261: UserWarning: Using a non-tuple sequence for multidimensional indexing is deprecated and will be changed in pytorch 2.9; use x[tuple(seq)] instead of x[seq]. In pytorch 2.9 this will be interpreted as tensor index, x[torch.tensor(seq)], which will result either in an error or a different result (Triggered internally at /pytorch/torch/csrc/autograd/python_variable_indexing.cpp:347.)
  protein[k] = v[slices]
Epoch 1:  16%|█▌        | 10/64 [01:49<09:48,  0.09it/s, train/loss=25.10]Epoch 1:  16%|█▌        | 10/64 [01:49<09:48,  0.09it/s, train/loss=18.30]/home/test/Desktop/Fed-fold/openfold/utils/tensor_utils.py:95: UserWarning: Using a non-tuple sequence for multidimensional indexing is deprecated and will be changed in pytorch 2.9; use x[tuple(seq)] instead of x[seq]. In pytorch 2.9 this will be interpreted as tensor index, x[torch.tensor(seq)], which will result either in an error or a different result (Triggered internally at /pytorch/torch/csrc/autograd/python_variable_indexing.cpp:347.)
  return data[ranges]
/home/test/Desktop/Fed-fold/openfold/data/data_transforms.py:1261: UserWarning: Using a non-tuple sequence for multidimensional indexing is deprecated and will be changed in pytorch 2.9; use x[tuple(seq)] instead of x[seq]. In pytorch 2.9 this will be interpreted as tensor index, x[torch.tensor(seq)], which will result either in an error or a different result (Triggered internally at /pytorch/torch/csrc/autograd/python_variable_indexing.cpp:347.)
  protein[k] = v[slices]
Epoch 1:  17%|█▋        | 11/64 [01:58<09:29,  0.09it/s, train/loss=18.30]Epoch 1:  17%|█▋        | 11/64 [01:58<09:29,  0.09it/s, train/loss=34.00]/home/test/Desktop/Fed-fold/openfold/utils/tensor_utils.py:95: UserWarning: Using a non-tuple sequence for multidimensional indexing is deprecated and will be changed in pytorch 2.9; use x[tuple(seq)] instead of x[seq]. In pytorch 2.9 this will be interpreted as tensor index, x[torch.tensor(seq)], which will result either in an error or a different result (Triggered internally at /pytorch/torch/csrc/autograd/python_variable_indexing.cpp:347.)
  return data[ranges]
/home/test/Desktop/Fed-fold/openfold/data/data_transforms.py:1261: UserWarning: Using a non-tuple sequence for multidimensional indexing is deprecated and will be changed in pytorch 2.9; use x[tuple(seq)] instead of x[seq]. In pytorch 2.9 this will be interpreted as tensor index, x[torch.tensor(seq)], which will result either in an error or a different result (Triggered internally at /pytorch/torch/csrc/autograd/python_variable_indexing.cpp:347.)
  protein[k] = v[slices]
Epoch 1:  19%|█▉        | 12/64 [02:07<09:11,  0.09it/s, train/loss=34.00]Epoch 1:  19%|█▉        | 12/64 [02:07<09:11,  0.09it/s, train/loss=27.60]/home/test/Desktop/Fed-fold/openfold/utils/tensor_utils.py:95: UserWarning: Using a non-tuple sequence for multidimensional indexing is deprecated and will be changed in pytorch 2.9; use x[tuple(seq)] instead of x[seq]. In pytorch 2.9 this will be interpreted as tensor index, x[torch.tensor(seq)], which will result either in an error or a different result (Triggered internally at /pytorch/torch/csrc/autograd/python_variable_indexing.cpp:347.)
  return data[ranges]
/home/test/Desktop/Fed-fold/openfold/data/data_transforms.py:1261: UserWarning: Using a non-tuple sequence for multidimensional indexing is deprecated and will be changed in pytorch 2.9; use x[tuple(seq)] instead of x[seq]. In pytorch 2.9 this will be interpreted as tensor index, x[torch.tensor(seq)], which will result either in an error or a different result (Triggered internally at /pytorch/torch/csrc/autograd/python_variable_indexing.cpp:347.)
  protein[k] = v[slices]
Epoch 1:  20%|██        | 13/64 [02:17<09:01,  0.09it/s, train/loss=27.60]Epoch 1:  20%|██        | 13/64 [02:17<09:01,  0.09it/s, train/loss=24.60]/home/test/Desktop/Fed-fold/openfold/utils/tensor_utils.py:95: UserWarning: Using a non-tuple sequence for multidimensional indexing is deprecated and will be changed in pytorch 2.9; use x[tuple(seq)] instead of x[seq]. In pytorch 2.9 this will be interpreted as tensor index, x[torch.tensor(seq)], which will result either in an error or a different result (Triggered internally at /pytorch/torch/csrc/autograd/python_variable_indexing.cpp:347.)
  return data[ranges]
/home/test/Desktop/Fed-fold/openfold/data/data_transforms.py:1261: UserWarning: Using a non-tuple sequence for multidimensional indexing is deprecated and will be changed in pytorch 2.9; use x[tuple(seq)] instead of x[seq]. In pytorch 2.9 this will be interpreted as tensor index, x[torch.tensor(seq)], which will result either in an error or a different result (Triggered internally at /pytorch/torch/csrc/autograd/python_variable_indexing.cpp:347.)
  protein[k] = v[slices]
Epoch 1:  22%|██▏       | 14/64 [02:28<08:50,  0.09it/s, train/loss=24.60]Epoch 1:  22%|██▏       | 14/64 [02:28<08:50,  0.09it/s, train/loss=25.20]/home/test/Desktop/Fed-fold/openfold/utils/tensor_utils.py:95: UserWarning: Using a non-tuple sequence for multidimensional indexing is deprecated and will be changed in pytorch 2.9; use x[tuple(seq)] instead of x[seq]. In pytorch 2.9 this will be interpreted as tensor index, x[torch.tensor(seq)], which will result either in an error or a different result (Triggered internally at /pytorch/torch/csrc/autograd/python_variable_indexing.cpp:347.)
  return data[ranges]
/home/test/Desktop/Fed-fold/openfold/data/data_transforms.py:1261: UserWarning: Using a non-tuple sequence for multidimensional indexing is deprecated and will be changed in pytorch 2.9; use x[tuple(seq)] instead of x[seq]. In pytorch 2.9 this will be interpreted as tensor index, x[torch.tensor(seq)], which will result either in an error or a different result (Triggered internally at /pytorch/torch/csrc/autograd/python_variable_indexing.cpp:347.)
  protein[k] = v[slices]
Epoch 1:  23%|██▎       | 15/64 [02:39<08:40,  0.09it/s, train/loss=25.20]Epoch 1:  23%|██▎       | 15/64 [02:39<08:40,  0.09it/s, train/loss=30.50]/home/test/Desktop/Fed-fold/openfold/utils/tensor_utils.py:95: UserWarning: Using a non-tuple sequence for multidimensional indexing is deprecated and will be changed in pytorch 2.9; use x[tuple(seq)] instead of x[seq]. In pytorch 2.9 this will be interpreted as tensor index, x[torch.tensor(seq)], which will result either in an error or a different result (Triggered internally at /pytorch/torch/csrc/autograd/python_variable_indexing.cpp:347.)
  return data[ranges]
/home/test/Desktop/Fed-fold/openfold/data/data_transforms.py:1261: UserWarning: Using a non-tuple sequence for multidimensional indexing is deprecated and will be changed in pytorch 2.9; use x[tuple(seq)] instead of x[seq]. In pytorch 2.9 this will be interpreted as tensor index, x[torch.tensor(seq)], which will result either in an error or a different result (Triggered internally at /pytorch/torch/csrc/autograd/python_variable_indexing.cpp:347.)
  protein[k] = v[slices]
Epoch 1:  25%|██▌       | 16/64 [02:46<08:20,  0.10it/s, train/loss=30.50]Epoch 1:  25%|██▌       | 16/64 [02:46<08:20,  0.10it/s, train/loss=36.40]/home/test/Desktop/Fed-fold/openfold/utils/tensor_utils.py:95: UserWarning: Using a non-tuple sequence for multidimensional indexing is deprecated and will be changed in pytorch 2.9; use x[tuple(seq)] instead of x[seq]. In pytorch 2.9 this will be interpreted as tensor index, x[torch.tensor(seq)], which will result either in an error or a different result (Triggered internally at /pytorch/torch/csrc/autograd/python_variable_indexing.cpp:347.)
  return data[ranges]
/home/test/Desktop/Fed-fold/openfold/data/data_transforms.py:1261: UserWarning: Using a non-tuple sequence for multidimensional indexing is deprecated and will be changed in pytorch 2.9; use x[tuple(seq)] instead of x[seq]. In pytorch 2.9 this will be interpreted as tensor index, x[torch.tensor(seq)], which will result either in an error or a different result (Triggered internally at /pytorch/torch/csrc/autograd/python_variable_indexing.cpp:347.)
  protein[k] = v[slices]
Epoch 1:  27%|██▋       | 17/64 [02:59<08:15,  0.09it/s, train/loss=36.40]Epoch 1:  27%|██▋       | 17/64 [02:59<08:15,  0.09it/s, train/loss=16.30]/home/test/Desktop/Fed-fold/openfold/utils/tensor_utils.py:95: UserWarning: Using a non-tuple sequence for multidimensional indexing is deprecated and will be changed in pytorch 2.9; use x[tuple(seq)] instead of x[seq]. In pytorch 2.9 this will be interpreted as tensor index, x[torch.tensor(seq)], which will result either in an error or a different result (Triggered internally at /pytorch/torch/csrc/autograd/python_variable_indexing.cpp:347.)
  return data[ranges]
/home/test/Desktop/Fed-fold/openfold/data/data_transforms.py:1261: UserWarning: Using a non-tuple sequence for multidimensional indexing is deprecated and will be changed in pytorch 2.9; use x[tuple(seq)] instead of x[seq]. In pytorch 2.9 this will be interpreted as tensor index, x[torch.tensor(seq)], which will result either in an error or a different result (Triggered internally at /pytorch/torch/csrc/autograd/python_variable_indexing.cpp:347.)
  protein[k] = v[slices]
Epoch 1:  28%|██▊       | 18/64 [03:11<08:09,  0.09it/s, train/loss=16.30]Epoch 1:  28%|██▊       | 18/64 [03:11<08:09,  0.09it/s, train/loss=29.30]/home/test/Desktop/Fed-fold/openfold/utils/tensor_utils.py:95: UserWarning: Using a non-tuple sequence for multidimensional indexing is deprecated and will be changed in pytorch 2.9; use x[tuple(seq)] instead of x[seq]. In pytorch 2.9 this will be interpreted as tensor index, x[torch.tensor(seq)], which will result either in an error or a different result (Triggered internally at /pytorch/torch/csrc/autograd/python_variable_indexing.cpp:347.)
  return data[ranges]
/home/test/Desktop/Fed-fold/openfold/data/data_transforms.py:1261: UserWarning: Using a non-tuple sequence for multidimensional indexing is deprecated and will be changed in pytorch 2.9; use x[tuple(seq)] instead of x[seq]. In pytorch 2.9 this will be interpreted as tensor index, x[torch.tensor(seq)], which will result either in an error or a different result (Triggered internally at /pytorch/torch/csrc/autograd/python_variable_indexing.cpp:347.)
  protein[k] = v[slices]
Epoch 1:  30%|██▉       | 19/64 [03:20<07:55,  0.09it/s, train/loss=29.30]Epoch 1:  30%|██▉       | 19/64 [03:20<07:55,  0.09it/s, train/loss=33.40]/home/test/Desktop/Fed-fold/openfold/utils/tensor_utils.py:95: UserWarning: Using a non-tuple sequence for multidimensional indexing is deprecated and will be changed in pytorch 2.9; use x[tuple(seq)] instead of x[seq]. In pytorch 2.9 this will be interpreted as tensor index, x[torch.tensor(seq)], which will result either in an error or a different result (Triggered internally at /pytorch/torch/csrc/autograd/python_variable_indexing.cpp:347.)
  return data[ranges]
/home/test/Desktop/Fed-fold/openfold/data/data_transforms.py:1261: UserWarning: Using a non-tuple sequence for multidimensional indexing is deprecated and will be changed in pytorch 2.9; use x[tuple(seq)] instead of x[seq]. In pytorch 2.9 this will be interpreted as tensor index, x[torch.tensor(seq)], which will result either in an error or a different result (Triggered internally at /pytorch/torch/csrc/autograd/python_variable_indexing.cpp:347.)
  protein[k] = v[slices]
Epoch 1:  31%|███▏      | 20/64 [03:28<07:37,  0.10it/s, train/loss=33.40]Epoch 1:  31%|███▏      | 20/64 [03:28<07:37,  0.10it/s, train/loss=21.50]/home/test/Desktop/Fed-fold/openfold/utils/tensor_utils.py:95: UserWarning: Using a non-tuple sequence for multidimensional indexing is deprecated and will be changed in pytorch 2.9; use x[tuple(seq)] instead of x[seq]. In pytorch 2.9 this will be interpreted as tensor index, x[torch.tensor(seq)], which will result either in an error or a different result (Triggered internally at /pytorch/torch/csrc/autograd/python_variable_indexing.cpp:347.)
  return data[ranges]
/home/test/Desktop/Fed-fold/openfold/data/data_transforms.py:1261: UserWarning: Using a non-tuple sequence for multidimensional indexing is deprecated and will be changed in pytorch 2.9; use x[tuple(seq)] instead of x[seq]. In pytorch 2.9 this will be interpreted as tensor index, x[torch.tensor(seq)], which will result either in an error or a different result (Triggered internally at /pytorch/torch/csrc/autograd/python_variable_indexing.cpp:347.)
  protein[k] = v[slices]
Epoch 1:  33%|███▎      | 21/64 [03:37<07:24,  0.10it/s, train/loss=21.50]Epoch 1:  33%|███▎      | 21/64 [03:37<07:24,  0.10it/s, train/loss=25.70]/home/test/Desktop/Fed-fold/openfold/utils/tensor_utils.py:95: UserWarning: Using a non-tuple sequence for multidimensional indexing is deprecated and will be changed in pytorch 2.9; use x[tuple(seq)] instead of x[seq]. In pytorch 2.9 this will be interpreted as tensor index, x[torch.tensor(seq)], which will result either in an error or a different result (Triggered internally at /pytorch/torch/csrc/autograd/python_variable_indexing.cpp:347.)
  return data[ranges]
/home/test/Desktop/Fed-fold/openfold/data/data_transforms.py:1261: UserWarning: Using a non-tuple sequence for multidimensional indexing is deprecated and will be changed in pytorch 2.9; use x[tuple(seq)] instead of x[seq]. In pytorch 2.9 this will be interpreted as tensor index, x[torch.tensor(seq)], which will result either in an error or a different result (Triggered internally at /pytorch/torch/csrc/autograd/python_variable_indexing.cpp:347.)
  protein[k] = v[slices]
Epoch 1:  34%|███▍      | 22/64 [03:47<07:15,  0.10it/s, train/loss=25.70]Epoch 1:  34%|███▍      | 22/64 [03:48<07:15,  0.10it/s, train/loss=19.60]Epoch 1:  36%|███▌      | 23/64 [03:58<07:05,  0.10it/s, train/loss=19.60]Epoch 1:  36%|███▌      | 23/64 [03:58<07:05,  0.10it/s, train/loss=30.40]/home/test/Desktop/Fed-fold/openfold/utils/tensor_utils.py:95: UserWarning: Using a non-tuple sequence for multidimensional indexing is deprecated and will be changed in pytorch 2.9; use x[tuple(seq)] instead of x[seq]. In pytorch 2.9 this will be interpreted as tensor index, x[torch.tensor(seq)], which will result either in an error or a different result (Triggered internally at /pytorch/torch/csrc/autograd/python_variable_indexing.cpp:347.)
  return data[ranges]
/home/test/Desktop/Fed-fold/openfold/data/data_transforms.py:1261: UserWarning: Using a non-tuple sequence for multidimensional indexing is deprecated and will be changed in pytorch 2.9; use x[tuple(seq)] instead of x[seq]. In pytorch 2.9 this will be interpreted as tensor index, x[torch.tensor(seq)], which will result either in an error or a different result (Triggered internally at /pytorch/torch/csrc/autograd/python_variable_indexing.cpp:347.)
  protein[k] = v[slices]
Epoch 1:  38%|███▊      | 24/64 [04:07<06:52,  0.10it/s, train/loss=30.40]Epoch 1:  38%|███▊      | 24/64 [04:07<06:52,  0.10it/s, train/loss=36.60]Epoch 1:  39%|███▉      | 25/64 [04:15<06:38,  0.10it/s, train/loss=36.60]Epoch 1:  39%|███▉      | 25/64 [04:15<06:38,  0.10it/s, train/loss=23.40]/home/test/Desktop/Fed-fold/openfold/utils/tensor_utils.py:95: UserWarning: Using a non-tuple sequence for multidimensional indexing is deprecated and will be changed in pytorch 2.9; use x[tuple(seq)] instead of x[seq]. In pytorch 2.9 this will be interpreted as tensor index, x[torch.tensor(seq)], which will result either in an error or a different result (Triggered internally at /pytorch/torch/csrc/autograd/python_variable_indexing.cpp:347.)
  return data[ranges]
/home/test/Desktop/Fed-fold/openfold/data/data_transforms.py:1261: UserWarning: Using a non-tuple sequence for multidimensional indexing is deprecated and will be changed in pytorch 2.9; use x[tuple(seq)] instead of x[seq]. In pytorch 2.9 this will be interpreted as tensor index, x[torch.tensor(seq)], which will result either in an error or a different result (Triggered internally at /pytorch/torch/csrc/autograd/python_variable_indexing.cpp:347.)
  protein[k] = v[slices]
Epoch 1:  41%|████      | 26/64 [04:27<06:31,  0.10it/s, train/loss=23.40]Epoch 1:  41%|████      | 26/64 [04:27<06:31,  0.10it/s, train/loss=29.30]/home/test/Desktop/Fed-fold/openfold/utils/tensor_utils.py:95: UserWarning: Using a non-tuple sequence for multidimensional indexing is deprecated and will be changed in pytorch 2.9; use x[tuple(seq)] instead of x[seq]. In pytorch 2.9 this will be interpreted as tensor index, x[torch.tensor(seq)], which will result either in an error or a different result (Triggered internally at /pytorch/torch/csrc/autograd/python_variable_indexing.cpp:347.)
  return data[ranges]
/home/test/Desktop/Fed-fold/openfold/data/data_transforms.py:1261: UserWarning: Using a non-tuple sequence for multidimensional indexing is deprecated and will be changed in pytorch 2.9; use x[tuple(seq)] instead of x[seq]. In pytorch 2.9 this will be interpreted as tensor index, x[torch.tensor(seq)], which will result either in an error or a different result (Triggered internally at /pytorch/torch/csrc/autograd/python_variable_indexing.cpp:347.)
  protein[k] = v[slices]
Epoch 1:  42%|████▏     | 27/64 [04:36<06:19,  0.10it/s, train/loss=29.30]Epoch 1:  42%|████▏     | 27/64 [04:36<06:19,  0.10it/s, train/loss=36.00]/home/test/Desktop/Fed-fold/openfold/utils/tensor_utils.py:95: UserWarning: Using a non-tuple sequence for multidimensional indexing is deprecated and will be changed in pytorch 2.9; use x[tuple(seq)] instead of x[seq]. In pytorch 2.9 this will be interpreted as tensor index, x[torch.tensor(seq)], which will result either in an error or a different result (Triggered internally at /pytorch/torch/csrc/autograd/python_variable_indexing.cpp:347.)
  return data[ranges]
/home/test/Desktop/Fed-fold/openfold/data/data_transforms.py:1261: UserWarning: Using a non-tuple sequence for multidimensional indexing is deprecated and will be changed in pytorch 2.9; use x[tuple(seq)] instead of x[seq]. In pytorch 2.9 this will be interpreted as tensor index, x[torch.tensor(seq)], which will result either in an error or a different result (Triggered internally at /pytorch/torch/csrc/autograd/python_variable_indexing.cpp:347.)
  protein[k] = v[slices]
Epoch 1:  44%|████▍     | 28/64 [04:47<06:09,  0.10it/s, train/loss=36.00]Epoch 1:  44%|████▍     | 28/64 [04:47<06:09,  0.10it/s, train/loss=36.10]/home/test/Desktop/Fed-fold/openfold/utils/tensor_utils.py:95: UserWarning: Using a non-tuple sequence for multidimensional indexing is deprecated and will be changed in pytorch 2.9; use x[tuple(seq)] instead of x[seq]. In pytorch 2.9 this will be interpreted as tensor index, x[torch.tensor(seq)], which will result either in an error or a different result (Triggered internally at /pytorch/torch/csrc/autograd/python_variable_indexing.cpp:347.)
  return data[ranges]
/home/test/Desktop/Fed-fold/openfold/data/data_transforms.py:1261: UserWarning: Using a non-tuple sequence for multidimensional indexing is deprecated and will be changed in pytorch 2.9; use x[tuple(seq)] instead of x[seq]. In pytorch 2.9 this will be interpreted as tensor index, x[torch.tensor(seq)], which will result either in an error or a different result (Triggered internally at /pytorch/torch/csrc/autograd/python_variable_indexing.cpp:347.)
  protein[k] = v[slices]
Epoch 1:  45%|████▌     | 29/64 [04:59<06:01,  0.10it/s, train/loss=36.10]Epoch 1:  45%|████▌     | 29/64 [04:59<06:01,  0.10it/s, train/loss=26.50]/home/test/Desktop/Fed-fold/openfold/utils/tensor_utils.py:95: UserWarning: Using a non-tuple sequence for multidimensional indexing is deprecated and will be changed in pytorch 2.9; use x[tuple(seq)] instead of x[seq]. In pytorch 2.9 this will be interpreted as tensor index, x[torch.tensor(seq)], which will result either in an error or a different result (Triggered internally at /pytorch/torch/csrc/autograd/python_variable_indexing.cpp:347.)
  return data[ranges]
/home/test/Desktop/Fed-fold/openfold/data/data_transforms.py:1261: UserWarning: Using a non-tuple sequence for multidimensional indexing is deprecated and will be changed in pytorch 2.9; use x[tuple(seq)] instead of x[seq]. In pytorch 2.9 this will be interpreted as tensor index, x[torch.tensor(seq)], which will result either in an error or a different result (Triggered internally at /pytorch/torch/csrc/autograd/python_variable_indexing.cpp:347.)
  protein[k] = v[slices]
Epoch 1:  47%|████▋     | 30/64 [05:11<05:53,  0.10it/s, train/loss=26.50]Epoch 1:  47%|████▋     | 30/64 [05:11<05:53,  0.10it/s, train/loss=25.60]/home/test/Desktop/Fed-fold/openfold/utils/tensor_utils.py:95: UserWarning: Using a non-tuple sequence for multidimensional indexing is deprecated and will be changed in pytorch 2.9; use x[tuple(seq)] instead of x[seq]. In pytorch 2.9 this will be interpreted as tensor index, x[torch.tensor(seq)], which will result either in an error or a different result (Triggered internally at /pytorch/torch/csrc/autograd/python_variable_indexing.cpp:347.)
  return data[ranges]
/home/test/Desktop/Fed-fold/openfold/data/data_transforms.py:1261: UserWarning: Using a non-tuple sequence for multidimensional indexing is deprecated and will be changed in pytorch 2.9; use x[tuple(seq)] instead of x[seq]. In pytorch 2.9 this will be interpreted as tensor index, x[torch.tensor(seq)], which will result either in an error or a different result (Triggered internally at /pytorch/torch/csrc/autograd/python_variable_indexing.cpp:347.)
  protein[k] = v[slices]
Epoch 1:  48%|████▊     | 31/64 [05:19<05:40,  0.10it/s, train/loss=25.60]Epoch 1:  48%|████▊     | 31/64 [05:19<05:40,  0.10it/s, train/loss=27.50]Epoch 1:  50%|█████     | 32/64 [05:31<05:31,  0.10it/s, train/loss=27.50]Epoch 1:  50%|█████     | 32/64 [05:31<05:31,  0.10it/s, train/loss=30.40]Epoch 1:  52%|█████▏    | 33/64 [05:43<05:23,  0.10it/s, train/loss=30.40]Epoch 1:  52%|█████▏    | 33/64 [05:43<05:23,  0.10it/s, train/loss=30.20]Epoch 1:  53%|█████▎    | 34/64 [05:51<05:10,  0.10it/s, train/loss=30.20]Epoch 1:  53%|█████▎    | 34/64 [05:51<05:10,  0.10it/s, train/loss=30.80]Epoch 1:  55%|█████▍    | 35/64 [06:02<05:00,  0.10it/s, train/loss=30.80]Epoch 1:  55%|█████▍    | 35/64 [06:02<05:00,  0.10it/s, train/loss=19.80]Epoch 1:  56%|█████▋    | 36/64 [06:11<04:48,  0.10it/s, train/loss=19.80]Epoch 1:  56%|█████▋    | 36/64 [06:11<04:48,  0.10it/s, train/loss=35.00]Epoch 1:  58%|█████▊    | 37/64 [06:18<04:36,  0.10it/s, train/loss=35.00]Epoch 1:  58%|█████▊    | 37/64 [06:18<04:36,  0.10it/s, train/loss=25.20]Epoch 1:  59%|█████▉    | 38/64 [06:26<04:24,  0.10it/s, train/loss=25.20]Epoch 1:  59%|█████▉    | 38/64 [06:26<04:24,  0.10it/s, train/loss=23.80]Epoch 1:  61%|██████    | 39/64 [06:36<04:14,  0.10it/s, train/loss=23.80]Epoch 1:  61%|██████    | 39/64 [06:36<04:14,  0.10it/s, train/loss=19.60]Epoch 1:  62%|██████▎   | 40/64 [06:47<04:04,  0.10it/s, train/loss=19.60]Epoch 1:  62%|██████▎   | 40/64 [06:47<04:04,  0.10it/s, train/loss=24.90]Epoch 1:  64%|██████▍   | 41/64 [06:56<03:53,  0.10it/s, train/loss=24.90]Epoch 1:  64%|██████▍   | 41/64 [06:56<03:53,  0.10it/s, train/loss=37.80]Epoch 1:  66%|██████▌   | 42/64 [07:08<03:44,  0.10it/s, train/loss=37.80]Epoch 1:  66%|██████▌   | 42/64 [07:08<03:44,  0.10it/s, train/loss=30.30]Epoch 1:  67%|██████▋   | 43/64 [07:16<03:33,  0.10it/s, train/loss=30.30]Epoch 1:  67%|██████▋   | 43/64 [07:16<03:33,  0.10it/s, train/loss=28.10]Epoch 1:  69%|██████▉   | 44/64 [07:28<03:23,  0.10it/s, train/loss=28.10]Epoch 1:  69%|██████▉   | 44/64 [07:28<03:23,  0.10it/s, train/loss=18.70]Epoch 1:  70%|███████   | 45/64 [07:40<03:14,  0.10it/s, train/loss=18.70]Epoch 1:  70%|███████   | 45/64 [07:40<03:14,  0.10it/s, train/loss=21.20]Epoch 1:  72%|███████▏  | 46/64 [07:51<03:04,  0.10it/s, train/loss=21.20]Epoch 1:  72%|███████▏  | 46/64 [07:51<03:04,  0.10it/s, train/loss=29.90]Epoch 1:  73%|███████▎  | 47/64 [08:00<02:53,  0.10it/s, train/loss=29.90]Epoch 1:  73%|███████▎  | 47/64 [08:00<02:53,  0.10it/s, train/loss=18.20]Epoch 1:  75%|███████▌  | 48/64 [08:10<02:43,  0.10it/s, train/loss=18.20]Epoch 1:  75%|███████▌  | 48/64 [08:10<02:43,  0.10it/s, train/loss=27.80]Epoch 1:  77%|███████▋  | 49/64 [08:20<02:33,  0.10it/s, train/loss=27.80]Epoch 1:  77%|███████▋  | 49/64 [08:20<02:33,  0.10it/s, train/loss=27.40]Epoch 1:  78%|███████▊  | 50/64 [08:29<02:22,  0.10it/s, train/loss=27.40]Epoch 1:  78%|███████▊  | 50/64 [08:29<02:22,  0.10it/s, train/loss=39.50]Epoch 1:  80%|███████▉  | 51/64 [08:36<02:11,  0.10it/s, train/loss=39.50]Epoch 1:  80%|███████▉  | 51/64 [08:36<02:11,  0.10it/s, train/loss=20.30]Epoch 1:  81%|████████▏ | 52/64 [08:48<02:02,  0.10it/s, train/loss=20.30]Epoch 1:  81%|████████▏ | 52/64 [08:48<02:02,  0.10it/s, train/loss=23.80]Epoch 1:  83%|████████▎ | 53/64 [08:57<01:51,  0.10it/s, train/loss=23.80]Epoch 1:  83%|████████▎ | 53/64 [08:57<01:51,  0.10it/s, train/loss=30.60]Epoch 1:  84%|████████▍ | 54/64 [09:08<01:41,  0.10it/s, train/loss=30.60]Epoch 1:  84%|████████▍ | 54/64 [09:08<01:41,  0.10it/s, train/loss=35.70]Epoch 1:  86%|████████▌ | 55/64 [09:17<01:31,  0.10it/s, train/loss=35.70]Epoch 1:  86%|████████▌ | 55/64 [09:17<01:31,  0.10it/s, train/loss=19.10]Epoch 1:  88%|████████▊ | 56/64 [09:26<01:20,  0.10it/s, train/loss=19.10]Epoch 1:  88%|████████▊ | 56/64 [09:26<01:20,  0.10it/s, train/loss=35.30]Epoch 1:  89%|████████▉ | 57/64 [09:35<01:10,  0.10it/s, train/loss=35.30]Epoch 1:  89%|████████▉ | 57/64 [09:35<01:10,  0.10it/s, train/loss=37.70]Epoch 1:  91%|█████████ | 58/64 [09:44<01:00,  0.10it/s, train/loss=37.70]Epoch 1:  91%|█████████ | 58/64 [09:44<01:00,  0.10it/s, train/loss=46.80]Epoch 1:  92%|█████████▏| 59/64 [09:55<00:50,  0.10it/s, train/loss=46.80]Epoch 1:  92%|█████████▏| 59/64 [09:55<00:50,  0.10it/s, train/loss=25.20]Epoch 1:  94%|█████████▍| 60/64 [10:05<00:40,  0.10it/s, train/loss=25.20]Epoch 1:  94%|█████████▍| 60/64 [10:05<00:40,  0.10it/s, train/loss=20.40]Epoch 1:  95%|█████████▌| 61/64 [10:14<00:30,  0.10it/s, train/loss=20.40]Epoch 1:  95%|█████████▌| 61/64 [10:14<00:30,  0.10it/s, train/loss=17.30]Epoch 1:  97%|█████████▋| 62/64 [10:25<00:20,  0.10it/s, train/loss=17.30]Epoch 1:  97%|█████████▋| 62/64 [10:25<00:20,  0.10it/s, train/loss=36.30]Epoch 1:  98%|█████████▊| 63/64 [10:33<00:10,  0.10it/s, train/loss=36.30]Epoch 1:  98%|█████████▊| 63/64 [10:33<00:10,  0.10it/s, train/loss=28.70]Epoch 1: 100%|██████████| 64/64 [10:40<00:00,  0.10it/s, train/loss=28.70]Epoch 1: 100%|██████████| 64/64 [10:40<00:00,  0.10it/s, train/loss=30.40]Epoch 1: 100%|██████████| 64/64 [10:40<00:00,  0.10it/s, train/loss=30.40]Epoch 1:   0%|          | 0/64 [00:00<?, ?it/s, train/loss=30.40]         Epoch 2:   0%|          | 0/64 [00:00<?, ?it/s, train/loss=30.40]/home/test/Desktop/Fed-fold/openfold/utils/tensor_utils.py:95: UserWarning: Using a non-tuple sequence for multidimensional indexing is deprecated and will be changed in pytorch 2.9; use x[tuple(seq)] instead of x[seq]. In pytorch 2.9 this will be interpreted as tensor index, x[torch.tensor(seq)], which will result either in an error or a different result (Triggered internally at /pytorch/torch/csrc/autograd/python_variable_indexing.cpp:347.)
  return data[ranges]
/home/test/Desktop/Fed-fold/openfold/utils/tensor_utils.py:95: UserWarning: Using a non-tuple sequence for multidimensional indexing is deprecated and will be changed in pytorch 2.9; use x[tuple(seq)] instead of x[seq]. In pytorch 2.9 this will be interpreted as tensor index, x[torch.tensor(seq)], which will result either in an error or a different result (Triggered internally at /pytorch/torch/csrc/autograd/python_variable_indexing.cpp:347.)
  return data[ranges]
/home/test/Desktop/Fed-fold/openfold/utils/tensor_utils.py:95: UserWarning: Using a non-tuple sequence for multidimensional indexing is deprecated and will be changed in pytorch 2.9; use x[tuple(seq)] instead of x[seq]. In pytorch 2.9 this will be interpreted as tensor index, x[torch.tensor(seq)], which will result either in an error or a different result (Triggered internally at /pytorch/torch/csrc/autograd/python_variable_indexing.cpp:347.)
  return data[ranges]
/home/test/Desktop/Fed-fold/openfold/data/data_transforms.py:1261: UserWarning: Using a non-tuple sequence for multidimensional indexing is deprecated and will be changed in pytorch 2.9; use x[tuple(seq)] instead of x[seq]. In pytorch 2.9 this will be interpreted as tensor index, x[torch.tensor(seq)], which will result either in an error or a different result (Triggered internally at /pytorch/torch/csrc/autograd/python_variable_indexing.cpp:347.)
  protein[k] = v[slices]
/home/test/Desktop/Fed-fold/openfold/utils/tensor_utils.py:95: UserWarning: Using a non-tuple sequence for multidimensional indexing is deprecated and will be changed in pytorch 2.9; use x[tuple(seq)] instead of x[seq]. In pytorch 2.9 this will be interpreted as tensor index, x[torch.tensor(seq)], which will result either in an error or a different result (Triggered internally at /pytorch/torch/csrc/autograd/python_variable_indexing.cpp:347.)
  return data[ranges]
/home/test/Desktop/Fed-fold/openfold/utils/tensor_utils.py:95: UserWarning: Using a non-tuple sequence for multidimensional indexing is deprecated and will be changed in pytorch 2.9; use x[tuple(seq)] instead of x[seq]. In pytorch 2.9 this will be interpreted as tensor index, x[torch.tensor(seq)], which will result either in an error or a different result (Triggered internally at /pytorch/torch/csrc/autograd/python_variable_indexing.cpp:347.)
  return data[ranges]
/home/test/Desktop/Fed-fold/openfold/utils/tensor_utils.py:95: UserWarning: Using a non-tuple sequence for multidimensional indexing is deprecated and will be changed in pytorch 2.9; use x[tuple(seq)] instead of x[seq]. In pytorch 2.9 this will be interpreted as tensor index, x[torch.tensor(seq)], which will result either in an error or a different result (Triggered internally at /pytorch/torch/csrc/autograd/python_variable_indexing.cpp:347.)
  return data[ranges]
/home/test/Desktop/Fed-fold/openfold/data/data_transforms.py:1261: UserWarning: Using a non-tuple sequence for multidimensional indexing is deprecated and will be changed in pytorch 2.9; use x[tuple(seq)] instead of x[seq]. In pytorch 2.9 this will be interpreted as tensor index, x[torch.tensor(seq)], which will result either in an error or a different result (Triggered internally at /pytorch/torch/csrc/autograd/python_variable_indexing.cpp:347.)
  protein[k] = v[slices]
/home/test/Desktop/Fed-fold/openfold/data/data_transforms.py:1261: UserWarning: Using a non-tuple sequence for multidimensional indexing is deprecated and will be changed in pytorch 2.9; use x[tuple(seq)] instead of x[seq]. In pytorch 2.9 this will be interpreted as tensor index, x[torch.tensor(seq)], which will result either in an error or a different result (Triggered internally at /pytorch/torch/csrc/autograd/python_variable_indexing.cpp:347.)
  protein[k] = v[slices]
/home/test/Desktop/Fed-fold/openfold/data/data_transforms.py:1261: UserWarning: Using a non-tuple sequence for multidimensional indexing is deprecated and will be changed in pytorch 2.9; use x[tuple(seq)] instead of x[seq]. In pytorch 2.9 this will be interpreted as tensor index, x[torch.tensor(seq)], which will result either in an error or a different result (Triggered internally at /pytorch/torch/csrc/autograd/python_variable_indexing.cpp:347.)
  protein[k] = v[slices]
/home/test/Desktop/Fed-fold/openfold/data/data_transforms.py:1261: UserWarning: Using a non-tuple sequence for multidimensional indexing is deprecated and will be changed in pytorch 2.9; use x[tuple(seq)] instead of x[seq]. In pytorch 2.9 this will be interpreted as tensor index, x[torch.tensor(seq)], which will result either in an error or a different result (Triggered internally at /pytorch/torch/csrc/autograd/python_variable_indexing.cpp:347.)
  protein[k] = v[slices]
/home/test/Desktop/Fed-fold/openfold/data/data_transforms.py:1261: UserWarning: Using a non-tuple sequence for multidimensional indexing is deprecated and will be changed in pytorch 2.9; use x[tuple(seq)] instead of x[seq]. In pytorch 2.9 this will be interpreted as tensor index, x[torch.tensor(seq)], which will result either in an error or a different result (Triggered internally at /pytorch/torch/csrc/autograd/python_variable_indexing.cpp:347.)
  protein[k] = v[slices]
/home/test/Desktop/Fed-fold/openfold/utils/tensor_utils.py:95: UserWarning: Using a non-tuple sequence for multidimensional indexing is deprecated and will be changed in pytorch 2.9; use x[tuple(seq)] instead of x[seq]. In pytorch 2.9 this will be interpreted as tensor index, x[torch.tensor(seq)], which will result either in an error or a different result (Triggered internally at /pytorch/torch/csrc/autograd/python_variable_indexing.cpp:347.)
  return data[ranges]
/home/test/Desktop/Fed-fold/openfold/utils/tensor_utils.py:95: UserWarning: Using a non-tuple sequence for multidimensional indexing is deprecated and will be changed in pytorch 2.9; use x[tuple(seq)] instead of x[seq]. In pytorch 2.9 this will be interpreted as tensor index, x[torch.tensor(seq)], which will result either in an error or a different result (Triggered internally at /pytorch/torch/csrc/autograd/python_variable_indexing.cpp:347.)
  return data[ranges]
/home/test/Desktop/Fed-fold/openfold/data/data_transforms.py:1261: UserWarning: Using a non-tuple sequence for multidimensional indexing is deprecated and will be changed in pytorch 2.9; use x[tuple(seq)] instead of x[seq]. In pytorch 2.9 this will be interpreted as tensor index, x[torch.tensor(seq)], which will result either in an error or a different result (Triggered internally at /pytorch/torch/csrc/autograd/python_variable_indexing.cpp:347.)
  protein[k] = v[slices]
/home/test/Desktop/Fed-fold/openfold/utils/tensor_utils.py:95: UserWarning: Using a non-tuple sequence for multidimensional indexing is deprecated and will be changed in pytorch 2.9; use x[tuple(seq)] instead of x[seq]. In pytorch 2.9 this will be interpreted as tensor index, x[torch.tensor(seq)], which will result either in an error or a different result (Triggered internally at /pytorch/torch/csrc/autograd/python_variable_indexing.cpp:347.)
  return data[ranges]
/home/test/Desktop/Fed-fold/openfold/data/data_transforms.py:1261: UserWarning: Using a non-tuple sequence for multidimensional indexing is deprecated and will be changed in pytorch 2.9; use x[tuple(seq)] instead of x[seq]. In pytorch 2.9 this will be interpreted as tensor index, x[torch.tensor(seq)], which will result either in an error or a different result (Triggered internally at /pytorch/torch/csrc/autograd/python_variable_indexing.cpp:347.)
  protein[k] = v[slices]
/home/test/Desktop/Fed-fold/openfold/utils/tensor_utils.py:95: UserWarning: Using a non-tuple sequence for multidimensional indexing is deprecated and will be changed in pytorch 2.9; use x[tuple(seq)] instead of x[seq]. In pytorch 2.9 this will be interpreted as tensor index, x[torch.tensor(seq)], which will result either in an error or a different result (Triggered internally at /pytorch/torch/csrc/autograd/python_variable_indexing.cpp:347.)
  return data[ranges]
/home/test/Desktop/Fed-fold/openfold/data/data_transforms.py:1261: UserWarning: Using a non-tuple sequence for multidimensional indexing is deprecated and will be changed in pytorch 2.9; use x[tuple(seq)] instead of x[seq]. In pytorch 2.9 this will be interpreted as tensor index, x[torch.tensor(seq)], which will result either in an error or a different result (Triggered internally at /pytorch/torch/csrc/autograd/python_variable_indexing.cpp:347.)
  protein[k] = v[slices]
/home/test/Desktop/Fed-fold/openfold/utils/tensor_utils.py:95: UserWarning: Using a non-tuple sequence for multidimensional indexing is deprecated and will be changed in pytorch 2.9; use x[tuple(seq)] instead of x[seq]. In pytorch 2.9 this will be interpreted as tensor index, x[torch.tensor(seq)], which will result either in an error or a different result (Triggered internally at /pytorch/torch/csrc/autograd/python_variable_indexing.cpp:347.)
  return data[ranges]
/home/test/Desktop/Fed-fold/openfold/utils/tensor_utils.py:95: UserWarning: Using a non-tuple sequence for multidimensional indexing is deprecated and will be changed in pytorch 2.9; use x[tuple(seq)] instead of x[seq]. In pytorch 2.9 this will be interpreted as tensor index, x[torch.tensor(seq)], which will result either in an error or a different result (Triggered internally at /pytorch/torch/csrc/autograd/python_variable_indexing.cpp:347.)
  return data[ranges]
/home/test/Desktop/Fed-fold/openfold/utils/tensor_utils.py:95: UserWarning: Using a non-tuple sequence for multidimensional indexing is deprecated and will be changed in pytorch 2.9; use x[tuple(seq)] instead of x[seq]. In pytorch 2.9 this will be interpreted as tensor index, x[torch.tensor(seq)], which will result either in an error or a different result (Triggered internally at /pytorch/torch/csrc/autograd/python_variable_indexing.cpp:347.)
  return data[ranges]
/home/test/Desktop/Fed-fold/openfold/data/data_transforms.py:1261: UserWarning: Using a non-tuple sequence for multidimensional indexing is deprecated and will be changed in pytorch 2.9; use x[tuple(seq)] instead of x[seq]. In pytorch 2.9 this will be interpreted as tensor index, x[torch.tensor(seq)], which will result either in an error or a different result (Triggered internally at /pytorch/torch/csrc/autograd/python_variable_indexing.cpp:347.)
  protein[k] = v[slices]
/home/test/Desktop/Fed-fold/openfold/data/data_transforms.py:1261: UserWarning: Using a non-tuple sequence for multidimensional indexing is deprecated and will be changed in pytorch 2.9; use x[tuple(seq)] instead of x[seq]. In pytorch 2.9 this will be interpreted as tensor index, x[torch.tensor(seq)], which will result either in an error or a different result (Triggered internally at /pytorch/torch/csrc/autograd/python_variable_indexing.cpp:347.)
  protein[k] = v[slices]
/home/test/Desktop/Fed-fold/openfold/data/data_transforms.py:1261: UserWarning: Using a non-tuple sequence for multidimensional indexing is deprecated and will be changed in pytorch 2.9; use x[tuple(seq)] instead of x[seq]. In pytorch 2.9 this will be interpreted as tensor index, x[torch.tensor(seq)], which will result either in an error or a different result (Triggered internally at /pytorch/torch/csrc/autograd/python_variable_indexing.cpp:347.)
  protein[k] = v[slices]
/home/test/Desktop/Fed-fold/openfold/data/data_transforms.py:1261: UserWarning: Using a non-tuple sequence for multidimensional indexing is deprecated and will be changed in pytorch 2.9; use x[tuple(seq)] instead of x[seq]. In pytorch 2.9 this will be interpreted as tensor index, x[torch.tensor(seq)], which will result either in an error or a different result (Triggered internally at /pytorch/torch/csrc/autograd/python_variable_indexing.cpp:347.)
  protein[k] = v[slices]
/home/test/Desktop/Fed-fold/openfold/utils/tensor_utils.py:95: UserWarning: Using a non-tuple sequence for multidimensional indexing is deprecated and will be changed in pytorch 2.9; use x[tuple(seq)] instead of x[seq]. In pytorch 2.9 this will be interpreted as tensor index, x[torch.tensor(seq)], which will result either in an error or a different result (Triggered internally at /pytorch/torch/csrc/autograd/python_variable_indexing.cpp:347.)
  return data[ranges]
/home/test/Desktop/Fed-fold/openfold/data/data_transforms.py:1261: UserWarning: Using a non-tuple sequence for multidimensional indexing is deprecated and will be changed in pytorch 2.9; use x[tuple(seq)] instead of x[seq]. In pytorch 2.9 this will be interpreted as tensor index, x[torch.tensor(seq)], which will result either in an error or a different result (Triggered internally at /pytorch/torch/csrc/autograd/python_variable_indexing.cpp:347.)
  protein[k] = v[slices]
/home/test/Desktop/Fed-fold/openfold/utils/tensor_utils.py:95: UserWarning: Using a non-tuple sequence for multidimensional indexing is deprecated and will be changed in pytorch 2.9; use x[tuple(seq)] instead of x[seq]. In pytorch 2.9 this will be interpreted as tensor index, x[torch.tensor(seq)], which will result either in an error or a different result (Triggered internally at /pytorch/torch/csrc/autograd/python_variable_indexing.cpp:347.)
  return data[ranges]
/home/test/Desktop/Fed-fold/openfold/data/data_transforms.py:1261: UserWarning: Using a non-tuple sequence for multidimensional indexing is deprecated and will be changed in pytorch 2.9; use x[tuple(seq)] instead of x[seq]. In pytorch 2.9 this will be interpreted as tensor index, x[torch.tensor(seq)], which will result either in an error or a different result (Triggered internally at /pytorch/torch/csrc/autograd/python_variable_indexing.cpp:347.)
  protein[k] = v[slices]
/home/test/Desktop/Fed-fold/openfold/utils/tensor_utils.py:95: UserWarning: Using a non-tuple sequence for multidimensional indexing is deprecated and will be changed in pytorch 2.9; use x[tuple(seq)] instead of x[seq]. In pytorch 2.9 this will be interpreted as tensor index, x[torch.tensor(seq)], which will result either in an error or a different result (Triggered internally at /pytorch/torch/csrc/autograd/python_variable_indexing.cpp:347.)
  return data[ranges]
/home/test/Desktop/Fed-fold/openfold/data/data_transforms.py:1261: UserWarning: Using a non-tuple sequence for multidimensional indexing is deprecated and will be changed in pytorch 2.9; use x[tuple(seq)] instead of x[seq]. In pytorch 2.9 this will be interpreted as tensor index, x[torch.tensor(seq)], which will result either in an error or a different result (Triggered internally at /pytorch/torch/csrc/autograd/python_variable_indexing.cpp:347.)
  protein[k] = v[slices]
/home/test/Desktop/Fed-fold/openfold/utils/tensor_utils.py:95: UserWarning: Using a non-tuple sequence for multidimensional indexing is deprecated and will be changed in pytorch 2.9; use x[tuple(seq)] instead of x[seq]. In pytorch 2.9 this will be interpreted as tensor index, x[torch.tensor(seq)], which will result either in an error or a different result (Triggered internally at /pytorch/torch/csrc/autograd/python_variable_indexing.cpp:347.)
  return data[ranges]
/home/test/Desktop/Fed-fold/openfold/data/data_transforms.py:1261: UserWarning: Using a non-tuple sequence for multidimensional indexing is deprecated and will be changed in pytorch 2.9; use x[tuple(seq)] instead of x[seq]. In pytorch 2.9 this will be interpreted as tensor index, x[torch.tensor(seq)], which will result either in an error or a different result (Triggered internally at /pytorch/torch/csrc/autograd/python_variable_indexing.cpp:347.)
  protein[k] = v[slices]
/home/test/Desktop/Fed-fold/openfold/utils/tensor_utils.py:95: UserWarning: Using a non-tuple sequence for multidimensional indexing is deprecated and will be changed in pytorch 2.9; use x[tuple(seq)] instead of x[seq]. In pytorch 2.9 this will be interpreted as tensor index, x[torch.tensor(seq)], which will result either in an error or a different result (Triggered internally at /pytorch/torch/csrc/autograd/python_variable_indexing.cpp:347.)
  return data[ranges]
/home/test/Desktop/Fed-fold/openfold/data/data_transforms.py:1261: UserWarning: Using a non-tuple sequence for multidimensional indexing is deprecated and will be changed in pytorch 2.9; use x[tuple(seq)] instead of x[seq]. In pytorch 2.9 this will be interpreted as tensor index, x[torch.tensor(seq)], which will result either in an error or a different result (Triggered internally at /pytorch/torch/csrc/autograd/python_variable_indexing.cpp:347.)
  protein[k] = v[slices]
/home/test/Desktop/Fed-fold/openfold/utils/tensor_utils.py:95: UserWarning: Using a non-tuple sequence for multidimensional indexing is deprecated and will be changed in pytorch 2.9; use x[tuple(seq)] instead of x[seq]. In pytorch 2.9 this will be interpreted as tensor index, x[torch.tensor(seq)], which will result either in an error or a different result (Triggered internally at /pytorch/torch/csrc/autograd/python_variable_indexing.cpp:347.)
  return data[ranges]
/home/test/Desktop/Fed-fold/openfold/utils/tensor_utils.py:95: UserWarning: Using a non-tuple sequence for multidimensional indexing is deprecated and will be changed in pytorch 2.9; use x[tuple(seq)] instead of x[seq]. In pytorch 2.9 this will be interpreted as tensor index, x[torch.tensor(seq)], which will result either in an error or a different result (Triggered internally at /pytorch/torch/csrc/autograd/python_variable_indexing.cpp:347.)
  return data[ranges]
/home/test/Desktop/Fed-fold/openfold/data/data_transforms.py:1261: UserWarning: Using a non-tuple sequence for multidimensional indexing is deprecated and will be changed in pytorch 2.9; use x[tuple(seq)] instead of x[seq]. In pytorch 2.9 this will be interpreted as tensor index, x[torch.tensor(seq)], which will result either in an error or a different result (Triggered internally at /pytorch/torch/csrc/autograd/python_variable_indexing.cpp:347.)
  protein[k] = v[slices]
/home/test/Desktop/Fed-fold/openfold/data/data_transforms.py:1261: UserWarning: Using a non-tuple sequence for multidimensional indexing is deprecated and will be changed in pytorch 2.9; use x[tuple(seq)] instead of x[seq]. In pytorch 2.9 this will be interpreted as tensor index, x[torch.tensor(seq)], which will result either in an error or a different result (Triggered internally at /pytorch/torch/csrc/autograd/python_variable_indexing.cpp:347.)
  protein[k] = v[slices]
/home/test/Desktop/Fed-fold/openfold/utils/tensor_utils.py:95: UserWarning: Using a non-tuple sequence for multidimensional indexing is deprecated and will be changed in pytorch 2.9; use x[tuple(seq)] instead of x[seq]. In pytorch 2.9 this will be interpreted as tensor index, x[torch.tensor(seq)], which will result either in an error or a different result (Triggered internally at /pytorch/torch/csrc/autograd/python_variable_indexing.cpp:347.)
  return data[ranges]
/home/test/Desktop/Fed-fold/openfold/utils/tensor_utils.py:95: UserWarning: Using a non-tuple sequence for multidimensional indexing is deprecated and will be changed in pytorch 2.9; use x[tuple(seq)] instead of x[seq]. In pytorch 2.9 this will be interpreted as tensor index, x[torch.tensor(seq)], which will result either in an error or a different result (Triggered internally at /pytorch/torch/csrc/autograd/python_variable_indexing.cpp:347.)
  return data[ranges]
/home/test/Desktop/Fed-fold/openfold/data/data_transforms.py:1261: UserWarning: Using a non-tuple sequence for multidimensional indexing is deprecated and will be changed in pytorch 2.9; use x[tuple(seq)] instead of x[seq]. In pytorch 2.9 this will be interpreted as tensor index, x[torch.tensor(seq)], which will result either in an error or a different result (Triggered internally at /pytorch/torch/csrc/autograd/python_variable_indexing.cpp:347.)
  protein[k] = v[slices]
/home/test/Desktop/Fed-fold/openfold/data/data_transforms.py:1261: UserWarning: Using a non-tuple sequence for multidimensional indexing is deprecated and will be changed in pytorch 2.9; use x[tuple(seq)] instead of x[seq]. In pytorch 2.9 this will be interpreted as tensor index, x[torch.tensor(seq)], which will result either in an error or a different result (Triggered internally at /pytorch/torch/csrc/autograd/python_variable_indexing.cpp:347.)
  protein[k] = v[slices]
/home/test/Desktop/Fed-fold/openfold/utils/tensor_utils.py:95: UserWarning: Using a non-tuple sequence for multidimensional indexing is deprecated and will be changed in pytorch 2.9; use x[tuple(seq)] instead of x[seq]. In pytorch 2.9 this will be interpreted as tensor index, x[torch.tensor(seq)], which will result either in an error or a different result (Triggered internally at /pytorch/torch/csrc/autograd/python_variable_indexing.cpp:347.)
  return data[ranges]
/home/test/Desktop/Fed-fold/openfold/utils/tensor_utils.py:95: UserWarning: Using a non-tuple sequence for multidimensional indexing is deprecated and will be changed in pytorch 2.9; use x[tuple(seq)] instead of x[seq]. In pytorch 2.9 this will be interpreted as tensor index, x[torch.tensor(seq)], which will result either in an error or a different result (Triggered internally at /pytorch/torch/csrc/autograd/python_variable_indexing.cpp:347.)
  return data[ranges]
/home/test/Desktop/Fed-fold/openfold/utils/tensor_utils.py:95: UserWarning: Using a non-tuple sequence for multidimensional indexing is deprecated and will be changed in pytorch 2.9; use x[tuple(seq)] instead of x[seq]. In pytorch 2.9 this will be interpreted as tensor index, x[torch.tensor(seq)], which will result either in an error or a different result (Triggered internally at /pytorch/torch/csrc/autograd/python_variable_indexing.cpp:347.)
  return data[ranges]
/home/test/Desktop/Fed-fold/openfold/data/data_transforms.py:1261: UserWarning: Using a non-tuple sequence for multidimensional indexing is deprecated and will be changed in pytorch 2.9; use x[tuple(seq)] instead of x[seq]. In pytorch 2.9 this will be interpreted as tensor index, x[torch.tensor(seq)], which will result either in an error or a different result (Triggered internally at /pytorch/torch/csrc/autograd/python_variable_indexing.cpp:347.)
  protein[k] = v[slices]
/home/test/Desktop/Fed-fold/openfold/data/data_transforms.py:1261: UserWarning: Using a non-tuple sequence for multidimensional indexing is deprecated and will be changed in pytorch 2.9; use x[tuple(seq)] instead of x[seq]. In pytorch 2.9 this will be interpreted as tensor index, x[torch.tensor(seq)], which will result either in an error or a different result (Triggered internally at /pytorch/torch/csrc/autograd/python_variable_indexing.cpp:347.)
  protein[k] = v[slices]
/home/test/Desktop/Fed-fold/openfold/data/data_transforms.py:1261: UserWarning: Using a non-tuple sequence for multidimensional indexing is deprecated and will be changed in pytorch 2.9; use x[tuple(seq)] instead of x[seq]. In pytorch 2.9 this will be interpreted as tensor index, x[torch.tensor(seq)], which will result either in an error or a different result (Triggered internally at /pytorch/torch/csrc/autograd/python_variable_indexing.cpp:347.)
  protein[k] = v[slices]
/home/test/Desktop/Fed-fold/openfold/utils/tensor_utils.py:95: UserWarning: Using a non-tuple sequence for multidimensional indexing is deprecated and will be changed in pytorch 2.9; use x[tuple(seq)] instead of x[seq]. In pytorch 2.9 this will be interpreted as tensor index, x[torch.tensor(seq)], which will result either in an error or a different result (Triggered internally at /pytorch/torch/csrc/autograd/python_variable_indexing.cpp:347.)
  return data[ranges]
/home/test/Desktop/Fed-fold/openfold/data/data_transforms.py:1261: UserWarning: Using a non-tuple sequence for multidimensional indexing is deprecated and will be changed in pytorch 2.9; use x[tuple(seq)] instead of x[seq]. In pytorch 2.9 this will be interpreted as tensor index, x[torch.tensor(seq)], which will result either in an error or a different result (Triggered internally at /pytorch/torch/csrc/autograd/python_variable_indexing.cpp:347.)
  protein[k] = v[slices]
/home/test/Desktop/Fed-fold/openfold/utils/tensor_utils.py:95: UserWarning: Using a non-tuple sequence for multidimensional indexing is deprecated and will be changed in pytorch 2.9; use x[tuple(seq)] instead of x[seq]. In pytorch 2.9 this will be interpreted as tensor index, x[torch.tensor(seq)], which will result either in an error or a different result (Triggered internally at /pytorch/torch/csrc/autograd/python_variable_indexing.cpp:347.)
  return data[ranges]
/home/test/Desktop/Fed-fold/openfold/utils/tensor_utils.py:95: UserWarning: Using a non-tuple sequence for multidimensional indexing is deprecated and will be changed in pytorch 2.9; use x[tuple(seq)] instead of x[seq]. In pytorch 2.9 this will be interpreted as tensor index, x[torch.tensor(seq)], which will result either in an error or a different result (Triggered internally at /pytorch/torch/csrc/autograd/python_variable_indexing.cpp:347.)
  return data[ranges]
/home/test/Desktop/Fed-fold/openfold/data/data_transforms.py:1261: UserWarning: Using a non-tuple sequence for multidimensional indexing is deprecated and will be changed in pytorch 2.9; use x[tuple(seq)] instead of x[seq]. In pytorch 2.9 this will be interpreted as tensor index, x[torch.tensor(seq)], which will result either in an error or a different result (Triggered internally at /pytorch/torch/csrc/autograd/python_variable_indexing.cpp:347.)
  protein[k] = v[slices]
/home/test/Desktop/Fed-fold/openfold/utils/tensor_utils.py:95: UserWarning: Using a non-tuple sequence for multidimensional indexing is deprecated and will be changed in pytorch 2.9; use x[tuple(seq)] instead of x[seq]. In pytorch 2.9 this will be interpreted as tensor index, x[torch.tensor(seq)], which will result either in an error or a different result (Triggered internally at /pytorch/torch/csrc/autograd/python_variable_indexing.cpp:347.)
  return data[ranges]
/home/test/Desktop/Fed-fold/openfold/data/data_transforms.py:1261: UserWarning: Using a non-tuple sequence for multidimensional indexing is deprecated and will be changed in pytorch 2.9; use x[tuple(seq)] instead of x[seq]. In pytorch 2.9 this will be interpreted as tensor index, x[torch.tensor(seq)], which will result either in an error or a different result (Triggered internally at /pytorch/torch/csrc/autograd/python_variable_indexing.cpp:347.)
  protein[k] = v[slices]
/home/test/Desktop/Fed-fold/openfold/data/data_transforms.py:1261: UserWarning: Using a non-tuple sequence for multidimensional indexing is deprecated and will be changed in pytorch 2.9; use x[tuple(seq)] instead of x[seq]. In pytorch 2.9 this will be interpreted as tensor index, x[torch.tensor(seq)], which will result either in an error or a different result (Triggered internally at /pytorch/torch/csrc/autograd/python_variable_indexing.cpp:347.)
  protein[k] = v[slices]
/home/test/Desktop/Fed-fold/openfold/utils/tensor_utils.py:95: UserWarning: Using a non-tuple sequence for multidimensional indexing is deprecated and will be changed in pytorch 2.9; use x[tuple(seq)] instead of x[seq]. In pytorch 2.9 this will be interpreted as tensor index, x[torch.tensor(seq)], which will result either in an error or a different result (Triggered internally at /pytorch/torch/csrc/autograd/python_variable_indexing.cpp:347.)
  return data[ranges]
/home/test/Desktop/Fed-fold/openfold/data/data_transforms.py:1261: UserWarning: Using a non-tuple sequence for multidimensional indexing is deprecated and will be changed in pytorch 2.9; use x[tuple(seq)] instead of x[seq]. In pytorch 2.9 this will be interpreted as tensor index, x[torch.tensor(seq)], which will result either in an error or a different result (Triggered internally at /pytorch/torch/csrc/autograd/python_variable_indexing.cpp:347.)
  protein[k] = v[slices]
/home/test/Desktop/Fed-fold/openfold/utils/tensor_utils.py:95: UserWarning: Using a non-tuple sequence for multidimensional indexing is deprecated and will be changed in pytorch 2.9; use x[tuple(seq)] instead of x[seq]. In pytorch 2.9 this will be interpreted as tensor index, x[torch.tensor(seq)], which will result either in an error or a different result (Triggered internally at /pytorch/torch/csrc/autograd/python_variable_indexing.cpp:347.)
  return data[ranges]
/home/test/Desktop/Fed-fold/openfold/utils/tensor_utils.py:95: UserWarning: Using a non-tuple sequence for multidimensional indexing is deprecated and will be changed in pytorch 2.9; use x[tuple(seq)] instead of x[seq]. In pytorch 2.9 this will be interpreted as tensor index, x[torch.tensor(seq)], which will result either in an error or a different result (Triggered internally at /pytorch/torch/csrc/autograd/python_variable_indexing.cpp:347.)
  return data[ranges]
/home/test/Desktop/Fed-fold/openfold/utils/tensor_utils.py:95: UserWarning: Using a non-tuple sequence for multidimensional indexing is deprecated and will be changed in pytorch 2.9; use x[tuple(seq)] instead of x[seq]. In pytorch 2.9 this will be interpreted as tensor index, x[torch.tensor(seq)], which will result either in an error or a different result (Triggered internally at /pytorch/torch/csrc/autograd/python_variable_indexing.cpp:347.)
  return data[ranges]
/home/test/Desktop/Fed-fold/openfold/data/data_transforms.py:1261: UserWarning: Using a non-tuple sequence for multidimensional indexing is deprecated and will be changed in pytorch 2.9; use x[tuple(seq)] instead of x[seq]. In pytorch 2.9 this will be interpreted as tensor index, x[torch.tensor(seq)], which will result either in an error or a different result (Triggered internally at /pytorch/torch/csrc/autograd/python_variable_indexing.cpp:347.)
  protein[k] = v[slices]
/home/test/Desktop/Fed-fold/openfold/data/data_transforms.py:1261: UserWarning: Using a non-tuple sequence for multidimensional indexing is deprecated and will be changed in pytorch 2.9; use x[tuple(seq)] instead of x[seq]. In pytorch 2.9 this will be interpreted as tensor index, x[torch.tensor(seq)], which will result either in an error or a different result (Triggered internally at /pytorch/torch/csrc/autograd/python_variable_indexing.cpp:347.)
  protein[k] = v[slices]
/home/test/Desktop/Fed-fold/openfold/data/data_transforms.py:1261: UserWarning: Using a non-tuple sequence for multidimensional indexing is deprecated and will be changed in pytorch 2.9; use x[tuple(seq)] instead of x[seq]. In pytorch 2.9 this will be interpreted as tensor index, x[torch.tensor(seq)], which will result either in an error or a different result (Triggered internally at /pytorch/torch/csrc/autograd/python_variable_indexing.cpp:347.)
  protein[k] = v[slices]
/home/test/Desktop/Fed-fold/openfold/utils/tensor_utils.py:95: UserWarning: Using a non-tuple sequence for multidimensional indexing is deprecated and will be changed in pytorch 2.9; use x[tuple(seq)] instead of x[seq]. In pytorch 2.9 this will be interpreted as tensor index, x[torch.tensor(seq)], which will result either in an error or a different result (Triggered internally at /pytorch/torch/csrc/autograd/python_variable_indexing.cpp:347.)
  return data[ranges]
/home/test/Desktop/Fed-fold/openfold/data/data_transforms.py:1261: UserWarning: Using a non-tuple sequence for multidimensional indexing is deprecated and will be changed in pytorch 2.9; use x[tuple(seq)] instead of x[seq]. In pytorch 2.9 this will be interpreted as tensor index, x[torch.tensor(seq)], which will result either in an error or a different result (Triggered internally at /pytorch/torch/csrc/autograd/python_variable_indexing.cpp:347.)
  protein[k] = v[slices]
/home/test/Desktop/Fed-fold/openfold/utils/tensor_utils.py:95: UserWarning: Using a non-tuple sequence for multidimensional indexing is deprecated and will be changed in pytorch 2.9; use x[tuple(seq)] instead of x[seq]. In pytorch 2.9 this will be interpreted as tensor index, x[torch.tensor(seq)], which will result either in an error or a different result (Triggered internally at /pytorch/torch/csrc/autograd/python_variable_indexing.cpp:347.)
  return data[ranges]
/home/test/Desktop/Fed-fold/openfold/utils/tensor_utils.py:95: UserWarning: Using a non-tuple sequence for multidimensional indexing is deprecated and will be changed in pytorch 2.9; use x[tuple(seq)] instead of x[seq]. In pytorch 2.9 this will be interpreted as tensor index, x[torch.tensor(seq)], which will result either in an error or a different result (Triggered internally at /pytorch/torch/csrc/autograd/python_variable_indexing.cpp:347.)
  return data[ranges]
/home/test/Desktop/Fed-fold/openfold/utils/tensor_utils.py:95: UserWarning: Using a non-tuple sequence for multidimensional indexing is deprecated and will be changed in pytorch 2.9; use x[tuple(seq)] instead of x[seq]. In pytorch 2.9 this will be interpreted as tensor index, x[torch.tensor(seq)], which will result either in an error or a different result (Triggered internally at /pytorch/torch/csrc/autograd/python_variable_indexing.cpp:347.)
  return data[ranges]
/home/test/Desktop/Fed-fold/openfold/data/data_transforms.py:1261: UserWarning: Using a non-tuple sequence for multidimensional indexing is deprecated and will be changed in pytorch 2.9; use x[tuple(seq)] instead of x[seq]. In pytorch 2.9 this will be interpreted as tensor index, x[torch.tensor(seq)], which will result either in an error or a different result (Triggered internally at /pytorch/torch/csrc/autograd/python_variable_indexing.cpp:347.)
  protein[k] = v[slices]
/home/test/Desktop/Fed-fold/openfold/utils/tensor_utils.py:95: UserWarning: Using a non-tuple sequence for multidimensional indexing is deprecated and will be changed in pytorch 2.9; use x[tuple(seq)] instead of x[seq]. In pytorch 2.9 this will be interpreted as tensor index, x[torch.tensor(seq)], which will result either in an error or a different result (Triggered internally at /pytorch/torch/csrc/autograd/python_variable_indexing.cpp:347.)
  return data[ranges]
/home/test/Desktop/Fed-fold/openfold/data/data_transforms.py:1261: UserWarning: Using a non-tuple sequence for multidimensional indexing is deprecated and will be changed in pytorch 2.9; use x[tuple(seq)] instead of x[seq]. In pytorch 2.9 this will be interpreted as tensor index, x[torch.tensor(seq)], which will result either in an error or a different result (Triggered internally at /pytorch/torch/csrc/autograd/python_variable_indexing.cpp:347.)
  protein[k] = v[slices]
/home/test/Desktop/Fed-fold/openfold/utils/tensor_utils.py:95: UserWarning: Using a non-tuple sequence for multidimensional indexing is deprecated and will be changed in pytorch 2.9; use x[tuple(seq)] instead of x[seq]. In pytorch 2.9 this will be interpreted as tensor index, x[torch.tensor(seq)], which will result either in an error or a different result (Triggered internally at /pytorch/torch/csrc/autograd/python_variable_indexing.cpp:347.)
  return data[ranges]
/home/test/Desktop/Fed-fold/openfold/data/data_transforms.py:1261: UserWarning: Using a non-tuple sequence for multidimensional indexing is deprecated and will be changed in pytorch 2.9; use x[tuple(seq)] instead of x[seq]. In pytorch 2.9 this will be interpreted as tensor index, x[torch.tensor(seq)], which will result either in an error or a different result (Triggered internally at /pytorch/torch/csrc/autograd/python_variable_indexing.cpp:347.)
  protein[k] = v[slices]
/home/test/Desktop/Fed-fold/openfold/utils/tensor_utils.py:95: UserWarning: Using a non-tuple sequence for multidimensional indexing is deprecated and will be changed in pytorch 2.9; use x[tuple(seq)] instead of x[seq]. In pytorch 2.9 this will be interpreted as tensor index, x[torch.tensor(seq)], which will result either in an error or a different result (Triggered internally at /pytorch/torch/csrc/autograd/python_variable_indexing.cpp:347.)
  return data[ranges]
/home/test/Desktop/Fed-fold/openfold/utils/tensor_utils.py:95: UserWarning: Using a non-tuple sequence for multidimensional indexing is deprecated and will be changed in pytorch 2.9; use x[tuple(seq)] instead of x[seq]. In pytorch 2.9 this will be interpreted as tensor index, x[torch.tensor(seq)], which will result either in an error or a different result (Triggered internally at /pytorch/torch/csrc/autograd/python_variable_indexing.cpp:347.)
  return data[ranges]
/home/test/Desktop/Fed-fold/openfold/data/data_transforms.py:1261: UserWarning: Using a non-tuple sequence for multidimensional indexing is deprecated and will be changed in pytorch 2.9; use x[tuple(seq)] instead of x[seq]. In pytorch 2.9 this will be interpreted as tensor index, x[torch.tensor(seq)], which will result either in an error or a different result (Triggered internally at /pytorch/torch/csrc/autograd/python_variable_indexing.cpp:347.)
  protein[k] = v[slices]
/home/test/Desktop/Fed-fold/openfold/data/data_transforms.py:1261: UserWarning: Using a non-tuple sequence for multidimensional indexing is deprecated and will be changed in pytorch 2.9; use x[tuple(seq)] instead of x[seq]. In pytorch 2.9 this will be interpreted as tensor index, x[torch.tensor(seq)], which will result either in an error or a different result (Triggered internally at /pytorch/torch/csrc/autograd/python_variable_indexing.cpp:347.)
  protein[k] = v[slices]
/home/test/Desktop/Fed-fold/openfold/data/data_transforms.py:1261: UserWarning: Using a non-tuple sequence for multidimensional indexing is deprecated and will be changed in pytorch 2.9; use x[tuple(seq)] instead of x[seq]. In pytorch 2.9 this will be interpreted as tensor index, x[torch.tensor(seq)], which will result either in an error or a different result (Triggered internally at /pytorch/torch/csrc/autograd/python_variable_indexing.cpp:347.)
  protein[k] = v[slices]
/home/test/Desktop/Fed-fold/openfold/data/data_transforms.py:1261: UserWarning: Using a non-tuple sequence for multidimensional indexing is deprecated and will be changed in pytorch 2.9; use x[tuple(seq)] instead of x[seq]. In pytorch 2.9 this will be interpreted as tensor index, x[torch.tensor(seq)], which will result either in an error or a different result (Triggered internally at /pytorch/torch/csrc/autograd/python_variable_indexing.cpp:347.)
  protein[k] = v[slices]
/home/test/Desktop/Fed-fold/openfold/utils/tensor_utils.py:95: UserWarning: Using a non-tuple sequence for multidimensional indexing is deprecated and will be changed in pytorch 2.9; use x[tuple(seq)] instead of x[seq]. In pytorch 2.9 this will be interpreted as tensor index, x[torch.tensor(seq)], which will result either in an error or a different result (Triggered internally at /pytorch/torch/csrc/autograd/python_variable_indexing.cpp:347.)
  return data[ranges]
/home/test/Desktop/Fed-fold/openfold/data/data_transforms.py:1261: UserWarning: Using a non-tuple sequence for multidimensional indexing is deprecated and will be changed in pytorch 2.9; use x[tuple(seq)] instead of x[seq]. In pytorch 2.9 this will be interpreted as tensor index, x[torch.tensor(seq)], which will result either in an error or a different result (Triggered internally at /pytorch/torch/csrc/autograd/python_variable_indexing.cpp:347.)
  protein[k] = v[slices]
/home/test/Desktop/Fed-fold/openfold/utils/tensor_utils.py:95: UserWarning: Using a non-tuple sequence for multidimensional indexing is deprecated and will be changed in pytorch 2.9; use x[tuple(seq)] instead of x[seq]. In pytorch 2.9 this will be interpreted as tensor index, x[torch.tensor(seq)], which will result either in an error or a different result (Triggered internally at /pytorch/torch/csrc/autograd/python_variable_indexing.cpp:347.)
  return data[ranges]
/home/test/Desktop/Fed-fold/openfold/utils/tensor_utils.py:95: UserWarning: Using a non-tuple sequence for multidimensional indexing is deprecated and will be changed in pytorch 2.9; use x[tuple(seq)] instead of x[seq]. In pytorch 2.9 this will be interpreted as tensor index, x[torch.tensor(seq)], which will result either in an error or a different result (Triggered internally at /pytorch/torch/csrc/autograd/python_variable_indexing.cpp:347.)
  return data[ranges]
/home/test/Desktop/Fed-fold/openfold/data/data_transforms.py:1261: UserWarning: Using a non-tuple sequence for multidimensional indexing is deprecated and will be changed in pytorch 2.9; use x[tuple(seq)] instead of x[seq]. In pytorch 2.9 this will be interpreted as tensor index, x[torch.tensor(seq)], which will result either in an error or a different result (Triggered internally at /pytorch/torch/csrc/autograd/python_variable_indexing.cpp:347.)
  protein[k] = v[slices]
/home/test/Desktop/Fed-fold/openfold/data/data_transforms.py:1261: UserWarning: Using a non-tuple sequence for multidimensional indexing is deprecated and will be changed in pytorch 2.9; use x[tuple(seq)] instead of x[seq]. In pytorch 2.9 this will be interpreted as tensor index, x[torch.tensor(seq)], which will result either in an error or a different result (Triggered internally at /pytorch/torch/csrc/autograd/python_variable_indexing.cpp:347.)
  protein[k] = v[slices]
/home/test/Desktop/Fed-fold/openfold/utils/tensor_utils.py:95: UserWarning: Using a non-tuple sequence for multidimensional indexing is deprecated and will be changed in pytorch 2.9; use x[tuple(seq)] instead of x[seq]. In pytorch 2.9 this will be interpreted as tensor index, x[torch.tensor(seq)], which will result either in an error or a different result (Triggered internally at /pytorch/torch/csrc/autograd/python_variable_indexing.cpp:347.)
  return data[ranges]
/home/test/Desktop/Fed-fold/openfold/utils/tensor_utils.py:95: UserWarning: Using a non-tuple sequence for multidimensional indexing is deprecated and will be changed in pytorch 2.9; use x[tuple(seq)] instead of x[seq]. In pytorch 2.9 this will be interpreted as tensor index, x[torch.tensor(seq)], which will result either in an error or a different result (Triggered internally at /pytorch/torch/csrc/autograd/python_variable_indexing.cpp:347.)
  return data[ranges]
/home/test/Desktop/Fed-fold/openfold/data/data_transforms.py:1261: UserWarning: Using a non-tuple sequence for multidimensional indexing is deprecated and will be changed in pytorch 2.9; use x[tuple(seq)] instead of x[seq]. In pytorch 2.9 this will be interpreted as tensor index, x[torch.tensor(seq)], which will result either in an error or a different result (Triggered internally at /pytorch/torch/csrc/autograd/python_variable_indexing.cpp:347.)
  protein[k] = v[slices]
/home/test/Desktop/Fed-fold/openfold/utils/tensor_utils.py:95: UserWarning: Using a non-tuple sequence for multidimensional indexing is deprecated and will be changed in pytorch 2.9; use x[tuple(seq)] instead of x[seq]. In pytorch 2.9 this will be interpreted as tensor index, x[torch.tensor(seq)], which will result either in an error or a different result (Triggered internally at /pytorch/torch/csrc/autograd/python_variable_indexing.cpp:347.)
  return data[ranges]
/home/test/Desktop/Fed-fold/openfold/data/data_transforms.py:1261: UserWarning: Using a non-tuple sequence for multidimensional indexing is deprecated and will be changed in pytorch 2.9; use x[tuple(seq)] instead of x[seq]. In pytorch 2.9 this will be interpreted as tensor index, x[torch.tensor(seq)], which will result either in an error or a different result (Triggered internally at /pytorch/torch/csrc/autograd/python_variable_indexing.cpp:347.)
  protein[k] = v[slices]
/home/test/Desktop/Fed-fold/openfold/utils/tensor_utils.py:95: UserWarning: Using a non-tuple sequence for multidimensional indexing is deprecated and will be changed in pytorch 2.9; use x[tuple(seq)] instead of x[seq]. In pytorch 2.9 this will be interpreted as tensor index, x[torch.tensor(seq)], which will result either in an error or a different result (Triggered internally at /pytorch/torch/csrc/autograd/python_variable_indexing.cpp:347.)
  return data[ranges]
/home/test/Desktop/Fed-fold/openfold/utils/tensor_utils.py:95: UserWarning: Using a non-tuple sequence for multidimensional indexing is deprecated and will be changed in pytorch 2.9; use x[tuple(seq)] instead of x[seq]. In pytorch 2.9 this will be interpreted as tensor index, x[torch.tensor(seq)], which will result either in an error or a different result (Triggered internally at /pytorch/torch/csrc/autograd/python_variable_indexing.cpp:347.)
  return data[ranges]
/home/test/Desktop/Fed-fold/openfold/data/data_transforms.py:1261: UserWarning: Using a non-tuple sequence for multidimensional indexing is deprecated and will be changed in pytorch 2.9; use x[tuple(seq)] instead of x[seq]. In pytorch 2.9 this will be interpreted as tensor index, x[torch.tensor(seq)], which will result either in an error or a different result (Triggered internally at /pytorch/torch/csrc/autograd/python_variable_indexing.cpp:347.)
  protein[k] = v[slices]
/home/test/Desktop/Fed-fold/openfold/data/data_transforms.py:1261: UserWarning: Using a non-tuple sequence for multidimensional indexing is deprecated and will be changed in pytorch 2.9; use x[tuple(seq)] instead of x[seq]. In pytorch 2.9 this will be interpreted as tensor index, x[torch.tensor(seq)], which will result either in an error or a different result (Triggered internally at /pytorch/torch/csrc/autograd/python_variable_indexing.cpp:347.)
  protein[k] = v[slices]
/home/test/Desktop/Fed-fold/openfold/data/data_transforms.py:1261: UserWarning: Using a non-tuple sequence for multidimensional indexing is deprecated and will be changed in pytorch 2.9; use x[tuple(seq)] instead of x[seq]. In pytorch 2.9 this will be interpreted as tensor index, x[torch.tensor(seq)], which will result either in an error or a different result (Triggered internally at /pytorch/torch/csrc/autograd/python_variable_indexing.cpp:347.)
  protein[k] = v[slices]
/home/test/Desktop/Fed-fold/openfold/utils/tensor_utils.py:95: UserWarning: Using a non-tuple sequence for multidimensional indexing is deprecated and will be changed in pytorch 2.9; use x[tuple(seq)] instead of x[seq]. In pytorch 2.9 this will be interpreted as tensor index, x[torch.tensor(seq)], which will result either in an error or a different result (Triggered internally at /pytorch/torch/csrc/autograd/python_variable_indexing.cpp:347.)
  return data[ranges]
/home/test/Desktop/Fed-fold/openfold/utils/tensor_utils.py:95: UserWarning: Using a non-tuple sequence for multidimensional indexing is deprecated and will be changed in pytorch 2.9; use x[tuple(seq)] instead of x[seq]. In pytorch 2.9 this will be interpreted as tensor index, x[torch.tensor(seq)], which will result either in an error or a different result (Triggered internally at /pytorch/torch/csrc/autograd/python_variable_indexing.cpp:347.)
  return data[ranges]
/home/test/Desktop/Fed-fold/openfold/utils/tensor_utils.py:95: UserWarning: Using a non-tuple sequence for multidimensional indexing is deprecated and will be changed in pytorch 2.9; use x[tuple(seq)] instead of x[seq]. In pytorch 2.9 this will be interpreted as tensor index, x[torch.tensor(seq)], which will result either in an error or a different result (Triggered internally at /pytorch/torch/csrc/autograd/python_variable_indexing.cpp:347.)
  return data[ranges]
/home/test/Desktop/Fed-fold/openfold/data/data_transforms.py:1261: UserWarning: Using a non-tuple sequence for multidimensional indexing is deprecated and will be changed in pytorch 2.9; use x[tuple(seq)] instead of x[seq]. In pytorch 2.9 this will be interpreted as tensor index, x[torch.tensor(seq)], which will result either in an error or a different result (Triggered internally at /pytorch/torch/csrc/autograd/python_variable_indexing.cpp:347.)
  protein[k] = v[slices]
/home/test/Desktop/Fed-fold/openfold/utils/tensor_utils.py:95: UserWarning: Using a non-tuple sequence for multidimensional indexing is deprecated and will be changed in pytorch 2.9; use x[tuple(seq)] instead of x[seq]. In pytorch 2.9 this will be interpreted as tensor index, x[torch.tensor(seq)], which will result either in an error or a different result (Triggered internally at /pytorch/torch/csrc/autograd/python_variable_indexing.cpp:347.)
  return data[ranges]
/home/test/Desktop/Fed-fold/openfold/utils/tensor_utils.py:95: UserWarning: Using a non-tuple sequence for multidimensional indexing is deprecated and will be changed in pytorch 2.9; use x[tuple(seq)] instead of x[seq]. In pytorch 2.9 this will be interpreted as tensor index, x[torch.tensor(seq)], which will result either in an error or a different result (Triggered internally at /pytorch/torch/csrc/autograd/python_variable_indexing.cpp:347.)
  return data[ranges]
/home/test/Desktop/Fed-fold/openfold/data/data_transforms.py:1261: UserWarning: Using a non-tuple sequence for multidimensional indexing is deprecated and will be changed in pytorch 2.9; use x[tuple(seq)] instead of x[seq]. In pytorch 2.9 this will be interpreted as tensor index, x[torch.tensor(seq)], which will result either in an error or a different result (Triggered internally at /pytorch/torch/csrc/autograd/python_variable_indexing.cpp:347.)
  protein[k] = v[slices]
/home/test/Desktop/Fed-fold/openfold/data/data_transforms.py:1261: UserWarning: Using a non-tuple sequence for multidimensional indexing is deprecated and will be changed in pytorch 2.9; use x[tuple(seq)] instead of x[seq]. In pytorch 2.9 this will be interpreted as tensor index, x[torch.tensor(seq)], which will result either in an error or a different result (Triggered internally at /pytorch/torch/csrc/autograd/python_variable_indexing.cpp:347.)
  protein[k] = v[slices]
/home/test/Desktop/Fed-fold/openfold/data/data_transforms.py:1261: UserWarning: Using a non-tuple sequence for multidimensional indexing is deprecated and will be changed in pytorch 2.9; use x[tuple(seq)] instead of x[seq]. In pytorch 2.9 this will be interpreted as tensor index, x[torch.tensor(seq)], which will result either in an error or a different result (Triggered internally at /pytorch/torch/csrc/autograd/python_variable_indexing.cpp:347.)
  protein[k] = v[slices]
/home/test/Desktop/Fed-fold/openfold/data/data_transforms.py:1261: UserWarning: Using a non-tuple sequence for multidimensional indexing is deprecated and will be changed in pytorch 2.9; use x[tuple(seq)] instead of x[seq]. In pytorch 2.9 this will be interpreted as tensor index, x[torch.tensor(seq)], which will result either in an error or a different result (Triggered internally at /pytorch/torch/csrc/autograd/python_variable_indexing.cpp:347.)
  protein[k] = v[slices]
/home/test/Desktop/Fed-fold/openfold/utils/tensor_utils.py:95: UserWarning: Using a non-tuple sequence for multidimensional indexing is deprecated and will be changed in pytorch 2.9; use x[tuple(seq)] instead of x[seq]. In pytorch 2.9 this will be interpreted as tensor index, x[torch.tensor(seq)], which will result either in an error or a different result (Triggered internally at /pytorch/torch/csrc/autograd/python_variable_indexing.cpp:347.)
  return data[ranges]
/home/test/Desktop/Fed-fold/openfold/data/data_transforms.py:1261: UserWarning: Using a non-tuple sequence for multidimensional indexing is deprecated and will be changed in pytorch 2.9; use x[tuple(seq)] instead of x[seq]. In pytorch 2.9 this will be interpreted as tensor index, x[torch.tensor(seq)], which will result either in an error or a different result (Triggered internally at /pytorch/torch/csrc/autograd/python_variable_indexing.cpp:347.)
  protein[k] = v[slices]
/home/test/Desktop/Fed-fold/openfold/utils/tensor_utils.py:95: UserWarning: Using a non-tuple sequence for multidimensional indexing is deprecated and will be changed in pytorch 2.9; use x[tuple(seq)] instead of x[seq]. In pytorch 2.9 this will be interpreted as tensor index, x[torch.tensor(seq)], which will result either in an error or a different result (Triggered internally at /pytorch/torch/csrc/autograd/python_variable_indexing.cpp:347.)
  return data[ranges]
/home/test/Desktop/Fed-fold/openfold/utils/tensor_utils.py:95: UserWarning: Using a non-tuple sequence for multidimensional indexing is deprecated and will be changed in pytorch 2.9; use x[tuple(seq)] instead of x[seq]. In pytorch 2.9 this will be interpreted as tensor index, x[torch.tensor(seq)], which will result either in an error or a different result (Triggered internally at /pytorch/torch/csrc/autograd/python_variable_indexing.cpp:347.)
  return data[ranges]
/home/test/Desktop/Fed-fold/openfold/data/data_transforms.py:1261: UserWarning: Using a non-tuple sequence for multidimensional indexing is deprecated and will be changed in pytorch 2.9; use x[tuple(seq)] instead of x[seq]. In pytorch 2.9 this will be interpreted as tensor index, x[torch.tensor(seq)], which will result either in an error or a different result (Triggered internally at /pytorch/torch/csrc/autograd/python_variable_indexing.cpp:347.)
  protein[k] = v[slices]
/home/test/Desktop/Fed-fold/openfold/data/data_transforms.py:1261: UserWarning: Using a non-tuple sequence for multidimensional indexing is deprecated and will be changed in pytorch 2.9; use x[tuple(seq)] instead of x[seq]. In pytorch 2.9 this will be interpreted as tensor index, x[torch.tensor(seq)], which will result either in an error or a different result (Triggered internally at /pytorch/torch/csrc/autograd/python_variable_indexing.cpp:347.)
  protein[k] = v[slices]
/home/test/Desktop/Fed-fold/openfold/utils/tensor_utils.py:95: UserWarning: Using a non-tuple sequence for multidimensional indexing is deprecated and will be changed in pytorch 2.9; use x[tuple(seq)] instead of x[seq]. In pytorch 2.9 this will be interpreted as tensor index, x[torch.tensor(seq)], which will result either in an error or a different result (Triggered internally at /pytorch/torch/csrc/autograd/python_variable_indexing.cpp:347.)
  return data[ranges]
/home/test/Desktop/Fed-fold/openfold/utils/tensor_utils.py:95: UserWarning: Using a non-tuple sequence for multidimensional indexing is deprecated and will be changed in pytorch 2.9; use x[tuple(seq)] instead of x[seq]. In pytorch 2.9 this will be interpreted as tensor index, x[torch.tensor(seq)], which will result either in an error or a different result (Triggered internally at /pytorch/torch/csrc/autograd/python_variable_indexing.cpp:347.)
  return data[ranges]
/home/test/Desktop/Fed-fold/openfold/utils/tensor_utils.py:95: UserWarning: Using a non-tuple sequence for multidimensional indexing is deprecated and will be changed in pytorch 2.9; use x[tuple(seq)] instead of x[seq]. In pytorch 2.9 this will be interpreted as tensor index, x[torch.tensor(seq)], which will result either in an error or a different result (Triggered internally at /pytorch/torch/csrc/autograd/python_variable_indexing.cpp:347.)
  return data[ranges]
/home/test/Desktop/Fed-fold/openfold/data/data_transforms.py:1261: UserWarning: Using a non-tuple sequence for multidimensional indexing is deprecated and will be changed in pytorch 2.9; use x[tuple(seq)] instead of x[seq]. In pytorch 2.9 this will be interpreted as tensor index, x[torch.tensor(seq)], which will result either in an error or a different result (Triggered internally at /pytorch/torch/csrc/autograd/python_variable_indexing.cpp:347.)
  protein[k] = v[slices]
/home/test/Desktop/Fed-fold/openfold/data/data_transforms.py:1261: UserWarning: Using a non-tuple sequence for multidimensional indexing is deprecated and will be changed in pytorch 2.9; use x[tuple(seq)] instead of x[seq]. In pytorch 2.9 this will be interpreted as tensor index, x[torch.tensor(seq)], which will result either in an error or a different result (Triggered internally at /pytorch/torch/csrc/autograd/python_variable_indexing.cpp:347.)
  protein[k] = v[slices]
/home/test/Desktop/Fed-fold/openfold/utils/tensor_utils.py:95: UserWarning: Using a non-tuple sequence for multidimensional indexing is deprecated and will be changed in pytorch 2.9; use x[tuple(seq)] instead of x[seq]. In pytorch 2.9 this will be interpreted as tensor index, x[torch.tensor(seq)], which will result either in an error or a different result (Triggered internally at /pytorch/torch/csrc/autograd/python_variable_indexing.cpp:347.)
  return data[ranges]
/home/test/Desktop/Fed-fold/openfold/data/data_transforms.py:1261: UserWarning: Using a non-tuple sequence for multidimensional indexing is deprecated and will be changed in pytorch 2.9; use x[tuple(seq)] instead of x[seq]. In pytorch 2.9 this will be interpreted as tensor index, x[torch.tensor(seq)], which will result either in an error or a different result (Triggered internally at /pytorch/torch/csrc/autograd/python_variable_indexing.cpp:347.)
  protein[k] = v[slices]
/home/test/Desktop/Fed-fold/openfold/data/data_transforms.py:1261: UserWarning: Using a non-tuple sequence for multidimensional indexing is deprecated and will be changed in pytorch 2.9; use x[tuple(seq)] instead of x[seq]. In pytorch 2.9 this will be interpreted as tensor index, x[torch.tensor(seq)], which will result either in an error or a different result (Triggered internally at /pytorch/torch/csrc/autograd/python_variable_indexing.cpp:347.)
  protein[k] = v[slices]
/home/test/Desktop/Fed-fold/openfold/utils/tensor_utils.py:95: UserWarning: Using a non-tuple sequence for multidimensional indexing is deprecated and will be changed in pytorch 2.9; use x[tuple(seq)] instead of x[seq]. In pytorch 2.9 this will be interpreted as tensor index, x[torch.tensor(seq)], which will result either in an error or a different result (Triggered internally at /pytorch/torch/csrc/autograd/python_variable_indexing.cpp:347.)
  return data[ranges]
/home/test/Desktop/Fed-fold/openfold/utils/tensor_utils.py:95: UserWarning: Using a non-tuple sequence for multidimensional indexing is deprecated and will be changed in pytorch 2.9; use x[tuple(seq)] instead of x[seq]. In pytorch 2.9 this will be interpreted as tensor index, x[torch.tensor(seq)], which will result either in an error or a different result (Triggered internally at /pytorch/torch/csrc/autograd/python_variable_indexing.cpp:347.)
  return data[ranges]
/home/test/Desktop/Fed-fold/openfold/data/data_transforms.py:1261: UserWarning: Using a non-tuple sequence for multidimensional indexing is deprecated and will be changed in pytorch 2.9; use x[tuple(seq)] instead of x[seq]. In pytorch 2.9 this will be interpreted as tensor index, x[torch.tensor(seq)], which will result either in an error or a different result (Triggered internally at /pytorch/torch/csrc/autograd/python_variable_indexing.cpp:347.)
  protein[k] = v[slices]
/home/test/Desktop/Fed-fold/openfold/data/data_transforms.py:1261: UserWarning: Using a non-tuple sequence for multidimensional indexing is deprecated and will be changed in pytorch 2.9; use x[tuple(seq)] instead of x[seq]. In pytorch 2.9 this will be interpreted as tensor index, x[torch.tensor(seq)], which will result either in an error or a different result (Triggered internally at /pytorch/torch/csrc/autograd/python_variable_indexing.cpp:347.)
  protein[k] = v[slices]
/home/test/Desktop/Fed-fold/openfold/utils/tensor_utils.py:95: UserWarning: Using a non-tuple sequence for multidimensional indexing is deprecated and will be changed in pytorch 2.9; use x[tuple(seq)] instead of x[seq]. In pytorch 2.9 this will be interpreted as tensor index, x[torch.tensor(seq)], which will result either in an error or a different result (Triggered internally at /pytorch/torch/csrc/autograd/python_variable_indexing.cpp:347.)
  return data[ranges]
/home/test/Desktop/Fed-fold/openfold/data/data_transforms.py:1261: UserWarning: Using a non-tuple sequence for multidimensional indexing is deprecated and will be changed in pytorch 2.9; use x[tuple(seq)] instead of x[seq]. In pytorch 2.9 this will be interpreted as tensor index, x[torch.tensor(seq)], which will result either in an error or a different result (Triggered internally at /pytorch/torch/csrc/autograd/python_variable_indexing.cpp:347.)
  protein[k] = v[slices]
/home/test/Desktop/Fed-fold/openfold/utils/tensor_utils.py:95: UserWarning: Using a non-tuple sequence for multidimensional indexing is deprecated and will be changed in pytorch 2.9; use x[tuple(seq)] instead of x[seq]. In pytorch 2.9 this will be interpreted as tensor index, x[torch.tensor(seq)], which will result either in an error or a different result (Triggered internally at /pytorch/torch/csrc/autograd/python_variable_indexing.cpp:347.)
  return data[ranges]
/home/test/Desktop/Fed-fold/openfold/data/data_transforms.py:1261: UserWarning: Using a non-tuple sequence for multidimensional indexing is deprecated and will be changed in pytorch 2.9; use x[tuple(seq)] instead of x[seq]. In pytorch 2.9 this will be interpreted as tensor index, x[torch.tensor(seq)], which will result either in an error or a different result (Triggered internally at /pytorch/torch/csrc/autograd/python_variable_indexing.cpp:347.)
  protein[k] = v[slices]
Epoch 2:   2%|▏         | 1/64 [00:10<11:21,  0.09it/s, train/loss=30.40]Epoch 2:   2%|▏         | 1/64 [00:10<11:21,  0.09it/s, train/loss=28.80]/home/test/Desktop/Fed-fold/openfold/utils/tensor_utils.py:95: UserWarning: Using a non-tuple sequence for multidimensional indexing is deprecated and will be changed in pytorch 2.9; use x[tuple(seq)] instead of x[seq]. In pytorch 2.9 this will be interpreted as tensor index, x[torch.tensor(seq)], which will result either in an error or a different result (Triggered internally at /pytorch/torch/csrc/autograd/python_variable_indexing.cpp:347.)
  return data[ranges]
/home/test/Desktop/Fed-fold/openfold/data/data_transforms.py:1261: UserWarning: Using a non-tuple sequence for multidimensional indexing is deprecated and will be changed in pytorch 2.9; use x[tuple(seq)] instead of x[seq]. In pytorch 2.9 this will be interpreted as tensor index, x[torch.tensor(seq)], which will result either in an error or a different result (Triggered internally at /pytorch/torch/csrc/autograd/python_variable_indexing.cpp:347.)
  protein[k] = v[slices]
Epoch 2:   3%|▎         | 2/64 [00:21<11:07,  0.09it/s, train/loss=28.80]Epoch 2:   3%|▎         | 2/64 [00:21<11:07,  0.09it/s, train/loss=34.60]/home/test/Desktop/Fed-fold/openfold/utils/tensor_utils.py:95: UserWarning: Using a non-tuple sequence for multidimensional indexing is deprecated and will be changed in pytorch 2.9; use x[tuple(seq)] instead of x[seq]. In pytorch 2.9 this will be interpreted as tensor index, x[torch.tensor(seq)], which will result either in an error or a different result (Triggered internally at /pytorch/torch/csrc/autograd/python_variable_indexing.cpp:347.)
  return data[ranges]
/home/test/Desktop/Fed-fold/openfold/data/data_transforms.py:1261: UserWarning: Using a non-tuple sequence for multidimensional indexing is deprecated and will be changed in pytorch 2.9; use x[tuple(seq)] instead of x[seq]. In pytorch 2.9 this will be interpreted as tensor index, x[torch.tensor(seq)], which will result either in an error or a different result (Triggered internally at /pytorch/torch/csrc/autograd/python_variable_indexing.cpp:347.)
  protein[k] = v[slices]
Epoch 2:   5%|▍         | 3/64 [00:28<09:48,  0.10it/s, train/loss=34.60]Epoch 2:   5%|▍         | 3/64 [00:28<09:48,  0.10it/s, train/loss=27.10]/home/test/Desktop/Fed-fold/openfold/utils/tensor_utils.py:95: UserWarning: Using a non-tuple sequence for multidimensional indexing is deprecated and will be changed in pytorch 2.9; use x[tuple(seq)] instead of x[seq]. In pytorch 2.9 this will be interpreted as tensor index, x[torch.tensor(seq)], which will result either in an error or a different result (Triggered internally at /pytorch/torch/csrc/autograd/python_variable_indexing.cpp:347.)
  return data[ranges]
/home/test/Desktop/Fed-fold/openfold/data/data_transforms.py:1261: UserWarning: Using a non-tuple sequence for multidimensional indexing is deprecated and will be changed in pytorch 2.9; use x[tuple(seq)] instead of x[seq]. In pytorch 2.9 this will be interpreted as tensor index, x[torch.tensor(seq)], which will result either in an error or a different result (Triggered internally at /pytorch/torch/csrc/autograd/python_variable_indexing.cpp:347.)
  protein[k] = v[slices]
Epoch 2:   6%|▋         | 4/64 [00:39<09:55,  0.10it/s, train/loss=27.10]Epoch 2:   6%|▋         | 4/64 [00:39<09:55,  0.10it/s, train/loss=27.30]/home/test/Desktop/Fed-fold/openfold/utils/tensor_utils.py:95: UserWarning: Using a non-tuple sequence for multidimensional indexing is deprecated and will be changed in pytorch 2.9; use x[tuple(seq)] instead of x[seq]. In pytorch 2.9 this will be interpreted as tensor index, x[torch.tensor(seq)], which will result either in an error or a different result (Triggered internally at /pytorch/torch/csrc/autograd/python_variable_indexing.cpp:347.)
  return data[ranges]
/home/test/Desktop/Fed-fold/openfold/data/data_transforms.py:1261: UserWarning: Using a non-tuple sequence for multidimensional indexing is deprecated and will be changed in pytorch 2.9; use x[tuple(seq)] instead of x[seq]. In pytorch 2.9 this will be interpreted as tensor index, x[torch.tensor(seq)], which will result either in an error or a different result (Triggered internally at /pytorch/torch/csrc/autograd/python_variable_indexing.cpp:347.)
  protein[k] = v[slices]
Epoch 2:   8%|▊         | 5/64 [00:50<09:54,  0.10it/s, train/loss=27.30]Epoch 2:   8%|▊         | 5/64 [00:50<09:54,  0.10it/s, train/loss=24.60]/home/test/Desktop/Fed-fold/openfold/utils/tensor_utils.py:95: UserWarning: Using a non-tuple sequence for multidimensional indexing is deprecated and will be changed in pytorch 2.9; use x[tuple(seq)] instead of x[seq]. In pytorch 2.9 this will be interpreted as tensor index, x[torch.tensor(seq)], which will result either in an error or a different result (Triggered internally at /pytorch/torch/csrc/autograd/python_variable_indexing.cpp:347.)
  return data[ranges]
/home/test/Desktop/Fed-fold/openfold/data/data_transforms.py:1261: UserWarning: Using a non-tuple sequence for multidimensional indexing is deprecated and will be changed in pytorch 2.9; use x[tuple(seq)] instead of x[seq]. In pytorch 2.9 this will be interpreted as tensor index, x[torch.tensor(seq)], which will result either in an error or a different result (Triggered internally at /pytorch/torch/csrc/autograd/python_variable_indexing.cpp:347.)
  protein[k] = v[slices]
Epoch 2:   9%|▉         | 6/64 [01:01<09:52,  0.10it/s, train/loss=24.60]Epoch 2:   9%|▉         | 6/64 [01:01<09:52,  0.10it/s, train/loss=38.20]/home/test/Desktop/Fed-fold/openfold/utils/tensor_utils.py:95: UserWarning: Using a non-tuple sequence for multidimensional indexing is deprecated and will be changed in pytorch 2.9; use x[tuple(seq)] instead of x[seq]. In pytorch 2.9 this will be interpreted as tensor index, x[torch.tensor(seq)], which will result either in an error or a different result (Triggered internally at /pytorch/torch/csrc/autograd/python_variable_indexing.cpp:347.)
  return data[ranges]
/home/test/Desktop/Fed-fold/openfold/data/data_transforms.py:1261: UserWarning: Using a non-tuple sequence for multidimensional indexing is deprecated and will be changed in pytorch 2.9; use x[tuple(seq)] instead of x[seq]. In pytorch 2.9 this will be interpreted as tensor index, x[torch.tensor(seq)], which will result either in an error or a different result (Triggered internally at /pytorch/torch/csrc/autograd/python_variable_indexing.cpp:347.)
  protein[k] = v[slices]
Epoch 2:  11%|█         | 7/64 [01:13<09:59,  0.10it/s, train/loss=38.20]Epoch 2:  11%|█         | 7/64 [01:13<09:59,  0.10it/s, train/loss=28.50]/home/test/Desktop/Fed-fold/openfold/utils/tensor_utils.py:95: UserWarning: Using a non-tuple sequence for multidimensional indexing is deprecated and will be changed in pytorch 2.9; use x[tuple(seq)] instead of x[seq]. In pytorch 2.9 this will be interpreted as tensor index, x[torch.tensor(seq)], which will result either in an error or a different result (Triggered internally at /pytorch/torch/csrc/autograd/python_variable_indexing.cpp:347.)
  return data[ranges]
/home/test/Desktop/Fed-fold/openfold/data/data_transforms.py:1261: UserWarning: Using a non-tuple sequence for multidimensional indexing is deprecated and will be changed in pytorch 2.9; use x[tuple(seq)] instead of x[seq]. In pytorch 2.9 this will be interpreted as tensor index, x[torch.tensor(seq)], which will result either in an error or a different result (Triggered internally at /pytorch/torch/csrc/autograd/python_variable_indexing.cpp:347.)
  protein[k] = v[slices]
Epoch 2:  12%|█▎        | 8/64 [01:24<09:50,  0.09it/s, train/loss=28.50]Epoch 2:  12%|█▎        | 8/64 [01:24<09:50,  0.09it/s, train/loss=27.20]/home/test/Desktop/Fed-fold/openfold/utils/tensor_utils.py:95: UserWarning: Using a non-tuple sequence for multidimensional indexing is deprecated and will be changed in pytorch 2.9; use x[tuple(seq)] instead of x[seq]. In pytorch 2.9 this will be interpreted as tensor index, x[torch.tensor(seq)], which will result either in an error or a different result (Triggered internally at /pytorch/torch/csrc/autograd/python_variable_indexing.cpp:347.)
  return data[ranges]
/home/test/Desktop/Fed-fold/openfold/data/data_transforms.py:1261: UserWarning: Using a non-tuple sequence for multidimensional indexing is deprecated and will be changed in pytorch 2.9; use x[tuple(seq)] instead of x[seq]. In pytorch 2.9 this will be interpreted as tensor index, x[torch.tensor(seq)], which will result either in an error or a different result (Triggered internally at /pytorch/torch/csrc/autograd/python_variable_indexing.cpp:347.)
  protein[k] = v[slices]
Epoch 2:  14%|█▍        | 9/64 [01:36<09:50,  0.09it/s, train/loss=27.20]Epoch 2:  14%|█▍        | 9/64 [01:36<09:50,  0.09it/s, train/loss=22.60]/home/test/Desktop/Fed-fold/openfold/utils/tensor_utils.py:95: UserWarning: Using a non-tuple sequence for multidimensional indexing is deprecated and will be changed in pytorch 2.9; use x[tuple(seq)] instead of x[seq]. In pytorch 2.9 this will be interpreted as tensor index, x[torch.tensor(seq)], which will result either in an error or a different result (Triggered internally at /pytorch/torch/csrc/autograd/python_variable_indexing.cpp:347.)
  return data[ranges]
/home/test/Desktop/Fed-fold/openfold/data/data_transforms.py:1261: UserWarning: Using a non-tuple sequence for multidimensional indexing is deprecated and will be changed in pytorch 2.9; use x[tuple(seq)] instead of x[seq]. In pytorch 2.9 this will be interpreted as tensor index, x[torch.tensor(seq)], which will result either in an error or a different result (Triggered internally at /pytorch/torch/csrc/autograd/python_variable_indexing.cpp:347.)
  protein[k] = v[slices]
Epoch 2:  16%|█▌        | 10/64 [01:48<09:48,  0.09it/s, train/loss=22.60]Epoch 2:  16%|█▌        | 10/64 [01:48<09:48,  0.09it/s, train/loss=28.90]/home/test/Desktop/Fed-fold/openfold/utils/tensor_utils.py:95: UserWarning: Using a non-tuple sequence for multidimensional indexing is deprecated and will be changed in pytorch 2.9; use x[tuple(seq)] instead of x[seq]. In pytorch 2.9 this will be interpreted as tensor index, x[torch.tensor(seq)], which will result either in an error or a different result (Triggered internally at /pytorch/torch/csrc/autograd/python_variable_indexing.cpp:347.)
  return data[ranges]
/home/test/Desktop/Fed-fold/openfold/data/data_transforms.py:1261: UserWarning: Using a non-tuple sequence for multidimensional indexing is deprecated and will be changed in pytorch 2.9; use x[tuple(seq)] instead of x[seq]. In pytorch 2.9 this will be interpreted as tensor index, x[torch.tensor(seq)], which will result either in an error or a different result (Triggered internally at /pytorch/torch/csrc/autograd/python_variable_indexing.cpp:347.)
  protein[k] = v[slices]
Epoch 2:  17%|█▋        | 11/64 [01:58<09:28,  0.09it/s, train/loss=28.90]Epoch 2:  17%|█▋        | 11/64 [01:58<09:28,  0.09it/s, train/loss=27.70]/home/test/Desktop/Fed-fold/openfold/utils/tensor_utils.py:95: UserWarning: Using a non-tuple sequence for multidimensional indexing is deprecated and will be changed in pytorch 2.9; use x[tuple(seq)] instead of x[seq]. In pytorch 2.9 this will be interpreted as tensor index, x[torch.tensor(seq)], which will result either in an error or a different result (Triggered internally at /pytorch/torch/csrc/autograd/python_variable_indexing.cpp:347.)
  return data[ranges]
/home/test/Desktop/Fed-fold/openfold/data/data_transforms.py:1261: UserWarning: Using a non-tuple sequence for multidimensional indexing is deprecated and will be changed in pytorch 2.9; use x[tuple(seq)] instead of x[seq]. In pytorch 2.9 this will be interpreted as tensor index, x[torch.tensor(seq)], which will result either in an error or a different result (Triggered internally at /pytorch/torch/csrc/autograd/python_variable_indexing.cpp:347.)
  protein[k] = v[slices]
Epoch 2:  19%|█▉        | 12/64 [02:07<09:10,  0.09it/s, train/loss=27.70]Epoch 2:  19%|█▉        | 12/64 [02:07<09:10,  0.09it/s, train/loss=24.70]/home/test/Desktop/Fed-fold/openfold/utils/tensor_utils.py:95: UserWarning: Using a non-tuple sequence for multidimensional indexing is deprecated and will be changed in pytorch 2.9; use x[tuple(seq)] instead of x[seq]. In pytorch 2.9 this will be interpreted as tensor index, x[torch.tensor(seq)], which will result either in an error or a different result (Triggered internally at /pytorch/torch/csrc/autograd/python_variable_indexing.cpp:347.)
  return data[ranges]
/home/test/Desktop/Fed-fold/openfold/data/data_transforms.py:1261: UserWarning: Using a non-tuple sequence for multidimensional indexing is deprecated and will be changed in pytorch 2.9; use x[tuple(seq)] instead of x[seq]. In pytorch 2.9 this will be interpreted as tensor index, x[torch.tensor(seq)], which will result either in an error or a different result (Triggered internally at /pytorch/torch/csrc/autograd/python_variable_indexing.cpp:347.)
  protein[k] = v[slices]
Epoch 2:  20%|██        | 13/64 [02:17<09:00,  0.09it/s, train/loss=24.70]Epoch 2:  20%|██        | 13/64 [02:17<09:00,  0.09it/s, train/loss=33.20]/home/test/Desktop/Fed-fold/openfold/utils/tensor_utils.py:95: UserWarning: Using a non-tuple sequence for multidimensional indexing is deprecated and will be changed in pytorch 2.9; use x[tuple(seq)] instead of x[seq]. In pytorch 2.9 this will be interpreted as tensor index, x[torch.tensor(seq)], which will result either in an error or a different result (Triggered internally at /pytorch/torch/csrc/autograd/python_variable_indexing.cpp:347.)
  return data[ranges]
/home/test/Desktop/Fed-fold/openfold/data/data_transforms.py:1261: UserWarning: Using a non-tuple sequence for multidimensional indexing is deprecated and will be changed in pytorch 2.9; use x[tuple(seq)] instead of x[seq]. In pytorch 2.9 this will be interpreted as tensor index, x[torch.tensor(seq)], which will result either in an error or a different result (Triggered internally at /pytorch/torch/csrc/autograd/python_variable_indexing.cpp:347.)
  protein[k] = v[slices]
Epoch 2:  22%|██▏       | 14/64 [02:28<08:50,  0.09it/s, train/loss=33.20]Epoch 2:  22%|██▏       | 14/64 [02:28<08:50,  0.09it/s, train/loss=18.90]/home/test/Desktop/Fed-fold/openfold/utils/tensor_utils.py:95: UserWarning: Using a non-tuple sequence for multidimensional indexing is deprecated and will be changed in pytorch 2.9; use x[tuple(seq)] instead of x[seq]. In pytorch 2.9 this will be interpreted as tensor index, x[torch.tensor(seq)], which will result either in an error or a different result (Triggered internally at /pytorch/torch/csrc/autograd/python_variable_indexing.cpp:347.)
  return data[ranges]
/home/test/Desktop/Fed-fold/openfold/data/data_transforms.py:1261: UserWarning: Using a non-tuple sequence for multidimensional indexing is deprecated and will be changed in pytorch 2.9; use x[tuple(seq)] instead of x[seq]. In pytorch 2.9 this will be interpreted as tensor index, x[torch.tensor(seq)], which will result either in an error or a different result (Triggered internally at /pytorch/torch/csrc/autograd/python_variable_indexing.cpp:347.)
  protein[k] = v[slices]
Epoch 2:  23%|██▎       | 15/64 [02:39<08:40,  0.09it/s, train/loss=18.90]Epoch 2:  23%|██▎       | 15/64 [02:39<08:40,  0.09it/s, train/loss=20.10]/home/test/Desktop/Fed-fold/openfold/utils/tensor_utils.py:95: UserWarning: Using a non-tuple sequence for multidimensional indexing is deprecated and will be changed in pytorch 2.9; use x[tuple(seq)] instead of x[seq]. In pytorch 2.9 this will be interpreted as tensor index, x[torch.tensor(seq)], which will result either in an error or a different result (Triggered internally at /pytorch/torch/csrc/autograd/python_variable_indexing.cpp:347.)
  return data[ranges]
/home/test/Desktop/Fed-fold/openfold/data/data_transforms.py:1261: UserWarning: Using a non-tuple sequence for multidimensional indexing is deprecated and will be changed in pytorch 2.9; use x[tuple(seq)] instead of x[seq]. In pytorch 2.9 this will be interpreted as tensor index, x[torch.tensor(seq)], which will result either in an error or a different result (Triggered internally at /pytorch/torch/csrc/autograd/python_variable_indexing.cpp:347.)
  protein[k] = v[slices]
Epoch 2:  25%|██▌       | 16/64 [02:46<08:20,  0.10it/s, train/loss=20.10]Epoch 2:  25%|██▌       | 16/64 [02:46<08:20,  0.10it/s, train/loss=28.30]/home/test/Desktop/Fed-fold/openfold/utils/tensor_utils.py:95: UserWarning: Using a non-tuple sequence for multidimensional indexing is deprecated and will be changed in pytorch 2.9; use x[tuple(seq)] instead of x[seq]. In pytorch 2.9 this will be interpreted as tensor index, x[torch.tensor(seq)], which will result either in an error or a different result (Triggered internally at /pytorch/torch/csrc/autograd/python_variable_indexing.cpp:347.)
  return data[ranges]
/home/test/Desktop/Fed-fold/openfold/data/data_transforms.py:1261: UserWarning: Using a non-tuple sequence for multidimensional indexing is deprecated and will be changed in pytorch 2.9; use x[tuple(seq)] instead of x[seq]. In pytorch 2.9 this will be interpreted as tensor index, x[torch.tensor(seq)], which will result either in an error or a different result (Triggered internally at /pytorch/torch/csrc/autograd/python_variable_indexing.cpp:347.)
  protein[k] = v[slices]
Epoch 2:  27%|██▋       | 17/64 [02:59<08:15,  0.09it/s, train/loss=28.30]Epoch 2:  27%|██▋       | 17/64 [02:59<08:15,  0.09it/s, train/loss=29.90]/home/test/Desktop/Fed-fold/openfold/utils/tensor_utils.py:95: UserWarning: Using a non-tuple sequence for multidimensional indexing is deprecated and will be changed in pytorch 2.9; use x[tuple(seq)] instead of x[seq]. In pytorch 2.9 this will be interpreted as tensor index, x[torch.tensor(seq)], which will result either in an error or a different result (Triggered internally at /pytorch/torch/csrc/autograd/python_variable_indexing.cpp:347.)
  return data[ranges]
/home/test/Desktop/Fed-fold/openfold/data/data_transforms.py:1261: UserWarning: Using a non-tuple sequence for multidimensional indexing is deprecated and will be changed in pytorch 2.9; use x[tuple(seq)] instead of x[seq]. In pytorch 2.9 this will be interpreted as tensor index, x[torch.tensor(seq)], which will result either in an error or a different result (Triggered internally at /pytorch/torch/csrc/autograd/python_variable_indexing.cpp:347.)
  protein[k] = v[slices]
Epoch 2:  28%|██▊       | 18/64 [03:11<08:09,  0.09it/s, train/loss=29.90]Epoch 2:  28%|██▊       | 18/64 [03:11<08:09,  0.09it/s, train/loss=11.60]/home/test/Desktop/Fed-fold/openfold/utils/tensor_utils.py:95: UserWarning: Using a non-tuple sequence for multidimensional indexing is deprecated and will be changed in pytorch 2.9; use x[tuple(seq)] instead of x[seq]. In pytorch 2.9 this will be interpreted as tensor index, x[torch.tensor(seq)], which will result either in an error or a different result (Triggered internally at /pytorch/torch/csrc/autograd/python_variable_indexing.cpp:347.)
  return data[ranges]
/home/test/Desktop/Fed-fold/openfold/data/data_transforms.py:1261: UserWarning: Using a non-tuple sequence for multidimensional indexing is deprecated and will be changed in pytorch 2.9; use x[tuple(seq)] instead of x[seq]. In pytorch 2.9 this will be interpreted as tensor index, x[torch.tensor(seq)], which will result either in an error or a different result (Triggered internally at /pytorch/torch/csrc/autograd/python_variable_indexing.cpp:347.)
  protein[k] = v[slices]
Epoch 2:  30%|██▉       | 19/64 [03:20<07:55,  0.09it/s, train/loss=11.60]Epoch 2:  30%|██▉       | 19/64 [03:20<07:55,  0.09it/s, train/loss=26.40]/home/test/Desktop/Fed-fold/openfold/utils/tensor_utils.py:95: UserWarning: Using a non-tuple sequence for multidimensional indexing is deprecated and will be changed in pytorch 2.9; use x[tuple(seq)] instead of x[seq]. In pytorch 2.9 this will be interpreted as tensor index, x[torch.tensor(seq)], which will result either in an error or a different result (Triggered internally at /pytorch/torch/csrc/autograd/python_variable_indexing.cpp:347.)
  return data[ranges]
/home/test/Desktop/Fed-fold/openfold/data/data_transforms.py:1261: UserWarning: Using a non-tuple sequence for multidimensional indexing is deprecated and will be changed in pytorch 2.9; use x[tuple(seq)] instead of x[seq]. In pytorch 2.9 this will be interpreted as tensor index, x[torch.tensor(seq)], which will result either in an error or a different result (Triggered internally at /pytorch/torch/csrc/autograd/python_variable_indexing.cpp:347.)
  protein[k] = v[slices]
Epoch 2:  31%|███▏      | 20/64 [03:28<07:37,  0.10it/s, train/loss=26.40]Epoch 2:  31%|███▏      | 20/64 [03:28<07:37,  0.10it/s, train/loss=24.00]/home/test/Desktop/Fed-fold/openfold/utils/tensor_utils.py:95: UserWarning: Using a non-tuple sequence for multidimensional indexing is deprecated and will be changed in pytorch 2.9; use x[tuple(seq)] instead of x[seq]. In pytorch 2.9 this will be interpreted as tensor index, x[torch.tensor(seq)], which will result either in an error or a different result (Triggered internally at /pytorch/torch/csrc/autograd/python_variable_indexing.cpp:347.)
  return data[ranges]
/home/test/Desktop/Fed-fold/openfold/data/data_transforms.py:1261: UserWarning: Using a non-tuple sequence for multidimensional indexing is deprecated and will be changed in pytorch 2.9; use x[tuple(seq)] instead of x[seq]. In pytorch 2.9 this will be interpreted as tensor index, x[torch.tensor(seq)], which will result either in an error or a different result (Triggered internally at /pytorch/torch/csrc/autograd/python_variable_indexing.cpp:347.)
  protein[k] = v[slices]
Epoch 2:  33%|███▎      | 21/64 [03:37<07:24,  0.10it/s, train/loss=24.00]Epoch 2:  33%|███▎      | 21/64 [03:37<07:24,  0.10it/s, train/loss=35.40]/home/test/Desktop/Fed-fold/openfold/utils/tensor_utils.py:95: UserWarning: Using a non-tuple sequence for multidimensional indexing is deprecated and will be changed in pytorch 2.9; use x[tuple(seq)] instead of x[seq]. In pytorch 2.9 this will be interpreted as tensor index, x[torch.tensor(seq)], which will result either in an error or a different result (Triggered internally at /pytorch/torch/csrc/autograd/python_variable_indexing.cpp:347.)
  return data[ranges]
/home/test/Desktop/Fed-fold/openfold/data/data_transforms.py:1261: UserWarning: Using a non-tuple sequence for multidimensional indexing is deprecated and will be changed in pytorch 2.9; use x[tuple(seq)] instead of x[seq]. In pytorch 2.9 this will be interpreted as tensor index, x[torch.tensor(seq)], which will result either in an error or a different result (Triggered internally at /pytorch/torch/csrc/autograd/python_variable_indexing.cpp:347.)
  protein[k] = v[slices]
Epoch 2:  34%|███▍      | 22/64 [03:47<07:14,  0.10it/s, train/loss=35.40]Epoch 2:  34%|███▍      | 22/64 [03:47<07:14,  0.10it/s, train/loss=35.00]/home/test/Desktop/Fed-fold/openfold/utils/tensor_utils.py:95: UserWarning: Using a non-tuple sequence for multidimensional indexing is deprecated and will be changed in pytorch 2.9; use x[tuple(seq)] instead of x[seq]. In pytorch 2.9 this will be interpreted as tensor index, x[torch.tensor(seq)], which will result either in an error or a different result (Triggered internally at /pytorch/torch/csrc/autograd/python_variable_indexing.cpp:347.)
  return data[ranges]
/home/test/Desktop/Fed-fold/openfold/data/data_transforms.py:1261: UserWarning: Using a non-tuple sequence for multidimensional indexing is deprecated and will be changed in pytorch 2.9; use x[tuple(seq)] instead of x[seq]. In pytorch 2.9 this will be interpreted as tensor index, x[torch.tensor(seq)], which will result either in an error or a different result (Triggered internally at /pytorch/torch/csrc/autograd/python_variable_indexing.cpp:347.)
  protein[k] = v[slices]
Epoch 2:  36%|███▌      | 23/64 [03:58<07:05,  0.10it/s, train/loss=35.00]Epoch 2:  36%|███▌      | 23/64 [03:58<07:05,  0.10it/s, train/loss=34.10]/home/test/Desktop/Fed-fold/openfold/utils/tensor_utils.py:95: UserWarning: Using a non-tuple sequence for multidimensional indexing is deprecated and will be changed in pytorch 2.9; use x[tuple(seq)] instead of x[seq]. In pytorch 2.9 this will be interpreted as tensor index, x[torch.tensor(seq)], which will result either in an error or a different result (Triggered internally at /pytorch/torch/csrc/autograd/python_variable_indexing.cpp:347.)
  return data[ranges]
/home/test/Desktop/Fed-fold/openfold/data/data_transforms.py:1261: UserWarning: Using a non-tuple sequence for multidimensional indexing is deprecated and will be changed in pytorch 2.9; use x[tuple(seq)] instead of x[seq]. In pytorch 2.9 this will be interpreted as tensor index, x[torch.tensor(seq)], which will result either in an error or a different result (Triggered internally at /pytorch/torch/csrc/autograd/python_variable_indexing.cpp:347.)
  protein[k] = v[slices]
Epoch 2:  38%|███▊      | 24/64 [04:07<06:52,  0.10it/s, train/loss=34.10]Epoch 2:  38%|███▊      | 24/64 [04:07<06:52,  0.10it/s, train/loss=25.70]/home/test/Desktop/Fed-fold/openfold/utils/tensor_utils.py:95: UserWarning: Using a non-tuple sequence for multidimensional indexing is deprecated and will be changed in pytorch 2.9; use x[tuple(seq)] instead of x[seq]. In pytorch 2.9 this will be interpreted as tensor index, x[torch.tensor(seq)], which will result either in an error or a different result (Triggered internally at /pytorch/torch/csrc/autograd/python_variable_indexing.cpp:347.)
  return data[ranges]
/home/test/Desktop/Fed-fold/openfold/data/data_transforms.py:1261: UserWarning: Using a non-tuple sequence for multidimensional indexing is deprecated and will be changed in pytorch 2.9; use x[tuple(seq)] instead of x[seq]. In pytorch 2.9 this will be interpreted as tensor index, x[torch.tensor(seq)], which will result either in an error or a different result (Triggered internally at /pytorch/torch/csrc/autograd/python_variable_indexing.cpp:347.)
  protein[k] = v[slices]
Epoch 2:  39%|███▉      | 25/64 [04:15<06:37,  0.10it/s, train/loss=25.70]Epoch 2:  39%|███▉      | 25/64 [04:15<06:37,  0.10it/s, train/loss=27.40]/home/test/Desktop/Fed-fold/openfold/utils/tensor_utils.py:95: UserWarning: Using a non-tuple sequence for multidimensional indexing is deprecated and will be changed in pytorch 2.9; use x[tuple(seq)] instead of x[seq]. In pytorch 2.9 this will be interpreted as tensor index, x[torch.tensor(seq)], which will result either in an error or a different result (Triggered internally at /pytorch/torch/csrc/autograd/python_variable_indexing.cpp:347.)
  return data[ranges]
/home/test/Desktop/Fed-fold/openfold/data/data_transforms.py:1261: UserWarning: Using a non-tuple sequence for multidimensional indexing is deprecated and will be changed in pytorch 2.9; use x[tuple(seq)] instead of x[seq]. In pytorch 2.9 this will be interpreted as tensor index, x[torch.tensor(seq)], which will result either in an error or a different result (Triggered internally at /pytorch/torch/csrc/autograd/python_variable_indexing.cpp:347.)
  protein[k] = v[slices]
Epoch 2:  41%|████      | 26/64 [04:27<06:30,  0.10it/s, train/loss=27.40]Epoch 2:  41%|████      | 26/64 [04:27<06:30,  0.10it/s, train/loss=25.20]Epoch 2:  42%|████▏     | 27/64 [04:36<06:18,  0.10it/s, train/loss=25.20]Epoch 2:  42%|████▏     | 27/64 [04:36<06:18,  0.10it/s, train/loss=34.70]/home/test/Desktop/Fed-fold/openfold/utils/tensor_utils.py:95: UserWarning: Using a non-tuple sequence for multidimensional indexing is deprecated and will be changed in pytorch 2.9; use x[tuple(seq)] instead of x[seq]. In pytorch 2.9 this will be interpreted as tensor index, x[torch.tensor(seq)], which will result either in an error or a different result (Triggered internally at /pytorch/torch/csrc/autograd/python_variable_indexing.cpp:347.)
  return data[ranges]
/home/test/Desktop/Fed-fold/openfold/data/data_transforms.py:1261: UserWarning: Using a non-tuple sequence for multidimensional indexing is deprecated and will be changed in pytorch 2.9; use x[tuple(seq)] instead of x[seq]. In pytorch 2.9 this will be interpreted as tensor index, x[torch.tensor(seq)], which will result either in an error or a different result (Triggered internally at /pytorch/torch/csrc/autograd/python_variable_indexing.cpp:347.)
  protein[k] = v[slices]
Epoch 2:  44%|████▍     | 28/64 [04:47<06:09,  0.10it/s, train/loss=34.70]Epoch 2:  44%|████▍     | 28/64 [04:47<06:09,  0.10it/s, train/loss=28.50]/home/test/Desktop/Fed-fold/openfold/utils/tensor_utils.py:95: UserWarning: Using a non-tuple sequence for multidimensional indexing is deprecated and will be changed in pytorch 2.9; use x[tuple(seq)] instead of x[seq]. In pytorch 2.9 this will be interpreted as tensor index, x[torch.tensor(seq)], which will result either in an error or a different result (Triggered internally at /pytorch/torch/csrc/autograd/python_variable_indexing.cpp:347.)
  return data[ranges]
/home/test/Desktop/Fed-fold/openfold/data/data_transforms.py:1261: UserWarning: Using a non-tuple sequence for multidimensional indexing is deprecated and will be changed in pytorch 2.9; use x[tuple(seq)] instead of x[seq]. In pytorch 2.9 this will be interpreted as tensor index, x[torch.tensor(seq)], which will result either in an error or a different result (Triggered internally at /pytorch/torch/csrc/autograd/python_variable_indexing.cpp:347.)
  protein[k] = v[slices]
Epoch 2:  45%|████▌     | 29/64 [04:59<06:01,  0.10it/s, train/loss=28.50]Epoch 2:  45%|████▌     | 29/64 [04:59<06:01,  0.10it/s, train/loss=30.30]/home/test/Desktop/Fed-fold/openfold/utils/tensor_utils.py:95: UserWarning: Using a non-tuple sequence for multidimensional indexing is deprecated and will be changed in pytorch 2.9; use x[tuple(seq)] instead of x[seq]. In pytorch 2.9 this will be interpreted as tensor index, x[torch.tensor(seq)], which will result either in an error or a different result (Triggered internally at /pytorch/torch/csrc/autograd/python_variable_indexing.cpp:347.)
  return data[ranges]
/home/test/Desktop/Fed-fold/openfold/data/data_transforms.py:1261: UserWarning: Using a non-tuple sequence for multidimensional indexing is deprecated and will be changed in pytorch 2.9; use x[tuple(seq)] instead of x[seq]. In pytorch 2.9 this will be interpreted as tensor index, x[torch.tensor(seq)], which will result either in an error or a different result (Triggered internally at /pytorch/torch/csrc/autograd/python_variable_indexing.cpp:347.)
  protein[k] = v[slices]
Epoch 2:  47%|████▋     | 30/64 [05:11<05:53,  0.10it/s, train/loss=30.30]Epoch 2:  47%|████▋     | 30/64 [05:11<05:53,  0.10it/s, train/loss=37.50]/home/test/Desktop/Fed-fold/openfold/utils/tensor_utils.py:95: UserWarning: Using a non-tuple sequence for multidimensional indexing is deprecated and will be changed in pytorch 2.9; use x[tuple(seq)] instead of x[seq]. In pytorch 2.9 this will be interpreted as tensor index, x[torch.tensor(seq)], which will result either in an error or a different result (Triggered internally at /pytorch/torch/csrc/autograd/python_variable_indexing.cpp:347.)
  return data[ranges]
/home/test/Desktop/Fed-fold/openfold/data/data_transforms.py:1261: UserWarning: Using a non-tuple sequence for multidimensional indexing is deprecated and will be changed in pytorch 2.9; use x[tuple(seq)] instead of x[seq]. In pytorch 2.9 this will be interpreted as tensor index, x[torch.tensor(seq)], which will result either in an error or a different result (Triggered internally at /pytorch/torch/csrc/autograd/python_variable_indexing.cpp:347.)
  protein[k] = v[slices]
Epoch 2:  48%|████▊     | 31/64 [05:19<05:39,  0.10it/s, train/loss=37.50]Epoch 2:  48%|████▊     | 31/64 [05:19<05:39,  0.10it/s, train/loss=30.00]/home/test/Desktop/Fed-fold/openfold/utils/tensor_utils.py:95: UserWarning: Using a non-tuple sequence for multidimensional indexing is deprecated and will be changed in pytorch 2.9; use x[tuple(seq)] instead of x[seq]. In pytorch 2.9 this will be interpreted as tensor index, x[torch.tensor(seq)], which will result either in an error or a different result (Triggered internally at /pytorch/torch/csrc/autograd/python_variable_indexing.cpp:347.)
  return data[ranges]
/home/test/Desktop/Fed-fold/openfold/data/data_transforms.py:1261: UserWarning: Using a non-tuple sequence for multidimensional indexing is deprecated and will be changed in pytorch 2.9; use x[tuple(seq)] instead of x[seq]. In pytorch 2.9 this will be interpreted as tensor index, x[torch.tensor(seq)], which will result either in an error or a different result (Triggered internally at /pytorch/torch/csrc/autograd/python_variable_indexing.cpp:347.)
  protein[k] = v[slices]
Epoch 2:  50%|█████     | 32/64 [05:31<05:31,  0.10it/s, train/loss=30.00]Epoch 2:  50%|█████     | 32/64 [05:31<05:31,  0.10it/s, train/loss=27.50]Epoch 2:  52%|█████▏    | 33/64 [05:44<05:23,  0.10it/s, train/loss=27.50]Epoch 2:  52%|█████▏    | 33/64 [05:44<05:23,  0.10it/s, train/loss=18.90]Epoch 2:  53%|█████▎    | 34/64 [05:51<05:10,  0.10it/s, train/loss=18.90]Epoch 2:  53%|█████▎    | 34/64 [05:51<05:10,  0.10it/s, train/loss=29.80]Epoch 2:  55%|█████▍    | 35/64 [06:02<05:00,  0.10it/s, train/loss=29.80]Epoch 2:  55%|█████▍    | 35/64 [06:02<05:00,  0.10it/s, train/loss=9.510]Epoch 2:  56%|█████▋    | 36/64 [06:11<04:48,  0.10it/s, train/loss=9.510]Epoch 2:  56%|█████▋    | 36/64 [06:11<04:48,  0.10it/s, train/loss=24.60]Epoch 2:  58%|█████▊    | 37/64 [06:18<04:36,  0.10it/s, train/loss=24.60]Epoch 2:  58%|█████▊    | 37/64 [06:18<04:36,  0.10it/s, train/loss=37.90]Epoch 2:  59%|█████▉    | 38/64 [06:26<04:24,  0.10it/s, train/loss=37.90]Epoch 2:  59%|█████▉    | 38/64 [06:26<04:24,  0.10it/s, train/loss=29.90]Epoch 2:  61%|██████    | 39/64 [06:36<04:14,  0.10it/s, train/loss=29.90]Epoch 2:  61%|██████    | 39/64 [06:36<04:14,  0.10it/s, train/loss=22.80]Epoch 2:  62%|██████▎   | 40/64 [06:47<04:04,  0.10it/s, train/loss=22.80]Epoch 2:  62%|██████▎   | 40/64 [06:47<04:04,  0.10it/s, train/loss=16.40]Epoch 2:  64%|██████▍   | 41/64 [06:56<03:53,  0.10it/s, train/loss=16.40]Epoch 2:  64%|██████▍   | 41/64 [06:56<03:53,  0.10it/s, train/loss=30.50]Epoch 2:  66%|██████▌   | 42/64 [07:08<03:44,  0.10it/s, train/loss=30.50]Epoch 2:  66%|██████▌   | 42/64 [07:08<03:44,  0.10it/s, train/loss=27.20]Epoch 2:  67%|██████▋   | 43/64 [07:16<03:32,  0.10it/s, train/loss=27.20]Epoch 2:  67%|██████▋   | 43/64 [07:16<03:32,  0.10it/s, train/loss=20.10]Epoch 2:  69%|██████▉   | 44/64 [07:28<03:23,  0.10it/s, train/loss=20.10]Epoch 2:  69%|██████▉   | 44/64 [07:28<03:23,  0.10it/s, train/loss=18.60]Epoch 2:  70%|███████   | 45/64 [07:40<03:14,  0.10it/s, train/loss=18.60]Epoch 2:  70%|███████   | 45/64 [07:40<03:14,  0.10it/s, train/loss=33.30]Epoch 2:  72%|███████▏  | 46/64 [07:51<03:04,  0.10it/s, train/loss=33.30]Epoch 2:  72%|███████▏  | 46/64 [07:51<03:04,  0.10it/s, train/loss=19.00]Epoch 2:  73%|███████▎  | 47/64 [08:00<02:53,  0.10it/s, train/loss=19.00]Epoch 2:  73%|███████▎  | 47/64 [08:00<02:53,  0.10it/s, train/loss=29.00]Epoch 2:  75%|███████▌  | 48/64 [08:10<02:43,  0.10it/s, train/loss=29.00]Epoch 2:  75%|███████▌  | 48/64 [08:10<02:43,  0.10it/s, train/loss=17.50]Epoch 2:  77%|███████▋  | 49/64 [08:19<02:33,  0.10it/s, train/loss=17.50]Epoch 2:  77%|███████▋  | 49/64 [08:19<02:33,  0.10it/s, train/loss=33.40]Epoch 2:  78%|███████▊  | 50/64 [08:29<02:22,  0.10it/s, train/loss=33.40]Epoch 2:  78%|███████▊  | 50/64 [08:29<02:22,  0.10it/s, train/loss=17.70]Epoch 2:  80%|███████▉  | 51/64 [08:36<02:11,  0.10it/s, train/loss=17.70]Epoch 2:  80%|███████▉  | 51/64 [08:36<02:11,  0.10it/s, train/loss=31.00]Epoch 2:  81%|████████▏ | 52/64 [08:48<02:02,  0.10it/s, train/loss=31.00]Epoch 2:  81%|████████▏ | 52/64 [08:48<02:02,  0.10it/s, train/loss=44.30]Epoch 2:  83%|████████▎ | 53/64 [08:57<01:51,  0.10it/s, train/loss=44.30]Epoch 2:  83%|████████▎ | 53/64 [08:57<01:51,  0.10it/s, train/loss=24.80]Epoch 2:  84%|████████▍ | 54/64 [09:08<01:41,  0.10it/s, train/loss=24.80]Epoch 2:  84%|████████▍ | 54/64 [09:08<01:41,  0.10it/s, train/loss=18.80]Epoch 2:  86%|████████▌ | 55/64 [09:17<01:31,  0.10it/s, train/loss=18.80]Epoch 2:  86%|████████▌ | 55/64 [09:17<01:31,  0.10it/s, train/loss=26.60]Epoch 2:  88%|████████▊ | 56/64 [09:26<01:20,  0.10it/s, train/loss=26.60]Epoch 2:  88%|████████▊ | 56/64 [09:26<01:20,  0.10it/s, train/loss=21.10]Epoch 2:  89%|████████▉ | 57/64 [09:35<01:10,  0.10it/s, train/loss=21.10]Epoch 2:  89%|████████▉ | 57/64 [09:35<01:10,  0.10it/s, train/loss=35.80]Epoch 2:  91%|█████████ | 58/64 [09:44<01:00,  0.10it/s, train/loss=35.80]Epoch 2:  91%|█████████ | 58/64 [09:44<01:00,  0.10it/s, train/loss=35.70]Epoch 2:  92%|█████████▏| 59/64 [09:55<00:50,  0.10it/s, train/loss=35.70]Epoch 2:  92%|█████████▏| 59/64 [09:55<00:50,  0.10it/s, train/loss=23.40]Epoch 2:  94%|█████████▍| 60/64 [10:05<00:40,  0.10it/s, train/loss=23.40]Epoch 2:  94%|█████████▍| 60/64 [10:05<00:40,  0.10it/s, train/loss=32.80]Epoch 2:  95%|█████████▌| 61/64 [10:14<00:30,  0.10it/s, train/loss=32.80]Epoch 2:  95%|█████████▌| 61/64 [10:14<00:30,  0.10it/s, train/loss=31.50]Epoch 2:  97%|█████████▋| 62/64 [10:25<00:20,  0.10it/s, train/loss=31.50]Epoch 2:  97%|█████████▋| 62/64 [10:25<00:20,  0.10it/s, train/loss=33.70]Epoch 2:  98%|█████████▊| 63/64 [10:32<00:10,  0.10it/s, train/loss=33.70]Epoch 2:  98%|█████████▊| 63/64 [10:32<00:10,  0.10it/s, train/loss=36.70]Epoch 2: 100%|██████████| 64/64 [10:40<00:00,  0.10it/s, train/loss=36.70]Epoch 2: 100%|██████████| 64/64 [10:40<00:00,  0.10it/s, train/loss=46.80]Epoch 2: 100%|██████████| 64/64 [10:40<00:00,  0.10it/s, train/loss=46.80]Epoch 2:   0%|          | 0/64 [00:00<?, ?it/s, train/loss=46.80]         Epoch 3:   0%|          | 0/64 [00:00<?, ?it/s, train/loss=46.80]/home/test/Desktop/Fed-fold/openfold/utils/tensor_utils.py:95: UserWarning: Using a non-tuple sequence for multidimensional indexing is deprecated and will be changed in pytorch 2.9; use x[tuple(seq)] instead of x[seq]. In pytorch 2.9 this will be interpreted as tensor index, x[torch.tensor(seq)], which will result either in an error or a different result (Triggered internally at /pytorch/torch/csrc/autograd/python_variable_indexing.cpp:347.)
  return data[ranges]
/home/test/Desktop/Fed-fold/openfold/data/data_transforms.py:1261: UserWarning: Using a non-tuple sequence for multidimensional indexing is deprecated and will be changed in pytorch 2.9; use x[tuple(seq)] instead of x[seq]. In pytorch 2.9 this will be interpreted as tensor index, x[torch.tensor(seq)], which will result either in an error or a different result (Triggered internally at /pytorch/torch/csrc/autograd/python_variable_indexing.cpp:347.)
  protein[k] = v[slices]
/home/test/Desktop/Fed-fold/openfold/utils/tensor_utils.py:95: UserWarning: Using a non-tuple sequence for multidimensional indexing is deprecated and will be changed in pytorch 2.9; use x[tuple(seq)] instead of x[seq]. In pytorch 2.9 this will be interpreted as tensor index, x[torch.tensor(seq)], which will result either in an error or a different result (Triggered internally at /pytorch/torch/csrc/autograd/python_variable_indexing.cpp:347.)
  return data[ranges]
/home/test/Desktop/Fed-fold/openfold/data/data_transforms.py:1261: UserWarning: Using a non-tuple sequence for multidimensional indexing is deprecated and will be changed in pytorch 2.9; use x[tuple(seq)] instead of x[seq]. In pytorch 2.9 this will be interpreted as tensor index, x[torch.tensor(seq)], which will result either in an error or a different result (Triggered internally at /pytorch/torch/csrc/autograd/python_variable_indexing.cpp:347.)
  protein[k] = v[slices]
/home/test/Desktop/Fed-fold/openfold/utils/tensor_utils.py:95: UserWarning: Using a non-tuple sequence for multidimensional indexing is deprecated and will be changed in pytorch 2.9; use x[tuple(seq)] instead of x[seq]. In pytorch 2.9 this will be interpreted as tensor index, x[torch.tensor(seq)], which will result either in an error or a different result (Triggered internally at /pytorch/torch/csrc/autograd/python_variable_indexing.cpp:347.)
  return data[ranges]
/home/test/Desktop/Fed-fold/openfold/data/data_transforms.py:1261: UserWarning: Using a non-tuple sequence for multidimensional indexing is deprecated and will be changed in pytorch 2.9; use x[tuple(seq)] instead of x[seq]. In pytorch 2.9 this will be interpreted as tensor index, x[torch.tensor(seq)], which will result either in an error or a different result (Triggered internally at /pytorch/torch/csrc/autograd/python_variable_indexing.cpp:347.)
  protein[k] = v[slices]
/home/test/Desktop/Fed-fold/openfold/utils/tensor_utils.py:95: UserWarning: Using a non-tuple sequence for multidimensional indexing is deprecated and will be changed in pytorch 2.9; use x[tuple(seq)] instead of x[seq]. In pytorch 2.9 this will be interpreted as tensor index, x[torch.tensor(seq)], which will result either in an error or a different result (Triggered internally at /pytorch/torch/csrc/autograd/python_variable_indexing.cpp:347.)
  return data[ranges]
/home/test/Desktop/Fed-fold/openfold/data/data_transforms.py:1261: UserWarning: Using a non-tuple sequence for multidimensional indexing is deprecated and will be changed in pytorch 2.9; use x[tuple(seq)] instead of x[seq]. In pytorch 2.9 this will be interpreted as tensor index, x[torch.tensor(seq)], which will result either in an error or a different result (Triggered internally at /pytorch/torch/csrc/autograd/python_variable_indexing.cpp:347.)
  protein[k] = v[slices]
/home/test/Desktop/Fed-fold/openfold/utils/tensor_utils.py:95: UserWarning: Using a non-tuple sequence for multidimensional indexing is deprecated and will be changed in pytorch 2.9; use x[tuple(seq)] instead of x[seq]. In pytorch 2.9 this will be interpreted as tensor index, x[torch.tensor(seq)], which will result either in an error or a different result (Triggered internally at /pytorch/torch/csrc/autograd/python_variable_indexing.cpp:347.)
  return data[ranges]
/home/test/Desktop/Fed-fold/openfold/utils/tensor_utils.py:95: UserWarning: Using a non-tuple sequence for multidimensional indexing is deprecated and will be changed in pytorch 2.9; use x[tuple(seq)] instead of x[seq]. In pytorch 2.9 this will be interpreted as tensor index, x[torch.tensor(seq)], which will result either in an error or a different result (Triggered internally at /pytorch/torch/csrc/autograd/python_variable_indexing.cpp:347.)
  return data[ranges]
/home/test/Desktop/Fed-fold/openfold/data/data_transforms.py:1261: UserWarning: Using a non-tuple sequence for multidimensional indexing is deprecated and will be changed in pytorch 2.9; use x[tuple(seq)] instead of x[seq]. In pytorch 2.9 this will be interpreted as tensor index, x[torch.tensor(seq)], which will result either in an error or a different result (Triggered internally at /pytorch/torch/csrc/autograd/python_variable_indexing.cpp:347.)
  protein[k] = v[slices]
/home/test/Desktop/Fed-fold/openfold/utils/tensor_utils.py:95: UserWarning: Using a non-tuple sequence for multidimensional indexing is deprecated and will be changed in pytorch 2.9; use x[tuple(seq)] instead of x[seq]. In pytorch 2.9 this will be interpreted as tensor index, x[torch.tensor(seq)], which will result either in an error or a different result (Triggered internally at /pytorch/torch/csrc/autograd/python_variable_indexing.cpp:347.)
  return data[ranges]
/home/test/Desktop/Fed-fold/openfold/data/data_transforms.py:1261: UserWarning: Using a non-tuple sequence for multidimensional indexing is deprecated and will be changed in pytorch 2.9; use x[tuple(seq)] instead of x[seq]. In pytorch 2.9 this will be interpreted as tensor index, x[torch.tensor(seq)], which will result either in an error or a different result (Triggered internally at /pytorch/torch/csrc/autograd/python_variable_indexing.cpp:347.)
  protein[k] = v[slices]
/home/test/Desktop/Fed-fold/openfold/utils/tensor_utils.py:95: UserWarning: Using a non-tuple sequence for multidimensional indexing is deprecated and will be changed in pytorch 2.9; use x[tuple(seq)] instead of x[seq]. In pytorch 2.9 this will be interpreted as tensor index, x[torch.tensor(seq)], which will result either in an error or a different result (Triggered internally at /pytorch/torch/csrc/autograd/python_variable_indexing.cpp:347.)
  return data[ranges]
/home/test/Desktop/Fed-fold/openfold/data/data_transforms.py:1261: UserWarning: Using a non-tuple sequence for multidimensional indexing is deprecated and will be changed in pytorch 2.9; use x[tuple(seq)] instead of x[seq]. In pytorch 2.9 this will be interpreted as tensor index, x[torch.tensor(seq)], which will result either in an error or a different result (Triggered internally at /pytorch/torch/csrc/autograd/python_variable_indexing.cpp:347.)
  protein[k] = v[slices]
/home/test/Desktop/Fed-fold/openfold/data/data_transforms.py:1261: UserWarning: Using a non-tuple sequence for multidimensional indexing is deprecated and will be changed in pytorch 2.9; use x[tuple(seq)] instead of x[seq]. In pytorch 2.9 this will be interpreted as tensor index, x[torch.tensor(seq)], which will result either in an error or a different result (Triggered internally at /pytorch/torch/csrc/autograd/python_variable_indexing.cpp:347.)
  protein[k] = v[slices]
/home/test/Desktop/Fed-fold/openfold/utils/tensor_utils.py:95: UserWarning: Using a non-tuple sequence for multidimensional indexing is deprecated and will be changed in pytorch 2.9; use x[tuple(seq)] instead of x[seq]. In pytorch 2.9 this will be interpreted as tensor index, x[torch.tensor(seq)], which will result either in an error or a different result (Triggered internally at /pytorch/torch/csrc/autograd/python_variable_indexing.cpp:347.)
  return data[ranges]
/home/test/Desktop/Fed-fold/openfold/utils/tensor_utils.py:95: UserWarning: Using a non-tuple sequence for multidimensional indexing is deprecated and will be changed in pytorch 2.9; use x[tuple(seq)] instead of x[seq]. In pytorch 2.9 this will be interpreted as tensor index, x[torch.tensor(seq)], which will result either in an error or a different result (Triggered internally at /pytorch/torch/csrc/autograd/python_variable_indexing.cpp:347.)
  return data[ranges]
/home/test/Desktop/Fed-fold/openfold/data/data_transforms.py:1261: UserWarning: Using a non-tuple sequence for multidimensional indexing is deprecated and will be changed in pytorch 2.9; use x[tuple(seq)] instead of x[seq]. In pytorch 2.9 this will be interpreted as tensor index, x[torch.tensor(seq)], which will result either in an error or a different result (Triggered internally at /pytorch/torch/csrc/autograd/python_variable_indexing.cpp:347.)
  protein[k] = v[slices]
/home/test/Desktop/Fed-fold/openfold/data/data_transforms.py:1261: UserWarning: Using a non-tuple sequence for multidimensional indexing is deprecated and will be changed in pytorch 2.9; use x[tuple(seq)] instead of x[seq]. In pytorch 2.9 this will be interpreted as tensor index, x[torch.tensor(seq)], which will result either in an error or a different result (Triggered internally at /pytorch/torch/csrc/autograd/python_variable_indexing.cpp:347.)
  protein[k] = v[slices]
/home/test/Desktop/Fed-fold/openfold/utils/tensor_utils.py:95: UserWarning: Using a non-tuple sequence for multidimensional indexing is deprecated and will be changed in pytorch 2.9; use x[tuple(seq)] instead of x[seq]. In pytorch 2.9 this will be interpreted as tensor index, x[torch.tensor(seq)], which will result either in an error or a different result (Triggered internally at /pytorch/torch/csrc/autograd/python_variable_indexing.cpp:347.)
  return data[ranges]
/home/test/Desktop/Fed-fold/openfold/data/data_transforms.py:1261: UserWarning: Using a non-tuple sequence for multidimensional indexing is deprecated and will be changed in pytorch 2.9; use x[tuple(seq)] instead of x[seq]. In pytorch 2.9 this will be interpreted as tensor index, x[torch.tensor(seq)], which will result either in an error or a different result (Triggered internally at /pytorch/torch/csrc/autograd/python_variable_indexing.cpp:347.)
  protein[k] = v[slices]
/home/test/Desktop/Fed-fold/openfold/utils/tensor_utils.py:95: UserWarning: Using a non-tuple sequence for multidimensional indexing is deprecated and will be changed in pytorch 2.9; use x[tuple(seq)] instead of x[seq]. In pytorch 2.9 this will be interpreted as tensor index, x[torch.tensor(seq)], which will result either in an error or a different result (Triggered internally at /pytorch/torch/csrc/autograd/python_variable_indexing.cpp:347.)
  return data[ranges]
/home/test/Desktop/Fed-fold/openfold/utils/tensor_utils.py:95: UserWarning: Using a non-tuple sequence for multidimensional indexing is deprecated and will be changed in pytorch 2.9; use x[tuple(seq)] instead of x[seq]. In pytorch 2.9 this will be interpreted as tensor index, x[torch.tensor(seq)], which will result either in an error or a different result (Triggered internally at /pytorch/torch/csrc/autograd/python_variable_indexing.cpp:347.)
  return data[ranges]
/home/test/Desktop/Fed-fold/openfold/utils/tensor_utils.py:95: UserWarning: Using a non-tuple sequence for multidimensional indexing is deprecated and will be changed in pytorch 2.9; use x[tuple(seq)] instead of x[seq]. In pytorch 2.9 this will be interpreted as tensor index, x[torch.tensor(seq)], which will result either in an error or a different result (Triggered internally at /pytorch/torch/csrc/autograd/python_variable_indexing.cpp:347.)
  return data[ranges]
/home/test/Desktop/Fed-fold/openfold/data/data_transforms.py:1261: UserWarning: Using a non-tuple sequence for multidimensional indexing is deprecated and will be changed in pytorch 2.9; use x[tuple(seq)] instead of x[seq]. In pytorch 2.9 this will be interpreted as tensor index, x[torch.tensor(seq)], which will result either in an error or a different result (Triggered internally at /pytorch/torch/csrc/autograd/python_variable_indexing.cpp:347.)
  protein[k] = v[slices]
/home/test/Desktop/Fed-fold/openfold/data/data_transforms.py:1261: UserWarning: Using a non-tuple sequence for multidimensional indexing is deprecated and will be changed in pytorch 2.9; use x[tuple(seq)] instead of x[seq]. In pytorch 2.9 this will be interpreted as tensor index, x[torch.tensor(seq)], which will result either in an error or a different result (Triggered internally at /pytorch/torch/csrc/autograd/python_variable_indexing.cpp:347.)
  protein[k] = v[slices]
/home/test/Desktop/Fed-fold/openfold/data/data_transforms.py:1261: UserWarning: Using a non-tuple sequence for multidimensional indexing is deprecated and will be changed in pytorch 2.9; use x[tuple(seq)] instead of x[seq]. In pytorch 2.9 this will be interpreted as tensor index, x[torch.tensor(seq)], which will result either in an error or a different result (Triggered internally at /pytorch/torch/csrc/autograd/python_variable_indexing.cpp:347.)
  protein[k] = v[slices]
/home/test/Desktop/Fed-fold/openfold/utils/tensor_utils.py:95: UserWarning: Using a non-tuple sequence for multidimensional indexing is deprecated and will be changed in pytorch 2.9; use x[tuple(seq)] instead of x[seq]. In pytorch 2.9 this will be interpreted as tensor index, x[torch.tensor(seq)], which will result either in an error or a different result (Triggered internally at /pytorch/torch/csrc/autograd/python_variable_indexing.cpp:347.)
  return data[ranges]
/home/test/Desktop/Fed-fold/openfold/data/data_transforms.py:1261: UserWarning: Using a non-tuple sequence for multidimensional indexing is deprecated and will be changed in pytorch 2.9; use x[tuple(seq)] instead of x[seq]. In pytorch 2.9 this will be interpreted as tensor index, x[torch.tensor(seq)], which will result either in an error or a different result (Triggered internally at /pytorch/torch/csrc/autograd/python_variable_indexing.cpp:347.)
  protein[k] = v[slices]
/home/test/Desktop/Fed-fold/openfold/utils/tensor_utils.py:95: UserWarning: Using a non-tuple sequence for multidimensional indexing is deprecated and will be changed in pytorch 2.9; use x[tuple(seq)] instead of x[seq]. In pytorch 2.9 this will be interpreted as tensor index, x[torch.tensor(seq)], which will result either in an error or a different result (Triggered internally at /pytorch/torch/csrc/autograd/python_variable_indexing.cpp:347.)
  return data[ranges]
/home/test/Desktop/Fed-fold/openfold/data/data_transforms.py:1261: UserWarning: Using a non-tuple sequence for multidimensional indexing is deprecated and will be changed in pytorch 2.9; use x[tuple(seq)] instead of x[seq]. In pytorch 2.9 this will be interpreted as tensor index, x[torch.tensor(seq)], which will result either in an error or a different result (Triggered internally at /pytorch/torch/csrc/autograd/python_variable_indexing.cpp:347.)
  protein[k] = v[slices]
/home/test/Desktop/Fed-fold/openfold/utils/tensor_utils.py:95: UserWarning: Using a non-tuple sequence for multidimensional indexing is deprecated and will be changed in pytorch 2.9; use x[tuple(seq)] instead of x[seq]. In pytorch 2.9 this will be interpreted as tensor index, x[torch.tensor(seq)], which will result either in an error or a different result (Triggered internally at /pytorch/torch/csrc/autograd/python_variable_indexing.cpp:347.)
  return data[ranges]
/home/test/Desktop/Fed-fold/openfold/data/data_transforms.py:1261: UserWarning: Using a non-tuple sequence for multidimensional indexing is deprecated and will be changed in pytorch 2.9; use x[tuple(seq)] instead of x[seq]. In pytorch 2.9 this will be interpreted as tensor index, x[torch.tensor(seq)], which will result either in an error or a different result (Triggered internally at /pytorch/torch/csrc/autograd/python_variable_indexing.cpp:347.)
  protein[k] = v[slices]
/home/test/Desktop/Fed-fold/openfold/utils/tensor_utils.py:95: UserWarning: Using a non-tuple sequence for multidimensional indexing is deprecated and will be changed in pytorch 2.9; use x[tuple(seq)] instead of x[seq]. In pytorch 2.9 this will be interpreted as tensor index, x[torch.tensor(seq)], which will result either in an error or a different result (Triggered internally at /pytorch/torch/csrc/autograd/python_variable_indexing.cpp:347.)
  return data[ranges]
/home/test/Desktop/Fed-fold/openfold/utils/tensor_utils.py:95: UserWarning: Using a non-tuple sequence for multidimensional indexing is deprecated and will be changed in pytorch 2.9; use x[tuple(seq)] instead of x[seq]. In pytorch 2.9 this will be interpreted as tensor index, x[torch.tensor(seq)], which will result either in an error or a different result (Triggered internally at /pytorch/torch/csrc/autograd/python_variable_indexing.cpp:347.)
  return data[ranges]
/home/test/Desktop/Fed-fold/openfold/data/data_transforms.py:1261: UserWarning: Using a non-tuple sequence for multidimensional indexing is deprecated and will be changed in pytorch 2.9; use x[tuple(seq)] instead of x[seq]. In pytorch 2.9 this will be interpreted as tensor index, x[torch.tensor(seq)], which will result either in an error or a different result (Triggered internally at /pytorch/torch/csrc/autograd/python_variable_indexing.cpp:347.)
  protein[k] = v[slices]
/home/test/Desktop/Fed-fold/openfold/data/data_transforms.py:1261: UserWarning: Using a non-tuple sequence for multidimensional indexing is deprecated and will be changed in pytorch 2.9; use x[tuple(seq)] instead of x[seq]. In pytorch 2.9 this will be interpreted as tensor index, x[torch.tensor(seq)], which will result either in an error or a different result (Triggered internally at /pytorch/torch/csrc/autograd/python_variable_indexing.cpp:347.)
  protein[k] = v[slices]
/home/test/Desktop/Fed-fold/openfold/utils/tensor_utils.py:95: UserWarning: Using a non-tuple sequence for multidimensional indexing is deprecated and will be changed in pytorch 2.9; use x[tuple(seq)] instead of x[seq]. In pytorch 2.9 this will be interpreted as tensor index, x[torch.tensor(seq)], which will result either in an error or a different result (Triggered internally at /pytorch/torch/csrc/autograd/python_variable_indexing.cpp:347.)
  return data[ranges]
/home/test/Desktop/Fed-fold/openfold/utils/tensor_utils.py:95: UserWarning: Using a non-tuple sequence for multidimensional indexing is deprecated and will be changed in pytorch 2.9; use x[tuple(seq)] instead of x[seq]. In pytorch 2.9 this will be interpreted as tensor index, x[torch.tensor(seq)], which will result either in an error or a different result (Triggered internally at /pytorch/torch/csrc/autograd/python_variable_indexing.cpp:347.)
  return data[ranges]
/home/test/Desktop/Fed-fold/openfold/utils/tensor_utils.py:95: UserWarning: Using a non-tuple sequence for multidimensional indexing is deprecated and will be changed in pytorch 2.9; use x[tuple(seq)] instead of x[seq]. In pytorch 2.9 this will be interpreted as tensor index, x[torch.tensor(seq)], which will result either in an error or a different result (Triggered internally at /pytorch/torch/csrc/autograd/python_variable_indexing.cpp:347.)
  return data[ranges]
/home/test/Desktop/Fed-fold/openfold/data/data_transforms.py:1261: UserWarning: Using a non-tuple sequence for multidimensional indexing is deprecated and will be changed in pytorch 2.9; use x[tuple(seq)] instead of x[seq]. In pytorch 2.9 this will be interpreted as tensor index, x[torch.tensor(seq)], which will result either in an error or a different result (Triggered internally at /pytorch/torch/csrc/autograd/python_variable_indexing.cpp:347.)
  protein[k] = v[slices]
/home/test/Desktop/Fed-fold/openfold/data/data_transforms.py:1261: UserWarning: Using a non-tuple sequence for multidimensional indexing is deprecated and will be changed in pytorch 2.9; use x[tuple(seq)] instead of x[seq]. In pytorch 2.9 this will be interpreted as tensor index, x[torch.tensor(seq)], which will result either in an error or a different result (Triggered internally at /pytorch/torch/csrc/autograd/python_variable_indexing.cpp:347.)
  protein[k] = v[slices]
/home/test/Desktop/Fed-fold/openfold/data/data_transforms.py:1261: UserWarning: Using a non-tuple sequence for multidimensional indexing is deprecated and will be changed in pytorch 2.9; use x[tuple(seq)] instead of x[seq]. In pytorch 2.9 this will be interpreted as tensor index, x[torch.tensor(seq)], which will result either in an error or a different result (Triggered internally at /pytorch/torch/csrc/autograd/python_variable_indexing.cpp:347.)
  protein[k] = v[slices]
/home/test/Desktop/Fed-fold/openfold/utils/tensor_utils.py:95: UserWarning: Using a non-tuple sequence for multidimensional indexing is deprecated and will be changed in pytorch 2.9; use x[tuple(seq)] instead of x[seq]. In pytorch 2.9 this will be interpreted as tensor index, x[torch.tensor(seq)], which will result either in an error or a different result (Triggered internally at /pytorch/torch/csrc/autograd/python_variable_indexing.cpp:347.)
  return data[ranges]
/home/test/Desktop/Fed-fold/openfold/data/data_transforms.py:1261: UserWarning: Using a non-tuple sequence for multidimensional indexing is deprecated and will be changed in pytorch 2.9; use x[tuple(seq)] instead of x[seq]. In pytorch 2.9 this will be interpreted as tensor index, x[torch.tensor(seq)], which will result either in an error or a different result (Triggered internally at /pytorch/torch/csrc/autograd/python_variable_indexing.cpp:347.)
  protein[k] = v[slices]
/home/test/Desktop/Fed-fold/openfold/utils/tensor_utils.py:95: UserWarning: Using a non-tuple sequence for multidimensional indexing is deprecated and will be changed in pytorch 2.9; use x[tuple(seq)] instead of x[seq]. In pytorch 2.9 this will be interpreted as tensor index, x[torch.tensor(seq)], which will result either in an error or a different result (Triggered internally at /pytorch/torch/csrc/autograd/python_variable_indexing.cpp:347.)
  return data[ranges]
/home/test/Desktop/Fed-fold/openfold/data/data_transforms.py:1261: UserWarning: Using a non-tuple sequence for multidimensional indexing is deprecated and will be changed in pytorch 2.9; use x[tuple(seq)] instead of x[seq]. In pytorch 2.9 this will be interpreted as tensor index, x[torch.tensor(seq)], which will result either in an error or a different result (Triggered internally at /pytorch/torch/csrc/autograd/python_variable_indexing.cpp:347.)
  protein[k] = v[slices]
/home/test/Desktop/Fed-fold/openfold/utils/tensor_utils.py:95: UserWarning: Using a non-tuple sequence for multidimensional indexing is deprecated and will be changed in pytorch 2.9; use x[tuple(seq)] instead of x[seq]. In pytorch 2.9 this will be interpreted as tensor index, x[torch.tensor(seq)], which will result either in an error or a different result (Triggered internally at /pytorch/torch/csrc/autograd/python_variable_indexing.cpp:347.)
  return data[ranges]
/home/test/Desktop/Fed-fold/openfold/data/data_transforms.py:1261: UserWarning: Using a non-tuple sequence for multidimensional indexing is deprecated and will be changed in pytorch 2.9; use x[tuple(seq)] instead of x[seq]. In pytorch 2.9 this will be interpreted as tensor index, x[torch.tensor(seq)], which will result either in an error or a different result (Triggered internally at /pytorch/torch/csrc/autograd/python_variable_indexing.cpp:347.)
  protein[k] = v[slices]
/home/test/Desktop/Fed-fold/openfold/utils/tensor_utils.py:95: UserWarning: Using a non-tuple sequence for multidimensional indexing is deprecated and will be changed in pytorch 2.9; use x[tuple(seq)] instead of x[seq]. In pytorch 2.9 this will be interpreted as tensor index, x[torch.tensor(seq)], which will result either in an error or a different result (Triggered internally at /pytorch/torch/csrc/autograd/python_variable_indexing.cpp:347.)
  return data[ranges]
/home/test/Desktop/Fed-fold/openfold/data/data_transforms.py:1261: UserWarning: Using a non-tuple sequence for multidimensional indexing is deprecated and will be changed in pytorch 2.9; use x[tuple(seq)] instead of x[seq]. In pytorch 2.9 this will be interpreted as tensor index, x[torch.tensor(seq)], which will result either in an error or a different result (Triggered internally at /pytorch/torch/csrc/autograd/python_variable_indexing.cpp:347.)
  protein[k] = v[slices]
/home/test/Desktop/Fed-fold/openfold/utils/tensor_utils.py:95: UserWarning: Using a non-tuple sequence for multidimensional indexing is deprecated and will be changed in pytorch 2.9; use x[tuple(seq)] instead of x[seq]. In pytorch 2.9 this will be interpreted as tensor index, x[torch.tensor(seq)], which will result either in an error or a different result (Triggered internally at /pytorch/torch/csrc/autograd/python_variable_indexing.cpp:347.)
  return data[ranges]
/home/test/Desktop/Fed-fold/openfold/data/data_transforms.py:1261: UserWarning: Using a non-tuple sequence for multidimensional indexing is deprecated and will be changed in pytorch 2.9; use x[tuple(seq)] instead of x[seq]. In pytorch 2.9 this will be interpreted as tensor index, x[torch.tensor(seq)], which will result either in an error or a different result (Triggered internally at /pytorch/torch/csrc/autograd/python_variable_indexing.cpp:347.)
  protein[k] = v[slices]
/home/test/Desktop/Fed-fold/openfold/utils/tensor_utils.py:95: UserWarning: Using a non-tuple sequence for multidimensional indexing is deprecated and will be changed in pytorch 2.9; use x[tuple(seq)] instead of x[seq]. In pytorch 2.9 this will be interpreted as tensor index, x[torch.tensor(seq)], which will result either in an error or a different result (Triggered internally at /pytorch/torch/csrc/autograd/python_variable_indexing.cpp:347.)
  return data[ranges]
/home/test/Desktop/Fed-fold/openfold/data/data_transforms.py:1261: UserWarning: Using a non-tuple sequence for multidimensional indexing is deprecated and will be changed in pytorch 2.9; use x[tuple(seq)] instead of x[seq]. In pytorch 2.9 this will be interpreted as tensor index, x[torch.tensor(seq)], which will result either in an error or a different result (Triggered internally at /pytorch/torch/csrc/autograd/python_variable_indexing.cpp:347.)
  protein[k] = v[slices]
/home/test/Desktop/Fed-fold/openfold/utils/tensor_utils.py:95: UserWarning: Using a non-tuple sequence for multidimensional indexing is deprecated and will be changed in pytorch 2.9; use x[tuple(seq)] instead of x[seq]. In pytorch 2.9 this will be interpreted as tensor index, x[torch.tensor(seq)], which will result either in an error or a different result (Triggered internally at /pytorch/torch/csrc/autograd/python_variable_indexing.cpp:347.)
  return data[ranges]
/home/test/Desktop/Fed-fold/openfold/data/data_transforms.py:1261: UserWarning: Using a non-tuple sequence for multidimensional indexing is deprecated and will be changed in pytorch 2.9; use x[tuple(seq)] instead of x[seq]. In pytorch 2.9 this will be interpreted as tensor index, x[torch.tensor(seq)], which will result either in an error or a different result (Triggered internally at /pytorch/torch/csrc/autograd/python_variable_indexing.cpp:347.)
  protein[k] = v[slices]
/home/test/Desktop/Fed-fold/openfold/utils/tensor_utils.py:95: UserWarning: Using a non-tuple sequence for multidimensional indexing is deprecated and will be changed in pytorch 2.9; use x[tuple(seq)] instead of x[seq]. In pytorch 2.9 this will be interpreted as tensor index, x[torch.tensor(seq)], which will result either in an error or a different result (Triggered internally at /pytorch/torch/csrc/autograd/python_variable_indexing.cpp:347.)
  return data[ranges]
/home/test/Desktop/Fed-fold/openfold/data/data_transforms.py:1261: UserWarning: Using a non-tuple sequence for multidimensional indexing is deprecated and will be changed in pytorch 2.9; use x[tuple(seq)] instead of x[seq]. In pytorch 2.9 this will be interpreted as tensor index, x[torch.tensor(seq)], which will result either in an error or a different result (Triggered internally at /pytorch/torch/csrc/autograd/python_variable_indexing.cpp:347.)
  protein[k] = v[slices]
/home/test/Desktop/Fed-fold/openfold/utils/tensor_utils.py:95: UserWarning: Using a non-tuple sequence for multidimensional indexing is deprecated and will be changed in pytorch 2.9; use x[tuple(seq)] instead of x[seq]. In pytorch 2.9 this will be interpreted as tensor index, x[torch.tensor(seq)], which will result either in an error or a different result (Triggered internally at /pytorch/torch/csrc/autograd/python_variable_indexing.cpp:347.)
  return data[ranges]
/home/test/Desktop/Fed-fold/openfold/utils/tensor_utils.py:95: UserWarning: Using a non-tuple sequence for multidimensional indexing is deprecated and will be changed in pytorch 2.9; use x[tuple(seq)] instead of x[seq]. In pytorch 2.9 this will be interpreted as tensor index, x[torch.tensor(seq)], which will result either in an error or a different result (Triggered internally at /pytorch/torch/csrc/autograd/python_variable_indexing.cpp:347.)
  return data[ranges]
/home/test/Desktop/Fed-fold/openfold/utils/tensor_utils.py:95: UserWarning: Using a non-tuple sequence for multidimensional indexing is deprecated and will be changed in pytorch 2.9; use x[tuple(seq)] instead of x[seq]. In pytorch 2.9 this will be interpreted as tensor index, x[torch.tensor(seq)], which will result either in an error or a different result (Triggered internally at /pytorch/torch/csrc/autograd/python_variable_indexing.cpp:347.)
  return data[ranges]
/home/test/Desktop/Fed-fold/openfold/data/data_transforms.py:1261: UserWarning: Using a non-tuple sequence for multidimensional indexing is deprecated and will be changed in pytorch 2.9; use x[tuple(seq)] instead of x[seq]. In pytorch 2.9 this will be interpreted as tensor index, x[torch.tensor(seq)], which will result either in an error or a different result (Triggered internally at /pytorch/torch/csrc/autograd/python_variable_indexing.cpp:347.)
  protein[k] = v[slices]
/home/test/Desktop/Fed-fold/openfold/utils/tensor_utils.py:95: UserWarning: Using a non-tuple sequence for multidimensional indexing is deprecated and will be changed in pytorch 2.9; use x[tuple(seq)] instead of x[seq]. In pytorch 2.9 this will be interpreted as tensor index, x[torch.tensor(seq)], which will result either in an error or a different result (Triggered internally at /pytorch/torch/csrc/autograd/python_variable_indexing.cpp:347.)
  return data[ranges]
/home/test/Desktop/Fed-fold/openfold/data/data_transforms.py:1261: UserWarning: Using a non-tuple sequence for multidimensional indexing is deprecated and will be changed in pytorch 2.9; use x[tuple(seq)] instead of x[seq]. In pytorch 2.9 this will be interpreted as tensor index, x[torch.tensor(seq)], which will result either in an error or a different result (Triggered internally at /pytorch/torch/csrc/autograd/python_variable_indexing.cpp:347.)
  protein[k] = v[slices]
/home/test/Desktop/Fed-fold/openfold/utils/tensor_utils.py:95: UserWarning: Using a non-tuple sequence for multidimensional indexing is deprecated and will be changed in pytorch 2.9; use x[tuple(seq)] instead of x[seq]. In pytorch 2.9 this will be interpreted as tensor index, x[torch.tensor(seq)], which will result either in an error or a different result (Triggered internally at /pytorch/torch/csrc/autograd/python_variable_indexing.cpp:347.)
  return data[ranges]
/home/test/Desktop/Fed-fold/openfold/data/data_transforms.py:1261: UserWarning: Using a non-tuple sequence for multidimensional indexing is deprecated and will be changed in pytorch 2.9; use x[tuple(seq)] instead of x[seq]. In pytorch 2.9 this will be interpreted as tensor index, x[torch.tensor(seq)], which will result either in an error or a different result (Triggered internally at /pytorch/torch/csrc/autograd/python_variable_indexing.cpp:347.)
  protein[k] = v[slices]
/home/test/Desktop/Fed-fold/openfold/data/data_transforms.py:1261: UserWarning: Using a non-tuple sequence for multidimensional indexing is deprecated and will be changed in pytorch 2.9; use x[tuple(seq)] instead of x[seq]. In pytorch 2.9 this will be interpreted as tensor index, x[torch.tensor(seq)], which will result either in an error or a different result (Triggered internally at /pytorch/torch/csrc/autograd/python_variable_indexing.cpp:347.)
  protein[k] = v[slices]
/home/test/Desktop/Fed-fold/openfold/data/data_transforms.py:1261: UserWarning: Using a non-tuple sequence for multidimensional indexing is deprecated and will be changed in pytorch 2.9; use x[tuple(seq)] instead of x[seq]. In pytorch 2.9 this will be interpreted as tensor index, x[torch.tensor(seq)], which will result either in an error or a different result (Triggered internally at /pytorch/torch/csrc/autograd/python_variable_indexing.cpp:347.)
  protein[k] = v[slices]
/home/test/Desktop/Fed-fold/openfold/utils/tensor_utils.py:95: UserWarning: Using a non-tuple sequence for multidimensional indexing is deprecated and will be changed in pytorch 2.9; use x[tuple(seq)] instead of x[seq]. In pytorch 2.9 this will be interpreted as tensor index, x[torch.tensor(seq)], which will result either in an error or a different result (Triggered internally at /pytorch/torch/csrc/autograd/python_variable_indexing.cpp:347.)
  return data[ranges]
/home/test/Desktop/Fed-fold/openfold/data/data_transforms.py:1261: UserWarning: Using a non-tuple sequence for multidimensional indexing is deprecated and will be changed in pytorch 2.9; use x[tuple(seq)] instead of x[seq]. In pytorch 2.9 this will be interpreted as tensor index, x[torch.tensor(seq)], which will result either in an error or a different result (Triggered internally at /pytorch/torch/csrc/autograd/python_variable_indexing.cpp:347.)
  protein[k] = v[slices]
/home/test/Desktop/Fed-fold/openfold/utils/tensor_utils.py:95: UserWarning: Using a non-tuple sequence for multidimensional indexing is deprecated and will be changed in pytorch 2.9; use x[tuple(seq)] instead of x[seq]. In pytorch 2.9 this will be interpreted as tensor index, x[torch.tensor(seq)], which will result either in an error or a different result (Triggered internally at /pytorch/torch/csrc/autograd/python_variable_indexing.cpp:347.)
  return data[ranges]
/home/test/Desktop/Fed-fold/openfold/data/data_transforms.py:1261: UserWarning: Using a non-tuple sequence for multidimensional indexing is deprecated and will be changed in pytorch 2.9; use x[tuple(seq)] instead of x[seq]. In pytorch 2.9 this will be interpreted as tensor index, x[torch.tensor(seq)], which will result either in an error or a different result (Triggered internally at /pytorch/torch/csrc/autograd/python_variable_indexing.cpp:347.)
  protein[k] = v[slices]
/home/test/Desktop/Fed-fold/openfold/utils/tensor_utils.py:95: UserWarning: Using a non-tuple sequence for multidimensional indexing is deprecated and will be changed in pytorch 2.9; use x[tuple(seq)] instead of x[seq]. In pytorch 2.9 this will be interpreted as tensor index, x[torch.tensor(seq)], which will result either in an error or a different result (Triggered internally at /pytorch/torch/csrc/autograd/python_variable_indexing.cpp:347.)
  return data[ranges]
/home/test/Desktop/Fed-fold/openfold/utils/tensor_utils.py:95: UserWarning: Using a non-tuple sequence for multidimensional indexing is deprecated and will be changed in pytorch 2.9; use x[tuple(seq)] instead of x[seq]. In pytorch 2.9 this will be interpreted as tensor index, x[torch.tensor(seq)], which will result either in an error or a different result (Triggered internally at /pytorch/torch/csrc/autograd/python_variable_indexing.cpp:347.)
  return data[ranges]
/home/test/Desktop/Fed-fold/openfold/data/data_transforms.py:1261: UserWarning: Using a non-tuple sequence for multidimensional indexing is deprecated and will be changed in pytorch 2.9; use x[tuple(seq)] instead of x[seq]. In pytorch 2.9 this will be interpreted as tensor index, x[torch.tensor(seq)], which will result either in an error or a different result (Triggered internally at /pytorch/torch/csrc/autograd/python_variable_indexing.cpp:347.)
  protein[k] = v[slices]
/home/test/Desktop/Fed-fold/openfold/data/data_transforms.py:1261: UserWarning: Using a non-tuple sequence for multidimensional indexing is deprecated and will be changed in pytorch 2.9; use x[tuple(seq)] instead of x[seq]. In pytorch 2.9 this will be interpreted as tensor index, x[torch.tensor(seq)], which will result either in an error or a different result (Triggered internally at /pytorch/torch/csrc/autograd/python_variable_indexing.cpp:347.)
  protein[k] = v[slices]
/home/test/Desktop/Fed-fold/openfold/utils/tensor_utils.py:95: UserWarning: Using a non-tuple sequence for multidimensional indexing is deprecated and will be changed in pytorch 2.9; use x[tuple(seq)] instead of x[seq]. In pytorch 2.9 this will be interpreted as tensor index, x[torch.tensor(seq)], which will result either in an error or a different result (Triggered internally at /pytorch/torch/csrc/autograd/python_variable_indexing.cpp:347.)
  return data[ranges]
/home/test/Desktop/Fed-fold/openfold/utils/tensor_utils.py:95: UserWarning: Using a non-tuple sequence for multidimensional indexing is deprecated and will be changed in pytorch 2.9; use x[tuple(seq)] instead of x[seq]. In pytorch 2.9 this will be interpreted as tensor index, x[torch.tensor(seq)], which will result either in an error or a different result (Triggered internally at /pytorch/torch/csrc/autograd/python_variable_indexing.cpp:347.)
  return data[ranges]
/home/test/Desktop/Fed-fold/openfold/data/data_transforms.py:1261: UserWarning: Using a non-tuple sequence for multidimensional indexing is deprecated and will be changed in pytorch 2.9; use x[tuple(seq)] instead of x[seq]. In pytorch 2.9 this will be interpreted as tensor index, x[torch.tensor(seq)], which will result either in an error or a different result (Triggered internally at /pytorch/torch/csrc/autograd/python_variable_indexing.cpp:347.)
  protein[k] = v[slices]
/home/test/Desktop/Fed-fold/openfold/data/data_transforms.py:1261: UserWarning: Using a non-tuple sequence for multidimensional indexing is deprecated and will be changed in pytorch 2.9; use x[tuple(seq)] instead of x[seq]. In pytorch 2.9 this will be interpreted as tensor index, x[torch.tensor(seq)], which will result either in an error or a different result (Triggered internally at /pytorch/torch/csrc/autograd/python_variable_indexing.cpp:347.)
  protein[k] = v[slices]
/home/test/Desktop/Fed-fold/openfold/utils/tensor_utils.py:95: UserWarning: Using a non-tuple sequence for multidimensional indexing is deprecated and will be changed in pytorch 2.9; use x[tuple(seq)] instead of x[seq]. In pytorch 2.9 this will be interpreted as tensor index, x[torch.tensor(seq)], which will result either in an error or a different result (Triggered internally at /pytorch/torch/csrc/autograd/python_variable_indexing.cpp:347.)
  return data[ranges]
/home/test/Desktop/Fed-fold/openfold/utils/tensor_utils.py:95: UserWarning: Using a non-tuple sequence for multidimensional indexing is deprecated and will be changed in pytorch 2.9; use x[tuple(seq)] instead of x[seq]. In pytorch 2.9 this will be interpreted as tensor index, x[torch.tensor(seq)], which will result either in an error or a different result (Triggered internally at /pytorch/torch/csrc/autograd/python_variable_indexing.cpp:347.)
  return data[ranges]
/home/test/Desktop/Fed-fold/openfold/data/data_transforms.py:1261: UserWarning: Using a non-tuple sequence for multidimensional indexing is deprecated and will be changed in pytorch 2.9; use x[tuple(seq)] instead of x[seq]. In pytorch 2.9 this will be interpreted as tensor index, x[torch.tensor(seq)], which will result either in an error or a different result (Triggered internally at /pytorch/torch/csrc/autograd/python_variable_indexing.cpp:347.)
  protein[k] = v[slices]
/home/test/Desktop/Fed-fold/openfold/utils/tensor_utils.py:95: UserWarning: Using a non-tuple sequence for multidimensional indexing is deprecated and will be changed in pytorch 2.9; use x[tuple(seq)] instead of x[seq]. In pytorch 2.9 this will be interpreted as tensor index, x[torch.tensor(seq)], which will result either in an error or a different result (Triggered internally at /pytorch/torch/csrc/autograd/python_variable_indexing.cpp:347.)
  return data[ranges]
/home/test/Desktop/Fed-fold/openfold/data/data_transforms.py:1261: UserWarning: Using a non-tuple sequence for multidimensional indexing is deprecated and will be changed in pytorch 2.9; use x[tuple(seq)] instead of x[seq]. In pytorch 2.9 this will be interpreted as tensor index, x[torch.tensor(seq)], which will result either in an error or a different result (Triggered internally at /pytorch/torch/csrc/autograd/python_variable_indexing.cpp:347.)
  protein[k] = v[slices]
/home/test/Desktop/Fed-fold/openfold/data/data_transforms.py:1261: UserWarning: Using a non-tuple sequence for multidimensional indexing is deprecated and will be changed in pytorch 2.9; use x[tuple(seq)] instead of x[seq]. In pytorch 2.9 this will be interpreted as tensor index, x[torch.tensor(seq)], which will result either in an error or a different result (Triggered internally at /pytorch/torch/csrc/autograd/python_variable_indexing.cpp:347.)
  protein[k] = v[slices]
/home/test/Desktop/Fed-fold/openfold/utils/tensor_utils.py:95: UserWarning: Using a non-tuple sequence for multidimensional indexing is deprecated and will be changed in pytorch 2.9; use x[tuple(seq)] instead of x[seq]. In pytorch 2.9 this will be interpreted as tensor index, x[torch.tensor(seq)], which will result either in an error or a different result (Triggered internally at /pytorch/torch/csrc/autograd/python_variable_indexing.cpp:347.)
  return data[ranges]
/home/test/Desktop/Fed-fold/openfold/data/data_transforms.py:1261: UserWarning: Using a non-tuple sequence for multidimensional indexing is deprecated and will be changed in pytorch 2.9; use x[tuple(seq)] instead of x[seq]. In pytorch 2.9 this will be interpreted as tensor index, x[torch.tensor(seq)], which will result either in an error or a different result (Triggered internally at /pytorch/torch/csrc/autograd/python_variable_indexing.cpp:347.)
  protein[k] = v[slices]
/home/test/Desktop/Fed-fold/openfold/utils/tensor_utils.py:95: UserWarning: Using a non-tuple sequence for multidimensional indexing is deprecated and will be changed in pytorch 2.9; use x[tuple(seq)] instead of x[seq]. In pytorch 2.9 this will be interpreted as tensor index, x[torch.tensor(seq)], which will result either in an error or a different result (Triggered internally at /pytorch/torch/csrc/autograd/python_variable_indexing.cpp:347.)
  return data[ranges]
/home/test/Desktop/Fed-fold/openfold/data/data_transforms.py:1261: UserWarning: Using a non-tuple sequence for multidimensional indexing is deprecated and will be changed in pytorch 2.9; use x[tuple(seq)] instead of x[seq]. In pytorch 2.9 this will be interpreted as tensor index, x[torch.tensor(seq)], which will result either in an error or a different result (Triggered internally at /pytorch/torch/csrc/autograd/python_variable_indexing.cpp:347.)
  protein[k] = v[slices]
/home/test/Desktop/Fed-fold/openfold/utils/tensor_utils.py:95: UserWarning: Using a non-tuple sequence for multidimensional indexing is deprecated and will be changed in pytorch 2.9; use x[tuple(seq)] instead of x[seq]. In pytorch 2.9 this will be interpreted as tensor index, x[torch.tensor(seq)], which will result either in an error or a different result (Triggered internally at /pytorch/torch/csrc/autograd/python_variable_indexing.cpp:347.)
  return data[ranges]
/home/test/Desktop/Fed-fold/openfold/data/data_transforms.py:1261: UserWarning: Using a non-tuple sequence for multidimensional indexing is deprecated and will be changed in pytorch 2.9; use x[tuple(seq)] instead of x[seq]. In pytorch 2.9 this will be interpreted as tensor index, x[torch.tensor(seq)], which will result either in an error or a different result (Triggered internally at /pytorch/torch/csrc/autograd/python_variable_indexing.cpp:347.)
  protein[k] = v[slices]
/home/test/Desktop/Fed-fold/openfold/utils/tensor_utils.py:95: UserWarning: Using a non-tuple sequence for multidimensional indexing is deprecated and will be changed in pytorch 2.9; use x[tuple(seq)] instead of x[seq]. In pytorch 2.9 this will be interpreted as tensor index, x[torch.tensor(seq)], which will result either in an error or a different result (Triggered internally at /pytorch/torch/csrc/autograd/python_variable_indexing.cpp:347.)
  return data[ranges]
/home/test/Desktop/Fed-fold/openfold/utils/tensor_utils.py:95: UserWarning: Using a non-tuple sequence for multidimensional indexing is deprecated and will be changed in pytorch 2.9; use x[tuple(seq)] instead of x[seq]. In pytorch 2.9 this will be interpreted as tensor index, x[torch.tensor(seq)], which will result either in an error or a different result (Triggered internally at /pytorch/torch/csrc/autograd/python_variable_indexing.cpp:347.)
  return data[ranges]
/home/test/Desktop/Fed-fold/openfold/utils/tensor_utils.py:95: UserWarning: Using a non-tuple sequence for multidimensional indexing is deprecated and will be changed in pytorch 2.9; use x[tuple(seq)] instead of x[seq]. In pytorch 2.9 this will be interpreted as tensor index, x[torch.tensor(seq)], which will result either in an error or a different result (Triggered internally at /pytorch/torch/csrc/autograd/python_variable_indexing.cpp:347.)
  return data[ranges]
/home/test/Desktop/Fed-fold/openfold/utils/tensor_utils.py:95: UserWarning: Using a non-tuple sequence for multidimensional indexing is deprecated and will be changed in pytorch 2.9; use x[tuple(seq)] instead of x[seq]. In pytorch 2.9 this will be interpreted as tensor index, x[torch.tensor(seq)], which will result either in an error or a different result (Triggered internally at /pytorch/torch/csrc/autograd/python_variable_indexing.cpp:347.)
  return data[ranges]
/home/test/Desktop/Fed-fold/openfold/data/data_transforms.py:1261: UserWarning: Using a non-tuple sequence for multidimensional indexing is deprecated and will be changed in pytorch 2.9; use x[tuple(seq)] instead of x[seq]. In pytorch 2.9 this will be interpreted as tensor index, x[torch.tensor(seq)], which will result either in an error or a different result (Triggered internally at /pytorch/torch/csrc/autograd/python_variable_indexing.cpp:347.)
  protein[k] = v[slices]
/home/test/Desktop/Fed-fold/openfold/data/data_transforms.py:1261: UserWarning: Using a non-tuple sequence for multidimensional indexing is deprecated and will be changed in pytorch 2.9; use x[tuple(seq)] instead of x[seq]. In pytorch 2.9 this will be interpreted as tensor index, x[torch.tensor(seq)], which will result either in an error or a different result (Triggered internally at /pytorch/torch/csrc/autograd/python_variable_indexing.cpp:347.)
  protein[k] = v[slices]
/home/test/Desktop/Fed-fold/openfold/data/data_transforms.py:1261: UserWarning: Using a non-tuple sequence for multidimensional indexing is deprecated and will be changed in pytorch 2.9; use x[tuple(seq)] instead of x[seq]. In pytorch 2.9 this will be interpreted as tensor index, x[torch.tensor(seq)], which will result either in an error or a different result (Triggered internally at /pytorch/torch/csrc/autograd/python_variable_indexing.cpp:347.)
  protein[k] = v[slices]
/home/test/Desktop/Fed-fold/openfold/data/data_transforms.py:1261: UserWarning: Using a non-tuple sequence for multidimensional indexing is deprecated and will be changed in pytorch 2.9; use x[tuple(seq)] instead of x[seq]. In pytorch 2.9 this will be interpreted as tensor index, x[torch.tensor(seq)], which will result either in an error or a different result (Triggered internally at /pytorch/torch/csrc/autograd/python_variable_indexing.cpp:347.)
  protein[k] = v[slices]
/home/test/Desktop/Fed-fold/openfold/utils/tensor_utils.py:95: UserWarning: Using a non-tuple sequence for multidimensional indexing is deprecated and will be changed in pytorch 2.9; use x[tuple(seq)] instead of x[seq]. In pytorch 2.9 this will be interpreted as tensor index, x[torch.tensor(seq)], which will result either in an error or a different result (Triggered internally at /pytorch/torch/csrc/autograd/python_variable_indexing.cpp:347.)
  return data[ranges]
/home/test/Desktop/Fed-fold/openfold/utils/tensor_utils.py:95: UserWarning: Using a non-tuple sequence for multidimensional indexing is deprecated and will be changed in pytorch 2.9; use x[tuple(seq)] instead of x[seq]. In pytorch 2.9 this will be interpreted as tensor index, x[torch.tensor(seq)], which will result either in an error or a different result (Triggered internally at /pytorch/torch/csrc/autograd/python_variable_indexing.cpp:347.)
  return data[ranges]
/home/test/Desktop/Fed-fold/openfold/utils/tensor_utils.py:95: UserWarning: Using a non-tuple sequence for multidimensional indexing is deprecated and will be changed in pytorch 2.9; use x[tuple(seq)] instead of x[seq]. In pytorch 2.9 this will be interpreted as tensor index, x[torch.tensor(seq)], which will result either in an error or a different result (Triggered internally at /pytorch/torch/csrc/autograd/python_variable_indexing.cpp:347.)
  return data[ranges]
/home/test/Desktop/Fed-fold/openfold/data/data_transforms.py:1261: UserWarning: Using a non-tuple sequence for multidimensional indexing is deprecated and will be changed in pytorch 2.9; use x[tuple(seq)] instead of x[seq]. In pytorch 2.9 this will be interpreted as tensor index, x[torch.tensor(seq)], which will result either in an error or a different result (Triggered internally at /pytorch/torch/csrc/autograd/python_variable_indexing.cpp:347.)
  protein[k] = v[slices]
/home/test/Desktop/Fed-fold/openfold/utils/tensor_utils.py:95: UserWarning: Using a non-tuple sequence for multidimensional indexing is deprecated and will be changed in pytorch 2.9; use x[tuple(seq)] instead of x[seq]. In pytorch 2.9 this will be interpreted as tensor index, x[torch.tensor(seq)], which will result either in an error or a different result (Triggered internally at /pytorch/torch/csrc/autograd/python_variable_indexing.cpp:347.)
  return data[ranges]
/home/test/Desktop/Fed-fold/openfold/data/data_transforms.py:1261: UserWarning: Using a non-tuple sequence for multidimensional indexing is deprecated and will be changed in pytorch 2.9; use x[tuple(seq)] instead of x[seq]. In pytorch 2.9 this will be interpreted as tensor index, x[torch.tensor(seq)], which will result either in an error or a different result (Triggered internally at /pytorch/torch/csrc/autograd/python_variable_indexing.cpp:347.)
  protein[k] = v[slices]
/home/test/Desktop/Fed-fold/openfold/utils/tensor_utils.py:95: UserWarning: Using a non-tuple sequence for multidimensional indexing is deprecated and will be changed in pytorch 2.9; use x[tuple(seq)] instead of x[seq]. In pytorch 2.9 this will be interpreted as tensor index, x[torch.tensor(seq)], which will result either in an error or a different result (Triggered internally at /pytorch/torch/csrc/autograd/python_variable_indexing.cpp:347.)
  return data[ranges]
/home/test/Desktop/Fed-fold/openfold/data/data_transforms.py:1261: UserWarning: Using a non-tuple sequence for multidimensional indexing is deprecated and will be changed in pytorch 2.9; use x[tuple(seq)] instead of x[seq]. In pytorch 2.9 this will be interpreted as tensor index, x[torch.tensor(seq)], which will result either in an error or a different result (Triggered internally at /pytorch/torch/csrc/autograd/python_variable_indexing.cpp:347.)
  protein[k] = v[slices]
/home/test/Desktop/Fed-fold/openfold/data/data_transforms.py:1261: UserWarning: Using a non-tuple sequence for multidimensional indexing is deprecated and will be changed in pytorch 2.9; use x[tuple(seq)] instead of x[seq]. In pytorch 2.9 this will be interpreted as tensor index, x[torch.tensor(seq)], which will result either in an error or a different result (Triggered internally at /pytorch/torch/csrc/autograd/python_variable_indexing.cpp:347.)
  protein[k] = v[slices]
/home/test/Desktop/Fed-fold/openfold/utils/tensor_utils.py:95: UserWarning: Using a non-tuple sequence for multidimensional indexing is deprecated and will be changed in pytorch 2.9; use x[tuple(seq)] instead of x[seq]. In pytorch 2.9 this will be interpreted as tensor index, x[torch.tensor(seq)], which will result either in an error or a different result (Triggered internally at /pytorch/torch/csrc/autograd/python_variable_indexing.cpp:347.)
  return data[ranges]
/home/test/Desktop/Fed-fold/openfold/data/data_transforms.py:1261: UserWarning: Using a non-tuple sequence for multidimensional indexing is deprecated and will be changed in pytorch 2.9; use x[tuple(seq)] instead of x[seq]. In pytorch 2.9 this will be interpreted as tensor index, x[torch.tensor(seq)], which will result either in an error or a different result (Triggered internally at /pytorch/torch/csrc/autograd/python_variable_indexing.cpp:347.)
  protein[k] = v[slices]
/home/test/Desktop/Fed-fold/openfold/data/data_transforms.py:1261: UserWarning: Using a non-tuple sequence for multidimensional indexing is deprecated and will be changed in pytorch 2.9; use x[tuple(seq)] instead of x[seq]. In pytorch 2.9 this will be interpreted as tensor index, x[torch.tensor(seq)], which will result either in an error or a different result (Triggered internally at /pytorch/torch/csrc/autograd/python_variable_indexing.cpp:347.)
  protein[k] = v[slices]
/home/test/Desktop/Fed-fold/openfold/utils/tensor_utils.py:95: UserWarning: Using a non-tuple sequence for multidimensional indexing is deprecated and will be changed in pytorch 2.9; use x[tuple(seq)] instead of x[seq]. In pytorch 2.9 this will be interpreted as tensor index, x[torch.tensor(seq)], which will result either in an error or a different result (Triggered internally at /pytorch/torch/csrc/autograd/python_variable_indexing.cpp:347.)
  return data[ranges]
/home/test/Desktop/Fed-fold/openfold/data/data_transforms.py:1261: UserWarning: Using a non-tuple sequence for multidimensional indexing is deprecated and will be changed in pytorch 2.9; use x[tuple(seq)] instead of x[seq]. In pytorch 2.9 this will be interpreted as tensor index, x[torch.tensor(seq)], which will result either in an error or a different result (Triggered internally at /pytorch/torch/csrc/autograd/python_variable_indexing.cpp:347.)
  protein[k] = v[slices]
/home/test/Desktop/Fed-fold/openfold/utils/tensor_utils.py:95: UserWarning: Using a non-tuple sequence for multidimensional indexing is deprecated and will be changed in pytorch 2.9; use x[tuple(seq)] instead of x[seq]. In pytorch 2.9 this will be interpreted as tensor index, x[torch.tensor(seq)], which will result either in an error or a different result (Triggered internally at /pytorch/torch/csrc/autograd/python_variable_indexing.cpp:347.)
  return data[ranges]
/home/test/Desktop/Fed-fold/openfold/data/data_transforms.py:1261: UserWarning: Using a non-tuple sequence for multidimensional indexing is deprecated and will be changed in pytorch 2.9; use x[tuple(seq)] instead of x[seq]. In pytorch 2.9 this will be interpreted as tensor index, x[torch.tensor(seq)], which will result either in an error or a different result (Triggered internally at /pytorch/torch/csrc/autograd/python_variable_indexing.cpp:347.)
  protein[k] = v[slices]
/home/test/Desktop/Fed-fold/openfold/utils/tensor_utils.py:95: UserWarning: Using a non-tuple sequence for multidimensional indexing is deprecated and will be changed in pytorch 2.9; use x[tuple(seq)] instead of x[seq]. In pytorch 2.9 this will be interpreted as tensor index, x[torch.tensor(seq)], which will result either in an error or a different result (Triggered internally at /pytorch/torch/csrc/autograd/python_variable_indexing.cpp:347.)
  return data[ranges]
/home/test/Desktop/Fed-fold/openfold/data/data_transforms.py:1261: UserWarning: Using a non-tuple sequence for multidimensional indexing is deprecated and will be changed in pytorch 2.9; use x[tuple(seq)] instead of x[seq]. In pytorch 2.9 this will be interpreted as tensor index, x[torch.tensor(seq)], which will result either in an error or a different result (Triggered internally at /pytorch/torch/csrc/autograd/python_variable_indexing.cpp:347.)
  protein[k] = v[slices]
/home/test/Desktop/Fed-fold/openfold/utils/tensor_utils.py:95: UserWarning: Using a non-tuple sequence for multidimensional indexing is deprecated and will be changed in pytorch 2.9; use x[tuple(seq)] instead of x[seq]. In pytorch 2.9 this will be interpreted as tensor index, x[torch.tensor(seq)], which will result either in an error or a different result (Triggered internally at /pytorch/torch/csrc/autograd/python_variable_indexing.cpp:347.)
  return data[ranges]
/home/test/Desktop/Fed-fold/openfold/data/data_transforms.py:1261: UserWarning: Using a non-tuple sequence for multidimensional indexing is deprecated and will be changed in pytorch 2.9; use x[tuple(seq)] instead of x[seq]. In pytorch 2.9 this will be interpreted as tensor index, x[torch.tensor(seq)], which will result either in an error or a different result (Triggered internally at /pytorch/torch/csrc/autograd/python_variable_indexing.cpp:347.)
  protein[k] = v[slices]
/home/test/Desktop/Fed-fold/openfold/utils/tensor_utils.py:95: UserWarning: Using a non-tuple sequence for multidimensional indexing is deprecated and will be changed in pytorch 2.9; use x[tuple(seq)] instead of x[seq]. In pytorch 2.9 this will be interpreted as tensor index, x[torch.tensor(seq)], which will result either in an error or a different result (Triggered internally at /pytorch/torch/csrc/autograd/python_variable_indexing.cpp:347.)
  return data[ranges]
/home/test/Desktop/Fed-fold/openfold/utils/tensor_utils.py:95: UserWarning: Using a non-tuple sequence for multidimensional indexing is deprecated and will be changed in pytorch 2.9; use x[tuple(seq)] instead of x[seq]. In pytorch 2.9 this will be interpreted as tensor index, x[torch.tensor(seq)], which will result either in an error or a different result (Triggered internally at /pytorch/torch/csrc/autograd/python_variable_indexing.cpp:347.)
  return data[ranges]
/home/test/Desktop/Fed-fold/openfold/data/data_transforms.py:1261: UserWarning: Using a non-tuple sequence for multidimensional indexing is deprecated and will be changed in pytorch 2.9; use x[tuple(seq)] instead of x[seq]. In pytorch 2.9 this will be interpreted as tensor index, x[torch.tensor(seq)], which will result either in an error or a different result (Triggered internally at /pytorch/torch/csrc/autograd/python_variable_indexing.cpp:347.)
  protein[k] = v[slices]
/home/test/Desktop/Fed-fold/openfold/data/data_transforms.py:1261: UserWarning: Using a non-tuple sequence for multidimensional indexing is deprecated and will be changed in pytorch 2.9; use x[tuple(seq)] instead of x[seq]. In pytorch 2.9 this will be interpreted as tensor index, x[torch.tensor(seq)], which will result either in an error or a different result (Triggered internally at /pytorch/torch/csrc/autograd/python_variable_indexing.cpp:347.)
  protein[k] = v[slices]
Epoch 3:   2%|▏         | 1/64 [00:10<11:28,  0.09it/s, train/loss=46.80]Epoch 3:   2%|▏         | 1/64 [00:10<11:28,  0.09it/s, train/loss=26.20]/home/test/Desktop/Fed-fold/openfold/utils/tensor_utils.py:95: UserWarning: Using a non-tuple sequence for multidimensional indexing is deprecated and will be changed in pytorch 2.9; use x[tuple(seq)] instead of x[seq]. In pytorch 2.9 this will be interpreted as tensor index, x[torch.tensor(seq)], which will result either in an error or a different result (Triggered internally at /pytorch/torch/csrc/autograd/python_variable_indexing.cpp:347.)
  return data[ranges]
/home/test/Desktop/Fed-fold/openfold/data/data_transforms.py:1261: UserWarning: Using a non-tuple sequence for multidimensional indexing is deprecated and will be changed in pytorch 2.9; use x[tuple(seq)] instead of x[seq]. In pytorch 2.9 this will be interpreted as tensor index, x[torch.tensor(seq)], which will result either in an error or a different result (Triggered internally at /pytorch/torch/csrc/autograd/python_variable_indexing.cpp:347.)
  protein[k] = v[slices]
Epoch 3:   3%|▎         | 2/64 [00:21<11:15,  0.09it/s, train/loss=26.20]Epoch 3:   3%|▎         | 2/64 [00:21<11:15,  0.09it/s, train/loss=24.50]Epoch 3:   5%|▍         | 3/64 [00:29<09:56,  0.10it/s, train/loss=24.50]Epoch 3:   5%|▍         | 3/64 [00:29<09:56,  0.10it/s, train/loss=34.70]/home/test/Desktop/Fed-fold/openfold/utils/tensor_utils.py:95: UserWarning: Using a non-tuple sequence for multidimensional indexing is deprecated and will be changed in pytorch 2.9; use x[tuple(seq)] instead of x[seq]. In pytorch 2.9 this will be interpreted as tensor index, x[torch.tensor(seq)], which will result either in an error or a different result (Triggered internally at /pytorch/torch/csrc/autograd/python_variable_indexing.cpp:347.)
  return data[ranges]
/home/test/Desktop/Fed-fold/openfold/data/data_transforms.py:1261: UserWarning: Using a non-tuple sequence for multidimensional indexing is deprecated and will be changed in pytorch 2.9; use x[tuple(seq)] instead of x[seq]. In pytorch 2.9 this will be interpreted as tensor index, x[torch.tensor(seq)], which will result either in an error or a different result (Triggered internally at /pytorch/torch/csrc/autograd/python_variable_indexing.cpp:347.)
  protein[k] = v[slices]
Epoch 3:   6%|▋         | 4/64 [00:40<10:00,  0.10it/s, train/loss=34.70]Epoch 3:   6%|▋         | 4/64 [00:40<10:00,  0.10it/s, train/loss=29.30]/home/test/Desktop/Fed-fold/openfold/utils/tensor_utils.py:95: UserWarning: Using a non-tuple sequence for multidimensional indexing is deprecated and will be changed in pytorch 2.9; use x[tuple(seq)] instead of x[seq]. In pytorch 2.9 this will be interpreted as tensor index, x[torch.tensor(seq)], which will result either in an error or a different result (Triggered internally at /pytorch/torch/csrc/autograd/python_variable_indexing.cpp:347.)
  return data[ranges]
/home/test/Desktop/Fed-fold/openfold/data/data_transforms.py:1261: UserWarning: Using a non-tuple sequence for multidimensional indexing is deprecated and will be changed in pytorch 2.9; use x[tuple(seq)] instead of x[seq]. In pytorch 2.9 this will be interpreted as tensor index, x[torch.tensor(seq)], which will result either in an error or a different result (Triggered internally at /pytorch/torch/csrc/autograd/python_variable_indexing.cpp:347.)
  protein[k] = v[slices]
Epoch 3:   8%|▊         | 5/64 [00:50<09:59,  0.10it/s, train/loss=29.30]Epoch 3:   8%|▊         | 5/64 [00:50<09:59,  0.10it/s, train/loss=23.60]/home/test/Desktop/Fed-fold/openfold/utils/tensor_utils.py:95: UserWarning: Using a non-tuple sequence for multidimensional indexing is deprecated and will be changed in pytorch 2.9; use x[tuple(seq)] instead of x[seq]. In pytorch 2.9 this will be interpreted as tensor index, x[torch.tensor(seq)], which will result either in an error or a different result (Triggered internally at /pytorch/torch/csrc/autograd/python_variable_indexing.cpp:347.)
  return data[ranges]
/home/test/Desktop/Fed-fold/openfold/data/data_transforms.py:1261: UserWarning: Using a non-tuple sequence for multidimensional indexing is deprecated and will be changed in pytorch 2.9; use x[tuple(seq)] instead of x[seq]. In pytorch 2.9 this will be interpreted as tensor index, x[torch.tensor(seq)], which will result either in an error or a different result (Triggered internally at /pytorch/torch/csrc/autograd/python_variable_indexing.cpp:347.)
  protein[k] = v[slices]
Epoch 3:   9%|▉         | 6/64 [01:01<09:54,  0.10it/s, train/loss=23.60]Epoch 3:   9%|▉         | 6/64 [01:01<09:54,  0.10it/s, train/loss=32.80]/home/test/Desktop/Fed-fold/openfold/utils/tensor_utils.py:95: UserWarning: Using a non-tuple sequence for multidimensional indexing is deprecated and will be changed in pytorch 2.9; use x[tuple(seq)] instead of x[seq]. In pytorch 2.9 this will be interpreted as tensor index, x[torch.tensor(seq)], which will result either in an error or a different result (Triggered internally at /pytorch/torch/csrc/autograd/python_variable_indexing.cpp:347.)
  return data[ranges]
/home/test/Desktop/Fed-fold/openfold/data/data_transforms.py:1261: UserWarning: Using a non-tuple sequence for multidimensional indexing is deprecated and will be changed in pytorch 2.9; use x[tuple(seq)] instead of x[seq]. In pytorch 2.9 this will be interpreted as tensor index, x[torch.tensor(seq)], which will result either in an error or a different result (Triggered internally at /pytorch/torch/csrc/autograd/python_variable_indexing.cpp:347.)
  protein[k] = v[slices]
Epoch 3:  11%|█         | 7/64 [01:13<10:00,  0.09it/s, train/loss=32.80]Epoch 3:  11%|█         | 7/64 [01:13<10:00,  0.09it/s, train/loss=24.70]/home/test/Desktop/Fed-fold/openfold/utils/tensor_utils.py:95: UserWarning: Using a non-tuple sequence for multidimensional indexing is deprecated and will be changed in pytorch 2.9; use x[tuple(seq)] instead of x[seq]. In pytorch 2.9 this will be interpreted as tensor index, x[torch.tensor(seq)], which will result either in an error or a different result (Triggered internally at /pytorch/torch/csrc/autograd/python_variable_indexing.cpp:347.)
  return data[ranges]
/home/test/Desktop/Fed-fold/openfold/data/data_transforms.py:1261: UserWarning: Using a non-tuple sequence for multidimensional indexing is deprecated and will be changed in pytorch 2.9; use x[tuple(seq)] instead of x[seq]. In pytorch 2.9 this will be interpreted as tensor index, x[torch.tensor(seq)], which will result either in an error or a different result (Triggered internally at /pytorch/torch/csrc/autograd/python_variable_indexing.cpp:347.)
  protein[k] = v[slices]
Epoch 3:  12%|█▎        | 8/64 [01:24<09:51,  0.09it/s, train/loss=24.70]Epoch 3:  12%|█▎        | 8/64 [01:24<09:51,  0.09it/s, train/loss=36.50]/home/test/Desktop/Fed-fold/openfold/utils/tensor_utils.py:95: UserWarning: Using a non-tuple sequence for multidimensional indexing is deprecated and will be changed in pytorch 2.9; use x[tuple(seq)] instead of x[seq]. In pytorch 2.9 this will be interpreted as tensor index, x[torch.tensor(seq)], which will result either in an error or a different result (Triggered internally at /pytorch/torch/csrc/autograd/python_variable_indexing.cpp:347.)
  return data[ranges]
/home/test/Desktop/Fed-fold/openfold/data/data_transforms.py:1261: UserWarning: Using a non-tuple sequence for multidimensional indexing is deprecated and will be changed in pytorch 2.9; use x[tuple(seq)] instead of x[seq]. In pytorch 2.9 this will be interpreted as tensor index, x[torch.tensor(seq)], which will result either in an error or a different result (Triggered internally at /pytorch/torch/csrc/autograd/python_variable_indexing.cpp:347.)
  protein[k] = v[slices]
Epoch 3:  14%|█▍        | 9/64 [01:36<09:51,  0.09it/s, train/loss=36.50]Epoch 3:  14%|█▍        | 9/64 [01:36<09:51,  0.09it/s, train/loss=36.70]/home/test/Desktop/Fed-fold/openfold/utils/tensor_utils.py:95: UserWarning: Using a non-tuple sequence for multidimensional indexing is deprecated and will be changed in pytorch 2.9; use x[tuple(seq)] instead of x[seq]. In pytorch 2.9 this will be interpreted as tensor index, x[torch.tensor(seq)], which will result either in an error or a different result (Triggered internally at /pytorch/torch/csrc/autograd/python_variable_indexing.cpp:347.)
  return data[ranges]
/home/test/Desktop/Fed-fold/openfold/data/data_transforms.py:1261: UserWarning: Using a non-tuple sequence for multidimensional indexing is deprecated and will be changed in pytorch 2.9; use x[tuple(seq)] instead of x[seq]. In pytorch 2.9 this will be interpreted as tensor index, x[torch.tensor(seq)], which will result either in an error or a different result (Triggered internally at /pytorch/torch/csrc/autograd/python_variable_indexing.cpp:347.)
  protein[k] = v[slices]
Epoch 3:  16%|█▌        | 10/64 [01:49<09:49,  0.09it/s, train/loss=36.70]Epoch 3:  16%|█▌        | 10/64 [01:49<09:49,  0.09it/s, train/loss=30.90]/home/test/Desktop/Fed-fold/openfold/utils/tensor_utils.py:95: UserWarning: Using a non-tuple sequence for multidimensional indexing is deprecated and will be changed in pytorch 2.9; use x[tuple(seq)] instead of x[seq]. In pytorch 2.9 this will be interpreted as tensor index, x[torch.tensor(seq)], which will result either in an error or a different result (Triggered internally at /pytorch/torch/csrc/autograd/python_variable_indexing.cpp:347.)
  return data[ranges]
/home/test/Desktop/Fed-fold/openfold/data/data_transforms.py:1261: UserWarning: Using a non-tuple sequence for multidimensional indexing is deprecated and will be changed in pytorch 2.9; use x[tuple(seq)] instead of x[seq]. In pytorch 2.9 this will be interpreted as tensor index, x[torch.tensor(seq)], which will result either in an error or a different result (Triggered internally at /pytorch/torch/csrc/autograd/python_variable_indexing.cpp:347.)
  protein[k] = v[slices]
Epoch 3:  17%|█▋        | 11/64 [01:58<09:29,  0.09it/s, train/loss=30.90]Epoch 3:  17%|█▋        | 11/64 [01:58<09:29,  0.09it/s, train/loss=29.80]/home/test/Desktop/Fed-fold/openfold/utils/tensor_utils.py:95: UserWarning: Using a non-tuple sequence for multidimensional indexing is deprecated and will be changed in pytorch 2.9; use x[tuple(seq)] instead of x[seq]. In pytorch 2.9 this will be interpreted as tensor index, x[torch.tensor(seq)], which will result either in an error or a different result (Triggered internally at /pytorch/torch/csrc/autograd/python_variable_indexing.cpp:347.)
  return data[ranges]
/home/test/Desktop/Fed-fold/openfold/data/data_transforms.py:1261: UserWarning: Using a non-tuple sequence for multidimensional indexing is deprecated and will be changed in pytorch 2.9; use x[tuple(seq)] instead of x[seq]. In pytorch 2.9 this will be interpreted as tensor index, x[torch.tensor(seq)], which will result either in an error or a different result (Triggered internally at /pytorch/torch/csrc/autograd/python_variable_indexing.cpp:347.)
  protein[k] = v[slices]
Epoch 3:  19%|█▉        | 12/64 [02:07<09:11,  0.09it/s, train/loss=29.80]Epoch 3:  19%|█▉        | 12/64 [02:07<09:11,  0.09it/s, train/loss=17.50]/home/test/Desktop/Fed-fold/openfold/utils/tensor_utils.py:95: UserWarning: Using a non-tuple sequence for multidimensional indexing is deprecated and will be changed in pytorch 2.9; use x[tuple(seq)] instead of x[seq]. In pytorch 2.9 this will be interpreted as tensor index, x[torch.tensor(seq)], which will result either in an error or a different result (Triggered internally at /pytorch/torch/csrc/autograd/python_variable_indexing.cpp:347.)
  return data[ranges]
/home/test/Desktop/Fed-fold/openfold/data/data_transforms.py:1261: UserWarning: Using a non-tuple sequence for multidimensional indexing is deprecated and will be changed in pytorch 2.9; use x[tuple(seq)] instead of x[seq]. In pytorch 2.9 this will be interpreted as tensor index, x[torch.tensor(seq)], which will result either in an error or a different result (Triggered internally at /pytorch/torch/csrc/autograd/python_variable_indexing.cpp:347.)
  protein[k] = v[slices]
Epoch 3:  20%|██        | 13/64 [02:18<09:01,  0.09it/s, train/loss=17.50]Epoch 3:  20%|██        | 13/64 [02:18<09:01,  0.09it/s, train/loss=29.00]/home/test/Desktop/Fed-fold/openfold/utils/tensor_utils.py:95: UserWarning: Using a non-tuple sequence for multidimensional indexing is deprecated and will be changed in pytorch 2.9; use x[tuple(seq)] instead of x[seq]. In pytorch 2.9 this will be interpreted as tensor index, x[torch.tensor(seq)], which will result either in an error or a different result (Triggered internally at /pytorch/torch/csrc/autograd/python_variable_indexing.cpp:347.)
  return data[ranges]
/home/test/Desktop/Fed-fold/openfold/data/data_transforms.py:1261: UserWarning: Using a non-tuple sequence for multidimensional indexing is deprecated and will be changed in pytorch 2.9; use x[tuple(seq)] instead of x[seq]. In pytorch 2.9 this will be interpreted as tensor index, x[torch.tensor(seq)], which will result either in an error or a different result (Triggered internally at /pytorch/torch/csrc/autograd/python_variable_indexing.cpp:347.)
  protein[k] = v[slices]
Epoch 3:  22%|██▏       | 14/64 [02:28<08:51,  0.09it/s, train/loss=29.00]Epoch 3:  22%|██▏       | 14/64 [02:28<08:51,  0.09it/s, train/loss=23.00]/home/test/Desktop/Fed-fold/openfold/utils/tensor_utils.py:95: UserWarning: Using a non-tuple sequence for multidimensional indexing is deprecated and will be changed in pytorch 2.9; use x[tuple(seq)] instead of x[seq]. In pytorch 2.9 this will be interpreted as tensor index, x[torch.tensor(seq)], which will result either in an error or a different result (Triggered internally at /pytorch/torch/csrc/autograd/python_variable_indexing.cpp:347.)
  return data[ranges]
/home/test/Desktop/Fed-fold/openfold/data/data_transforms.py:1261: UserWarning: Using a non-tuple sequence for multidimensional indexing is deprecated and will be changed in pytorch 2.9; use x[tuple(seq)] instead of x[seq]. In pytorch 2.9 this will be interpreted as tensor index, x[torch.tensor(seq)], which will result either in an error or a different result (Triggered internally at /pytorch/torch/csrc/autograd/python_variable_indexing.cpp:347.)
  protein[k] = v[slices]
Epoch 3:  23%|██▎       | 15/64 [02:39<08:41,  0.09it/s, train/loss=23.00]Epoch 3:  23%|██▎       | 15/64 [02:39<08:41,  0.09it/s, train/loss=25.30]/home/test/Desktop/Fed-fold/openfold/utils/tensor_utils.py:95: UserWarning: Using a non-tuple sequence for multidimensional indexing is deprecated and will be changed in pytorch 2.9; use x[tuple(seq)] instead of x[seq]. In pytorch 2.9 this will be interpreted as tensor index, x[torch.tensor(seq)], which will result either in an error or a different result (Triggered internally at /pytorch/torch/csrc/autograd/python_variable_indexing.cpp:347.)
  return data[ranges]
/home/test/Desktop/Fed-fold/openfold/data/data_transforms.py:1261: UserWarning: Using a non-tuple sequence for multidimensional indexing is deprecated and will be changed in pytorch 2.9; use x[tuple(seq)] instead of x[seq]. In pytorch 2.9 this will be interpreted as tensor index, x[torch.tensor(seq)], which will result either in an error or a different result (Triggered internally at /pytorch/torch/csrc/autograd/python_variable_indexing.cpp:347.)
  protein[k] = v[slices]
Epoch 3:  25%|██▌       | 16/64 [02:47<08:21,  0.10it/s, train/loss=25.30]Epoch 3:  25%|██▌       | 16/64 [02:47<08:21,  0.10it/s, train/loss=19.30]/home/test/Desktop/Fed-fold/openfold/utils/tensor_utils.py:95: UserWarning: Using a non-tuple sequence for multidimensional indexing is deprecated and will be changed in pytorch 2.9; use x[tuple(seq)] instead of x[seq]. In pytorch 2.9 this will be interpreted as tensor index, x[torch.tensor(seq)], which will result either in an error or a different result (Triggered internally at /pytorch/torch/csrc/autograd/python_variable_indexing.cpp:347.)
  return data[ranges]
/home/test/Desktop/Fed-fold/openfold/data/data_transforms.py:1261: UserWarning: Using a non-tuple sequence for multidimensional indexing is deprecated and will be changed in pytorch 2.9; use x[tuple(seq)] instead of x[seq]. In pytorch 2.9 this will be interpreted as tensor index, x[torch.tensor(seq)], which will result either in an error or a different result (Triggered internally at /pytorch/torch/csrc/autograd/python_variable_indexing.cpp:347.)
  protein[k] = v[slices]
Epoch 3:  27%|██▋       | 17/64 [02:59<08:15,  0.09it/s, train/loss=19.30]Epoch 3:  27%|██▋       | 17/64 [02:59<08:15,  0.09it/s, train/loss=24.20]/home/test/Desktop/Fed-fold/openfold/utils/tensor_utils.py:95: UserWarning: Using a non-tuple sequence for multidimensional indexing is deprecated and will be changed in pytorch 2.9; use x[tuple(seq)] instead of x[seq]. In pytorch 2.9 this will be interpreted as tensor index, x[torch.tensor(seq)], which will result either in an error or a different result (Triggered internally at /pytorch/torch/csrc/autograd/python_variable_indexing.cpp:347.)
  return data[ranges]
/home/test/Desktop/Fed-fold/openfold/data/data_transforms.py:1261: UserWarning: Using a non-tuple sequence for multidimensional indexing is deprecated and will be changed in pytorch 2.9; use x[tuple(seq)] instead of x[seq]. In pytorch 2.9 this will be interpreted as tensor index, x[torch.tensor(seq)], which will result either in an error or a different result (Triggered internally at /pytorch/torch/csrc/autograd/python_variable_indexing.cpp:347.)
  protein[k] = v[slices]
Epoch 3:  28%|██▊       | 18/64 [03:11<08:09,  0.09it/s, train/loss=24.20]Epoch 3:  28%|██▊       | 18/64 [03:11<08:09,  0.09it/s, train/loss=25.10]/home/test/Desktop/Fed-fold/openfold/utils/tensor_utils.py:95: UserWarning: Using a non-tuple sequence for multidimensional indexing is deprecated and will be changed in pytorch 2.9; use x[tuple(seq)] instead of x[seq]. In pytorch 2.9 this will be interpreted as tensor index, x[torch.tensor(seq)], which will result either in an error or a different result (Triggered internally at /pytorch/torch/csrc/autograd/python_variable_indexing.cpp:347.)
  return data[ranges]
/home/test/Desktop/Fed-fold/openfold/data/data_transforms.py:1261: UserWarning: Using a non-tuple sequence for multidimensional indexing is deprecated and will be changed in pytorch 2.9; use x[tuple(seq)] instead of x[seq]. In pytorch 2.9 this will be interpreted as tensor index, x[torch.tensor(seq)], which will result either in an error or a different result (Triggered internally at /pytorch/torch/csrc/autograd/python_variable_indexing.cpp:347.)
  protein[k] = v[slices]
Epoch 3:  30%|██▉       | 19/64 [03:20<07:55,  0.09it/s, train/loss=25.10]Epoch 3:  30%|██▉       | 19/64 [03:20<07:55,  0.09it/s, train/loss=33.30]/home/test/Desktop/Fed-fold/openfold/utils/tensor_utils.py:95: UserWarning: Using a non-tuple sequence for multidimensional indexing is deprecated and will be changed in pytorch 2.9; use x[tuple(seq)] instead of x[seq]. In pytorch 2.9 this will be interpreted as tensor index, x[torch.tensor(seq)], which will result either in an error or a different result (Triggered internally at /pytorch/torch/csrc/autograd/python_variable_indexing.cpp:347.)
  return data[ranges]
/home/test/Desktop/Fed-fold/openfold/data/data_transforms.py:1261: UserWarning: Using a non-tuple sequence for multidimensional indexing is deprecated and will be changed in pytorch 2.9; use x[tuple(seq)] instead of x[seq]. In pytorch 2.9 this will be interpreted as tensor index, x[torch.tensor(seq)], which will result either in an error or a different result (Triggered internally at /pytorch/torch/csrc/autograd/python_variable_indexing.cpp:347.)
  protein[k] = v[slices]
Epoch 3:  31%|███▏      | 20/64 [03:28<07:38,  0.10it/s, train/loss=33.30]Epoch 3:  31%|███▏      | 20/64 [03:28<07:38,  0.10it/s, train/loss=23.70]/home/test/Desktop/Fed-fold/openfold/utils/tensor_utils.py:95: UserWarning: Using a non-tuple sequence for multidimensional indexing is deprecated and will be changed in pytorch 2.9; use x[tuple(seq)] instead of x[seq]. In pytorch 2.9 this will be interpreted as tensor index, x[torch.tensor(seq)], which will result either in an error or a different result (Triggered internally at /pytorch/torch/csrc/autograd/python_variable_indexing.cpp:347.)
  return data[ranges]
/home/test/Desktop/Fed-fold/openfold/data/data_transforms.py:1261: UserWarning: Using a non-tuple sequence for multidimensional indexing is deprecated and will be changed in pytorch 2.9; use x[tuple(seq)] instead of x[seq]. In pytorch 2.9 this will be interpreted as tensor index, x[torch.tensor(seq)], which will result either in an error or a different result (Triggered internally at /pytorch/torch/csrc/autograd/python_variable_indexing.cpp:347.)
  protein[k] = v[slices]
Epoch 3:  33%|███▎      | 21/64 [03:37<07:25,  0.10it/s, train/loss=23.70]Epoch 3:  33%|███▎      | 21/64 [03:37<07:25,  0.10it/s, train/loss=23.40]/home/test/Desktop/Fed-fold/openfold/utils/tensor_utils.py:95: UserWarning: Using a non-tuple sequence for multidimensional indexing is deprecated and will be changed in pytorch 2.9; use x[tuple(seq)] instead of x[seq]. In pytorch 2.9 this will be interpreted as tensor index, x[torch.tensor(seq)], which will result either in an error or a different result (Triggered internally at /pytorch/torch/csrc/autograd/python_variable_indexing.cpp:347.)
  return data[ranges]
/home/test/Desktop/Fed-fold/openfold/data/data_transforms.py:1261: UserWarning: Using a non-tuple sequence for multidimensional indexing is deprecated and will be changed in pytorch 2.9; use x[tuple(seq)] instead of x[seq]. In pytorch 2.9 this will be interpreted as tensor index, x[torch.tensor(seq)], which will result either in an error or a different result (Triggered internally at /pytorch/torch/csrc/autograd/python_variable_indexing.cpp:347.)
  protein[k] = v[slices]
Epoch 3:  34%|███▍      | 22/64 [03:48<07:15,  0.10it/s, train/loss=23.40]Epoch 3:  34%|███▍      | 22/64 [03:48<07:15,  0.10it/s, train/loss=17.40]/home/test/Desktop/Fed-fold/openfold/utils/tensor_utils.py:95: UserWarning: Using a non-tuple sequence for multidimensional indexing is deprecated and will be changed in pytorch 2.9; use x[tuple(seq)] instead of x[seq]. In pytorch 2.9 this will be interpreted as tensor index, x[torch.tensor(seq)], which will result either in an error or a different result (Triggered internally at /pytorch/torch/csrc/autograd/python_variable_indexing.cpp:347.)
  return data[ranges]
/home/test/Desktop/Fed-fold/openfold/data/data_transforms.py:1261: UserWarning: Using a non-tuple sequence for multidimensional indexing is deprecated and will be changed in pytorch 2.9; use x[tuple(seq)] instead of x[seq]. In pytorch 2.9 this will be interpreted as tensor index, x[torch.tensor(seq)], which will result either in an error or a different result (Triggered internally at /pytorch/torch/csrc/autograd/python_variable_indexing.cpp:347.)
  protein[k] = v[slices]
Epoch 3:  36%|███▌      | 23/64 [03:58<07:05,  0.10it/s, train/loss=17.40]Epoch 3:  36%|███▌      | 23/64 [03:58<07:05,  0.10it/s, train/loss=25.80]/home/test/Desktop/Fed-fold/openfold/utils/tensor_utils.py:95: UserWarning: Using a non-tuple sequence for multidimensional indexing is deprecated and will be changed in pytorch 2.9; use x[tuple(seq)] instead of x[seq]. In pytorch 2.9 this will be interpreted as tensor index, x[torch.tensor(seq)], which will result either in an error or a different result (Triggered internally at /pytorch/torch/csrc/autograd/python_variable_indexing.cpp:347.)
  return data[ranges]
/home/test/Desktop/Fed-fold/openfold/data/data_transforms.py:1261: UserWarning: Using a non-tuple sequence for multidimensional indexing is deprecated and will be changed in pytorch 2.9; use x[tuple(seq)] instead of x[seq]. In pytorch 2.9 this will be interpreted as tensor index, x[torch.tensor(seq)], which will result either in an error or a different result (Triggered internally at /pytorch/torch/csrc/autograd/python_variable_indexing.cpp:347.)
  protein[k] = v[slices]
Epoch 3:  38%|███▊      | 24/64 [04:07<06:53,  0.10it/s, train/loss=25.80]Epoch 3:  38%|███▊      | 24/64 [04:07<06:53,  0.10it/s, train/loss=22.90]/home/test/Desktop/Fed-fold/openfold/utils/tensor_utils.py:95: UserWarning: Using a non-tuple sequence for multidimensional indexing is deprecated and will be changed in pytorch 2.9; use x[tuple(seq)] instead of x[seq]. In pytorch 2.9 this will be interpreted as tensor index, x[torch.tensor(seq)], which will result either in an error or a different result (Triggered internally at /pytorch/torch/csrc/autograd/python_variable_indexing.cpp:347.)
  return data[ranges]
/home/test/Desktop/Fed-fold/openfold/data/data_transforms.py:1261: UserWarning: Using a non-tuple sequence for multidimensional indexing is deprecated and will be changed in pytorch 2.9; use x[tuple(seq)] instead of x[seq]. In pytorch 2.9 this will be interpreted as tensor index, x[torch.tensor(seq)], which will result either in an error or a different result (Triggered internally at /pytorch/torch/csrc/autograd/python_variable_indexing.cpp:347.)
  protein[k] = v[slices]
Epoch 3:  39%|███▉      | 25/64 [04:15<06:38,  0.10it/s, train/loss=22.90]Epoch 3:  39%|███▉      | 25/64 [04:15<06:38,  0.10it/s, train/loss=18.80]/home/test/Desktop/Fed-fold/openfold/utils/tensor_utils.py:95: UserWarning: Using a non-tuple sequence for multidimensional indexing is deprecated and will be changed in pytorch 2.9; use x[tuple(seq)] instead of x[seq]. In pytorch 2.9 this will be interpreted as tensor index, x[torch.tensor(seq)], which will result either in an error or a different result (Triggered internally at /pytorch/torch/csrc/autograd/python_variable_indexing.cpp:347.)
  return data[ranges]
/home/test/Desktop/Fed-fold/openfold/data/data_transforms.py:1261: UserWarning: Using a non-tuple sequence for multidimensional indexing is deprecated and will be changed in pytorch 2.9; use x[tuple(seq)] instead of x[seq]. In pytorch 2.9 this will be interpreted as tensor index, x[torch.tensor(seq)], which will result either in an error or a different result (Triggered internally at /pytorch/torch/csrc/autograd/python_variable_indexing.cpp:347.)
  protein[k] = v[slices]
Epoch 3:  41%|████      | 26/64 [04:27<06:31,  0.10it/s, train/loss=18.80]Epoch 3:  41%|████      | 26/64 [04:27<06:31,  0.10it/s, train/loss=23.50]/home/test/Desktop/Fed-fold/openfold/utils/tensor_utils.py:95: UserWarning: Using a non-tuple sequence for multidimensional indexing is deprecated and will be changed in pytorch 2.9; use x[tuple(seq)] instead of x[seq]. In pytorch 2.9 this will be interpreted as tensor index, x[torch.tensor(seq)], which will result either in an error or a different result (Triggered internally at /pytorch/torch/csrc/autograd/python_variable_indexing.cpp:347.)
  return data[ranges]
/home/test/Desktop/Fed-fold/openfold/data/data_transforms.py:1261: UserWarning: Using a non-tuple sequence for multidimensional indexing is deprecated and will be changed in pytorch 2.9; use x[tuple(seq)] instead of x[seq]. In pytorch 2.9 this will be interpreted as tensor index, x[torch.tensor(seq)], which will result either in an error or a different result (Triggered internally at /pytorch/torch/csrc/autograd/python_variable_indexing.cpp:347.)
  protein[k] = v[slices]
Epoch 3:  42%|████▏     | 27/64 [04:36<06:19,  0.10it/s, train/loss=23.50]Epoch 3:  42%|████▏     | 27/64 [04:36<06:19,  0.10it/s, train/loss=21.50]/home/test/Desktop/Fed-fold/openfold/utils/tensor_utils.py:95: UserWarning: Using a non-tuple sequence for multidimensional indexing is deprecated and will be changed in pytorch 2.9; use x[tuple(seq)] instead of x[seq]. In pytorch 2.9 this will be interpreted as tensor index, x[torch.tensor(seq)], which will result either in an error or a different result (Triggered internally at /pytorch/torch/csrc/autograd/python_variable_indexing.cpp:347.)
  return data[ranges]
/home/test/Desktop/Fed-fold/openfold/data/data_transforms.py:1261: UserWarning: Using a non-tuple sequence for multidimensional indexing is deprecated and will be changed in pytorch 2.9; use x[tuple(seq)] instead of x[seq]. In pytorch 2.9 this will be interpreted as tensor index, x[torch.tensor(seq)], which will result either in an error or a different result (Triggered internally at /pytorch/torch/csrc/autograd/python_variable_indexing.cpp:347.)
  protein[k] = v[slices]
Epoch 3:  44%|████▍     | 28/64 [04:47<06:09,  0.10it/s, train/loss=21.50]Epoch 3:  44%|████▍     | 28/64 [04:47<06:09,  0.10it/s, train/loss=23.20]/home/test/Desktop/Fed-fold/openfold/utils/tensor_utils.py:95: UserWarning: Using a non-tuple sequence for multidimensional indexing is deprecated and will be changed in pytorch 2.9; use x[tuple(seq)] instead of x[seq]. In pytorch 2.9 this will be interpreted as tensor index, x[torch.tensor(seq)], which will result either in an error or a different result (Triggered internally at /pytorch/torch/csrc/autograd/python_variable_indexing.cpp:347.)
  return data[ranges]
/home/test/Desktop/Fed-fold/openfold/data/data_transforms.py:1261: UserWarning: Using a non-tuple sequence for multidimensional indexing is deprecated and will be changed in pytorch 2.9; use x[tuple(seq)] instead of x[seq]. In pytorch 2.9 this will be interpreted as tensor index, x[torch.tensor(seq)], which will result either in an error or a different result (Triggered internally at /pytorch/torch/csrc/autograd/python_variable_indexing.cpp:347.)
  protein[k] = v[slices]
Epoch 3:  45%|████▌     | 29/64 [04:59<06:02,  0.10it/s, train/loss=23.20]Epoch 3:  45%|████▌     | 29/64 [04:59<06:02,  0.10it/s, train/loss=26.70]/home/test/Desktop/Fed-fold/openfold/utils/tensor_utils.py:95: UserWarning: Using a non-tuple sequence for multidimensional indexing is deprecated and will be changed in pytorch 2.9; use x[tuple(seq)] instead of x[seq]. In pytorch 2.9 this will be interpreted as tensor index, x[torch.tensor(seq)], which will result either in an error or a different result (Triggered internally at /pytorch/torch/csrc/autograd/python_variable_indexing.cpp:347.)
  return data[ranges]
/home/test/Desktop/Fed-fold/openfold/data/data_transforms.py:1261: UserWarning: Using a non-tuple sequence for multidimensional indexing is deprecated and will be changed in pytorch 2.9; use x[tuple(seq)] instead of x[seq]. In pytorch 2.9 this will be interpreted as tensor index, x[torch.tensor(seq)], which will result either in an error or a different result (Triggered internally at /pytorch/torch/csrc/autograd/python_variable_indexing.cpp:347.)
  protein[k] = v[slices]
Epoch 3:  47%|████▋     | 30/64 [05:12<05:53,  0.10it/s, train/loss=26.70]Epoch 3:  47%|████▋     | 30/64 [05:12<05:53,  0.10it/s, train/loss=22.90]/home/test/Desktop/Fed-fold/openfold/utils/tensor_utils.py:95: UserWarning: Using a non-tuple sequence for multidimensional indexing is deprecated and will be changed in pytorch 2.9; use x[tuple(seq)] instead of x[seq]. In pytorch 2.9 this will be interpreted as tensor index, x[torch.tensor(seq)], which will result either in an error or a different result (Triggered internally at /pytorch/torch/csrc/autograd/python_variable_indexing.cpp:347.)
  return data[ranges]
/home/test/Desktop/Fed-fold/openfold/data/data_transforms.py:1261: UserWarning: Using a non-tuple sequence for multidimensional indexing is deprecated and will be changed in pytorch 2.9; use x[tuple(seq)] instead of x[seq]. In pytorch 2.9 this will be interpreted as tensor index, x[torch.tensor(seq)], which will result either in an error or a different result (Triggered internally at /pytorch/torch/csrc/autograd/python_variable_indexing.cpp:347.)
  protein[k] = v[slices]
Epoch 3:  48%|████▊     | 31/64 [05:19<05:40,  0.10it/s, train/loss=22.90]Epoch 3:  48%|████▊     | 31/64 [05:19<05:40,  0.10it/s, train/loss=30.10]/home/test/Desktop/Fed-fold/openfold/utils/tensor_utils.py:95: UserWarning: Using a non-tuple sequence for multidimensional indexing is deprecated and will be changed in pytorch 2.9; use x[tuple(seq)] instead of x[seq]. In pytorch 2.9 this will be interpreted as tensor index, x[torch.tensor(seq)], which will result either in an error or a different result (Triggered internally at /pytorch/torch/csrc/autograd/python_variable_indexing.cpp:347.)
  return data[ranges]
/home/test/Desktop/Fed-fold/openfold/data/data_transforms.py:1261: UserWarning: Using a non-tuple sequence for multidimensional indexing is deprecated and will be changed in pytorch 2.9; use x[tuple(seq)] instead of x[seq]. In pytorch 2.9 this will be interpreted as tensor index, x[torch.tensor(seq)], which will result either in an error or a different result (Triggered internally at /pytorch/torch/csrc/autograd/python_variable_indexing.cpp:347.)
  protein[k] = v[slices]
Epoch 3:  50%|█████     | 32/64 [05:32<05:32,  0.10it/s, train/loss=30.10]Epoch 3:  50%|█████     | 32/64 [05:32<05:32,  0.10it/s, train/loss=44.70]Epoch 3:  52%|█████▏    | 33/64 [05:44<05:23,  0.10it/s, train/loss=44.70]Epoch 3:  52%|█████▏    | 33/64 [05:44<05:23,  0.10it/s, train/loss=18.70]Epoch 3:  53%|█████▎    | 34/64 [05:51<05:10,  0.10it/s, train/loss=18.70]Epoch 3:  53%|█████▎    | 34/64 [05:51<05:10,  0.10it/s, train/loss=33.10]Epoch 3:  55%|█████▍    | 35/64 [06:02<05:00,  0.10it/s, train/loss=33.10]Epoch 3:  55%|█████▍    | 35/64 [06:02<05:00,  0.10it/s, train/loss=29.20]Epoch 3:  56%|█████▋    | 36/64 [06:11<04:48,  0.10it/s, train/loss=29.20]Epoch 3:  56%|█████▋    | 36/64 [06:11<04:48,  0.10it/s, train/loss=27.90]Epoch 3:  58%|█████▊    | 37/64 [06:18<04:36,  0.10it/s, train/loss=27.90]Epoch 3:  58%|█████▊    | 37/64 [06:18<04:36,  0.10it/s, train/loss=17.60]Epoch 3:  59%|█████▉    | 38/64 [06:26<04:24,  0.10it/s, train/loss=17.60]Epoch 3:  59%|█████▉    | 38/64 [06:26<04:24,  0.10it/s, train/loss=25.00]Epoch 3:  61%|██████    | 39/64 [06:37<04:14,  0.10it/s, train/loss=25.00]Epoch 3:  61%|██████    | 39/64 [06:37<04:14,  0.10it/s, train/loss=27.80]Epoch 3:  62%|██████▎   | 40/64 [06:47<04:04,  0.10it/s, train/loss=27.80]Epoch 3:  62%|██████▎   | 40/64 [06:47<04:04,  0.10it/s, train/loss=29.60]Epoch 3:  64%|██████▍   | 41/64 [06:56<03:53,  0.10it/s, train/loss=29.60]Epoch 3:  64%|██████▍   | 41/64 [06:56<03:53,  0.10it/s, train/loss=35.10]Epoch 3:  66%|██████▌   | 42/64 [07:09<03:44,  0.10it/s, train/loss=35.10]Epoch 3:  66%|██████▌   | 42/64 [07:09<03:44,  0.10it/s, train/loss=16.00]Epoch 3:  67%|██████▋   | 43/64 [07:16<03:33,  0.10it/s, train/loss=16.00]Epoch 3:  67%|██████▋   | 43/64 [07:16<03:33,  0.10it/s, train/loss=35.40]Epoch 3:  69%|██████▉   | 44/64 [07:28<03:23,  0.10it/s, train/loss=35.40]Epoch 3:  69%|██████▉   | 44/64 [07:28<03:23,  0.10it/s, train/loss=17.50]Epoch 3:  70%|███████   | 45/64 [07:40<03:14,  0.10it/s, train/loss=17.50]Epoch 3:  70%|███████   | 45/64 [07:40<03:14,  0.10it/s, train/loss=28.80]Epoch 3:  72%|███████▏  | 46/64 [07:51<03:04,  0.10it/s, train/loss=28.80]Epoch 3:  72%|███████▏  | 46/64 [07:51<03:04,  0.10it/s, train/loss=22.20]Epoch 3:  73%|███████▎  | 47/64 [08:00<02:53,  0.10it/s, train/loss=22.20]Epoch 3:  73%|███████▎  | 47/64 [08:00<02:53,  0.10it/s, train/loss=35.90]Epoch 3:  75%|███████▌  | 48/64 [08:11<02:43,  0.10it/s, train/loss=35.90]Epoch 3:  75%|███████▌  | 48/64 [08:11<02:43,  0.10it/s, train/loss=31.20]Epoch 3:  77%|███████▋  | 49/64 [08:20<02:33,  0.10it/s, train/loss=31.20]Epoch 3:  77%|███████▋  | 49/64 [08:20<02:33,  0.10it/s, train/loss=25.40]Epoch 3:  78%|███████▊  | 50/64 [08:29<02:22,  0.10it/s, train/loss=25.40]Epoch 3:  78%|███████▊  | 50/64 [08:29<02:22,  0.10it/s, train/loss=29.70]Epoch 3:  80%|███████▉  | 51/64 [08:36<02:11,  0.10it/s, train/loss=29.70]Epoch 3:  80%|███████▉  | 51/64 [08:36<02:11,  0.10it/s, train/loss=34.00]Epoch 3:  81%|████████▏ | 52/64 [08:48<02:02,  0.10it/s, train/loss=34.00]Epoch 3:  81%|████████▏ | 52/64 [08:48<02:02,  0.10it/s, train/loss=24.90]Epoch 3:  83%|████████▎ | 53/64 [08:57<01:51,  0.10it/s, train/loss=24.90]Epoch 3:  83%|████████▎ | 53/64 [08:57<01:51,  0.10it/s, train/loss=35.60]Epoch 3:  84%|████████▍ | 54/64 [09:08<01:41,  0.10it/s, train/loss=35.60]Epoch 3:  84%|████████▍ | 54/64 [09:08<01:41,  0.10it/s, train/loss=18.60]Epoch 3:  86%|████████▌ | 55/64 [09:17<01:31,  0.10it/s, train/loss=18.60]Epoch 3:  86%|████████▌ | 55/64 [09:17<01:31,  0.10it/s, train/loss=33.20]Epoch 3:  88%|████████▊ | 56/64 [09:26<01:20,  0.10it/s, train/loss=33.20]Epoch 3:  88%|████████▊ | 56/64 [09:26<01:20,  0.10it/s, train/loss=34.50]Epoch 3:  89%|████████▉ | 57/64 [09:35<01:10,  0.10it/s, train/loss=34.50]Epoch 3:  89%|████████▉ | 57/64 [09:35<01:10,  0.10it/s, train/loss=16.00]Epoch 3:  91%|█████████ | 58/64 [09:44<01:00,  0.10it/s, train/loss=16.00]Epoch 3:  91%|█████████ | 58/64 [09:44<01:00,  0.10it/s, train/loss=17.80]Epoch 3:  92%|█████████▏| 59/64 [09:55<00:50,  0.10it/s, train/loss=17.80]Epoch 3:  92%|█████████▏| 59/64 [09:55<00:50,  0.10it/s, train/loss=24.10]Epoch 3:  94%|█████████▍| 60/64 [10:06<00:40,  0.10it/s, train/loss=24.10]Epoch 3:  94%|█████████▍| 60/64 [10:06<00:40,  0.10it/s, train/loss=27.10]Epoch 3:  95%|█████████▌| 61/64 [10:15<00:30,  0.10it/s, train/loss=27.10]Epoch 3:  95%|█████████▌| 61/64 [10:15<00:30,  0.10it/s, train/loss=24.10]Epoch 3:  97%|█████████▋| 62/64 [10:25<00:20,  0.10it/s, train/loss=24.10]Epoch 3:  97%|█████████▋| 62/64 [10:25<00:20,  0.10it/s, train/loss=25.30]Epoch 3:  98%|█████████▊| 63/64 [10:33<00:10,  0.10it/s, train/loss=25.30]Epoch 3:  98%|█████████▊| 63/64 [10:33<00:10,  0.10it/s, train/loss=15.60]Epoch 3: 100%|██████████| 64/64 [10:40<00:00,  0.10it/s, train/loss=15.60]Epoch 3: 100%|██████████| 64/64 [10:40<00:00,  0.10it/s, train/loss=31.30]Epoch 3: 100%|██████████| 64/64 [10:40<00:00,  0.10it/s, train/loss=31.30]Epoch 3:   0%|          | 0/64 [00:00<?, ?it/s, train/loss=31.30]         Epoch 4:   0%|          | 0/64 [00:00<?, ?it/s, train/loss=31.30]/home/test/Desktop/Fed-fold/openfold/utils/tensor_utils.py:95: UserWarning: Using a non-tuple sequence for multidimensional indexing is deprecated and will be changed in pytorch 2.9; use x[tuple(seq)] instead of x[seq]. In pytorch 2.9 this will be interpreted as tensor index, x[torch.tensor(seq)], which will result either in an error or a different result (Triggered internally at /pytorch/torch/csrc/autograd/python_variable_indexing.cpp:347.)
  return data[ranges]
/home/test/Desktop/Fed-fold/openfold/data/data_transforms.py:1261: UserWarning: Using a non-tuple sequence for multidimensional indexing is deprecated and will be changed in pytorch 2.9; use x[tuple(seq)] instead of x[seq]. In pytorch 2.9 this will be interpreted as tensor index, x[torch.tensor(seq)], which will result either in an error or a different result (Triggered internally at /pytorch/torch/csrc/autograd/python_variable_indexing.cpp:347.)
  protein[k] = v[slices]
/home/test/Desktop/Fed-fold/openfold/utils/tensor_utils.py:95: UserWarning: Using a non-tuple sequence for multidimensional indexing is deprecated and will be changed in pytorch 2.9; use x[tuple(seq)] instead of x[seq]. In pytorch 2.9 this will be interpreted as tensor index, x[torch.tensor(seq)], which will result either in an error or a different result (Triggered internally at /pytorch/torch/csrc/autograd/python_variable_indexing.cpp:347.)
  return data[ranges]
/home/test/Desktop/Fed-fold/openfold/data/data_transforms.py:1261: UserWarning: Using a non-tuple sequence for multidimensional indexing is deprecated and will be changed in pytorch 2.9; use x[tuple(seq)] instead of x[seq]. In pytorch 2.9 this will be interpreted as tensor index, x[torch.tensor(seq)], which will result either in an error or a different result (Triggered internally at /pytorch/torch/csrc/autograd/python_variable_indexing.cpp:347.)
  protein[k] = v[slices]
/home/test/Desktop/Fed-fold/openfold/utils/tensor_utils.py:95: UserWarning: Using a non-tuple sequence for multidimensional indexing is deprecated and will be changed in pytorch 2.9; use x[tuple(seq)] instead of x[seq]. In pytorch 2.9 this will be interpreted as tensor index, x[torch.tensor(seq)], which will result either in an error or a different result (Triggered internally at /pytorch/torch/csrc/autograd/python_variable_indexing.cpp:347.)
  return data[ranges]
/home/test/Desktop/Fed-fold/openfold/utils/tensor_utils.py:95: UserWarning: Using a non-tuple sequence for multidimensional indexing is deprecated and will be changed in pytorch 2.9; use x[tuple(seq)] instead of x[seq]. In pytorch 2.9 this will be interpreted as tensor index, x[torch.tensor(seq)], which will result either in an error or a different result (Triggered internally at /pytorch/torch/csrc/autograd/python_variable_indexing.cpp:347.)
  return data[ranges]
/home/test/Desktop/Fed-fold/openfold/utils/tensor_utils.py:95: UserWarning: Using a non-tuple sequence for multidimensional indexing is deprecated and will be changed in pytorch 2.9; use x[tuple(seq)] instead of x[seq]. In pytorch 2.9 this will be interpreted as tensor index, x[torch.tensor(seq)], which will result either in an error or a different result (Triggered internally at /pytorch/torch/csrc/autograd/python_variable_indexing.cpp:347.)
  return data[ranges]
/home/test/Desktop/Fed-fold/openfold/data/data_transforms.py:1261: UserWarning: Using a non-tuple sequence for multidimensional indexing is deprecated and will be changed in pytorch 2.9; use x[tuple(seq)] instead of x[seq]. In pytorch 2.9 this will be interpreted as tensor index, x[torch.tensor(seq)], which will result either in an error or a different result (Triggered internally at /pytorch/torch/csrc/autograd/python_variable_indexing.cpp:347.)
  protein[k] = v[slices]
/home/test/Desktop/Fed-fold/openfold/utils/tensor_utils.py:95: UserWarning: Using a non-tuple sequence for multidimensional indexing is deprecated and will be changed in pytorch 2.9; use x[tuple(seq)] instead of x[seq]. In pytorch 2.9 this will be interpreted as tensor index, x[torch.tensor(seq)], which will result either in an error or a different result (Triggered internally at /pytorch/torch/csrc/autograd/python_variable_indexing.cpp:347.)
  return data[ranges]
/home/test/Desktop/Fed-fold/openfold/data/data_transforms.py:1261: UserWarning: Using a non-tuple sequence for multidimensional indexing is deprecated and will be changed in pytorch 2.9; use x[tuple(seq)] instead of x[seq]. In pytorch 2.9 this will be interpreted as tensor index, x[torch.tensor(seq)], which will result either in an error or a different result (Triggered internally at /pytorch/torch/csrc/autograd/python_variable_indexing.cpp:347.)
  protein[k] = v[slices]
/home/test/Desktop/Fed-fold/openfold/data/data_transforms.py:1261: UserWarning: Using a non-tuple sequence for multidimensional indexing is deprecated and will be changed in pytorch 2.9; use x[tuple(seq)] instead of x[seq]. In pytorch 2.9 this will be interpreted as tensor index, x[torch.tensor(seq)], which will result either in an error or a different result (Triggered internally at /pytorch/torch/csrc/autograd/python_variable_indexing.cpp:347.)
  protein[k] = v[slices]
/home/test/Desktop/Fed-fold/openfold/utils/tensor_utils.py:95: UserWarning: Using a non-tuple sequence for multidimensional indexing is deprecated and will be changed in pytorch 2.9; use x[tuple(seq)] instead of x[seq]. In pytorch 2.9 this will be interpreted as tensor index, x[torch.tensor(seq)], which will result either in an error or a different result (Triggered internally at /pytorch/torch/csrc/autograd/python_variable_indexing.cpp:347.)
  return data[ranges]
/home/test/Desktop/Fed-fold/openfold/data/data_transforms.py:1261: UserWarning: Using a non-tuple sequence for multidimensional indexing is deprecated and will be changed in pytorch 2.9; use x[tuple(seq)] instead of x[seq]. In pytorch 2.9 this will be interpreted as tensor index, x[torch.tensor(seq)], which will result either in an error or a different result (Triggered internally at /pytorch/torch/csrc/autograd/python_variable_indexing.cpp:347.)
  protein[k] = v[slices]
/home/test/Desktop/Fed-fold/openfold/utils/tensor_utils.py:95: UserWarning: Using a non-tuple sequence for multidimensional indexing is deprecated and will be changed in pytorch 2.9; use x[tuple(seq)] instead of x[seq]. In pytorch 2.9 this will be interpreted as tensor index, x[torch.tensor(seq)], which will result either in an error or a different result (Triggered internally at /pytorch/torch/csrc/autograd/python_variable_indexing.cpp:347.)
  return data[ranges]
/home/test/Desktop/Fed-fold/openfold/utils/tensor_utils.py:95: UserWarning: Using a non-tuple sequence for multidimensional indexing is deprecated and will be changed in pytorch 2.9; use x[tuple(seq)] instead of x[seq]. In pytorch 2.9 this will be interpreted as tensor index, x[torch.tensor(seq)], which will result either in an error or a different result (Triggered internally at /pytorch/torch/csrc/autograd/python_variable_indexing.cpp:347.)
  return data[ranges]
/home/test/Desktop/Fed-fold/openfold/data/data_transforms.py:1261: UserWarning: Using a non-tuple sequence for multidimensional indexing is deprecated and will be changed in pytorch 2.9; use x[tuple(seq)] instead of x[seq]. In pytorch 2.9 this will be interpreted as tensor index, x[torch.tensor(seq)], which will result either in an error or a different result (Triggered internally at /pytorch/torch/csrc/autograd/python_variable_indexing.cpp:347.)
  protein[k] = v[slices]
/home/test/Desktop/Fed-fold/openfold/data/data_transforms.py:1261: UserWarning: Using a non-tuple sequence for multidimensional indexing is deprecated and will be changed in pytorch 2.9; use x[tuple(seq)] instead of x[seq]. In pytorch 2.9 this will be interpreted as tensor index, x[torch.tensor(seq)], which will result either in an error or a different result (Triggered internally at /pytorch/torch/csrc/autograd/python_variable_indexing.cpp:347.)
  protein[k] = v[slices]
/home/test/Desktop/Fed-fold/openfold/data/data_transforms.py:1261: UserWarning: Using a non-tuple sequence for multidimensional indexing is deprecated and will be changed in pytorch 2.9; use x[tuple(seq)] instead of x[seq]. In pytorch 2.9 this will be interpreted as tensor index, x[torch.tensor(seq)], which will result either in an error or a different result (Triggered internally at /pytorch/torch/csrc/autograd/python_variable_indexing.cpp:347.)
  protein[k] = v[slices]
/home/test/Desktop/Fed-fold/openfold/utils/tensor_utils.py:95: UserWarning: Using a non-tuple sequence for multidimensional indexing is deprecated and will be changed in pytorch 2.9; use x[tuple(seq)] instead of x[seq]. In pytorch 2.9 this will be interpreted as tensor index, x[torch.tensor(seq)], which will result either in an error or a different result (Triggered internally at /pytorch/torch/csrc/autograd/python_variable_indexing.cpp:347.)
  return data[ranges]
/home/test/Desktop/Fed-fold/openfold/utils/tensor_utils.py:95: UserWarning: Using a non-tuple sequence for multidimensional indexing is deprecated and will be changed in pytorch 2.9; use x[tuple(seq)] instead of x[seq]. In pytorch 2.9 this will be interpreted as tensor index, x[torch.tensor(seq)], which will result either in an error or a different result (Triggered internally at /pytorch/torch/csrc/autograd/python_variable_indexing.cpp:347.)
  return data[ranges]
/home/test/Desktop/Fed-fold/openfold/utils/tensor_utils.py:95: UserWarning: Using a non-tuple sequence for multidimensional indexing is deprecated and will be changed in pytorch 2.9; use x[tuple(seq)] instead of x[seq]. In pytorch 2.9 this will be interpreted as tensor index, x[torch.tensor(seq)], which will result either in an error or a different result (Triggered internally at /pytorch/torch/csrc/autograd/python_variable_indexing.cpp:347.)
  return data[ranges]
/home/test/Desktop/Fed-fold/openfold/data/data_transforms.py:1261: UserWarning: Using a non-tuple sequence for multidimensional indexing is deprecated and will be changed in pytorch 2.9; use x[tuple(seq)] instead of x[seq]. In pytorch 2.9 this will be interpreted as tensor index, x[torch.tensor(seq)], which will result either in an error or a different result (Triggered internally at /pytorch/torch/csrc/autograd/python_variable_indexing.cpp:347.)
  protein[k] = v[slices]
/home/test/Desktop/Fed-fold/openfold/data/data_transforms.py:1261: UserWarning: Using a non-tuple sequence for multidimensional indexing is deprecated and will be changed in pytorch 2.9; use x[tuple(seq)] instead of x[seq]. In pytorch 2.9 this will be interpreted as tensor index, x[torch.tensor(seq)], which will result either in an error or a different result (Triggered internally at /pytorch/torch/csrc/autograd/python_variable_indexing.cpp:347.)
  protein[k] = v[slices]
/home/test/Desktop/Fed-fold/openfold/data/data_transforms.py:1261: UserWarning: Using a non-tuple sequence for multidimensional indexing is deprecated and will be changed in pytorch 2.9; use x[tuple(seq)] instead of x[seq]. In pytorch 2.9 this will be interpreted as tensor index, x[torch.tensor(seq)], which will result either in an error or a different result (Triggered internally at /pytorch/torch/csrc/autograd/python_variable_indexing.cpp:347.)
  protein[k] = v[slices]
/home/test/Desktop/Fed-fold/openfold/utils/tensor_utils.py:95: UserWarning: Using a non-tuple sequence for multidimensional indexing is deprecated and will be changed in pytorch 2.9; use x[tuple(seq)] instead of x[seq]. In pytorch 2.9 this will be interpreted as tensor index, x[torch.tensor(seq)], which will result either in an error or a different result (Triggered internally at /pytorch/torch/csrc/autograd/python_variable_indexing.cpp:347.)
  return data[ranges]
/home/test/Desktop/Fed-fold/openfold/data/data_transforms.py:1261: UserWarning: Using a non-tuple sequence for multidimensional indexing is deprecated and will be changed in pytorch 2.9; use x[tuple(seq)] instead of x[seq]. In pytorch 2.9 this will be interpreted as tensor index, x[torch.tensor(seq)], which will result either in an error or a different result (Triggered internally at /pytorch/torch/csrc/autograd/python_variable_indexing.cpp:347.)
  protein[k] = v[slices]
/home/test/Desktop/Fed-fold/openfold/utils/tensor_utils.py:95: UserWarning: Using a non-tuple sequence for multidimensional indexing is deprecated and will be changed in pytorch 2.9; use x[tuple(seq)] instead of x[seq]. In pytorch 2.9 this will be interpreted as tensor index, x[torch.tensor(seq)], which will result either in an error or a different result (Triggered internally at /pytorch/torch/csrc/autograd/python_variable_indexing.cpp:347.)
  return data[ranges]
/home/test/Desktop/Fed-fold/openfold/data/data_transforms.py:1261: UserWarning: Using a non-tuple sequence for multidimensional indexing is deprecated and will be changed in pytorch 2.9; use x[tuple(seq)] instead of x[seq]. In pytorch 2.9 this will be interpreted as tensor index, x[torch.tensor(seq)], which will result either in an error or a different result (Triggered internally at /pytorch/torch/csrc/autograd/python_variable_indexing.cpp:347.)
  protein[k] = v[slices]
/home/test/Desktop/Fed-fold/openfold/utils/tensor_utils.py:95: UserWarning: Using a non-tuple sequence for multidimensional indexing is deprecated and will be changed in pytorch 2.9; use x[tuple(seq)] instead of x[seq]. In pytorch 2.9 this will be interpreted as tensor index, x[torch.tensor(seq)], which will result either in an error or a different result (Triggered internally at /pytorch/torch/csrc/autograd/python_variable_indexing.cpp:347.)
  return data[ranges]
/home/test/Desktop/Fed-fold/openfold/data/data_transforms.py:1261: UserWarning: Using a non-tuple sequence for multidimensional indexing is deprecated and will be changed in pytorch 2.9; use x[tuple(seq)] instead of x[seq]. In pytorch 2.9 this will be interpreted as tensor index, x[torch.tensor(seq)], which will result either in an error or a different result (Triggered internally at /pytorch/torch/csrc/autograd/python_variable_indexing.cpp:347.)
  protein[k] = v[slices]
/home/test/Desktop/Fed-fold/openfold/utils/tensor_utils.py:95: UserWarning: Using a non-tuple sequence for multidimensional indexing is deprecated and will be changed in pytorch 2.9; use x[tuple(seq)] instead of x[seq]. In pytorch 2.9 this will be interpreted as tensor index, x[torch.tensor(seq)], which will result either in an error or a different result (Triggered internally at /pytorch/torch/csrc/autograd/python_variable_indexing.cpp:347.)
  return data[ranges]
/home/test/Desktop/Fed-fold/openfold/utils/tensor_utils.py:95: UserWarning: Using a non-tuple sequence for multidimensional indexing is deprecated and will be changed in pytorch 2.9; use x[tuple(seq)] instead of x[seq]. In pytorch 2.9 this will be interpreted as tensor index, x[torch.tensor(seq)], which will result either in an error or a different result (Triggered internally at /pytorch/torch/csrc/autograd/python_variable_indexing.cpp:347.)
  return data[ranges]
/home/test/Desktop/Fed-fold/openfold/data/data_transforms.py:1261: UserWarning: Using a non-tuple sequence for multidimensional indexing is deprecated and will be changed in pytorch 2.9; use x[tuple(seq)] instead of x[seq]. In pytorch 2.9 this will be interpreted as tensor index, x[torch.tensor(seq)], which will result either in an error or a different result (Triggered internally at /pytorch/torch/csrc/autograd/python_variable_indexing.cpp:347.)
  protein[k] = v[slices]
/home/test/Desktop/Fed-fold/openfold/data/data_transforms.py:1261: UserWarning: Using a non-tuple sequence for multidimensional indexing is deprecated and will be changed in pytorch 2.9; use x[tuple(seq)] instead of x[seq]. In pytorch 2.9 this will be interpreted as tensor index, x[torch.tensor(seq)], which will result either in an error or a different result (Triggered internally at /pytorch/torch/csrc/autograd/python_variable_indexing.cpp:347.)
  protein[k] = v[slices]
/home/test/Desktop/Fed-fold/openfold/utils/tensor_utils.py:95: UserWarning: Using a non-tuple sequence for multidimensional indexing is deprecated and will be changed in pytorch 2.9; use x[tuple(seq)] instead of x[seq]. In pytorch 2.9 this will be interpreted as tensor index, x[torch.tensor(seq)], which will result either in an error or a different result (Triggered internally at /pytorch/torch/csrc/autograd/python_variable_indexing.cpp:347.)
  return data[ranges]
/home/test/Desktop/Fed-fold/openfold/data/data_transforms.py:1261: UserWarning: Using a non-tuple sequence for multidimensional indexing is deprecated and will be changed in pytorch 2.9; use x[tuple(seq)] instead of x[seq]. In pytorch 2.9 this will be interpreted as tensor index, x[torch.tensor(seq)], which will result either in an error or a different result (Triggered internally at /pytorch/torch/csrc/autograd/python_variable_indexing.cpp:347.)
  protein[k] = v[slices]
/home/test/Desktop/Fed-fold/openfold/utils/tensor_utils.py:95: UserWarning: Using a non-tuple sequence for multidimensional indexing is deprecated and will be changed in pytorch 2.9; use x[tuple(seq)] instead of x[seq]. In pytorch 2.9 this will be interpreted as tensor index, x[torch.tensor(seq)], which will result either in an error or a different result (Triggered internally at /pytorch/torch/csrc/autograd/python_variable_indexing.cpp:347.)
  return data[ranges]
/home/test/Desktop/Fed-fold/openfold/utils/tensor_utils.py:95: UserWarning: Using a non-tuple sequence for multidimensional indexing is deprecated and will be changed in pytorch 2.9; use x[tuple(seq)] instead of x[seq]. In pytorch 2.9 this will be interpreted as tensor index, x[torch.tensor(seq)], which will result either in an error or a different result (Triggered internally at /pytorch/torch/csrc/autograd/python_variable_indexing.cpp:347.)
  return data[ranges]
/home/test/Desktop/Fed-fold/openfold/data/data_transforms.py:1261: UserWarning: Using a non-tuple sequence for multidimensional indexing is deprecated and will be changed in pytorch 2.9; use x[tuple(seq)] instead of x[seq]. In pytorch 2.9 this will be interpreted as tensor index, x[torch.tensor(seq)], which will result either in an error or a different result (Triggered internally at /pytorch/torch/csrc/autograd/python_variable_indexing.cpp:347.)
  protein[k] = v[slices]
/home/test/Desktop/Fed-fold/openfold/data/data_transforms.py:1261: UserWarning: Using a non-tuple sequence for multidimensional indexing is deprecated and will be changed in pytorch 2.9; use x[tuple(seq)] instead of x[seq]. In pytorch 2.9 this will be interpreted as tensor index, x[torch.tensor(seq)], which will result either in an error or a different result (Triggered internally at /pytorch/torch/csrc/autograd/python_variable_indexing.cpp:347.)
  protein[k] = v[slices]
/home/test/Desktop/Fed-fold/openfold/utils/tensor_utils.py:95: UserWarning: Using a non-tuple sequence for multidimensional indexing is deprecated and will be changed in pytorch 2.9; use x[tuple(seq)] instead of x[seq]. In pytorch 2.9 this will be interpreted as tensor index, x[torch.tensor(seq)], which will result either in an error or a different result (Triggered internally at /pytorch/torch/csrc/autograd/python_variable_indexing.cpp:347.)
  return data[ranges]
/home/test/Desktop/Fed-fold/openfold/utils/tensor_utils.py:95: UserWarning: Using a non-tuple sequence for multidimensional indexing is deprecated and will be changed in pytorch 2.9; use x[tuple(seq)] instead of x[seq]. In pytorch 2.9 this will be interpreted as tensor index, x[torch.tensor(seq)], which will result either in an error or a different result (Triggered internally at /pytorch/torch/csrc/autograd/python_variable_indexing.cpp:347.)
  return data[ranges]
/home/test/Desktop/Fed-fold/openfold/utils/tensor_utils.py:95: UserWarning: Using a non-tuple sequence for multidimensional indexing is deprecated and will be changed in pytorch 2.9; use x[tuple(seq)] instead of x[seq]. In pytorch 2.9 this will be interpreted as tensor index, x[torch.tensor(seq)], which will result either in an error or a different result (Triggered internally at /pytorch/torch/csrc/autograd/python_variable_indexing.cpp:347.)
  return data[ranges]
/home/test/Desktop/Fed-fold/openfold/utils/tensor_utils.py:95: UserWarning: Using a non-tuple sequence for multidimensional indexing is deprecated and will be changed in pytorch 2.9; use x[tuple(seq)] instead of x[seq]. In pytorch 2.9 this will be interpreted as tensor index, x[torch.tensor(seq)], which will result either in an error or a different result (Triggered internally at /pytorch/torch/csrc/autograd/python_variable_indexing.cpp:347.)
  return data[ranges]
/home/test/Desktop/Fed-fold/openfold/utils/tensor_utils.py:95: UserWarning: Using a non-tuple sequence for multidimensional indexing is deprecated and will be changed in pytorch 2.9; use x[tuple(seq)] instead of x[seq]. In pytorch 2.9 this will be interpreted as tensor index, x[torch.tensor(seq)], which will result either in an error or a different result (Triggered internally at /pytorch/torch/csrc/autograd/python_variable_indexing.cpp:347.)
  return data[ranges]
/home/test/Desktop/Fed-fold/openfold/data/data_transforms.py:1261: UserWarning: Using a non-tuple sequence for multidimensional indexing is deprecated and will be changed in pytorch 2.9; use x[tuple(seq)] instead of x[seq]. In pytorch 2.9 this will be interpreted as tensor index, x[torch.tensor(seq)], which will result either in an error or a different result (Triggered internally at /pytorch/torch/csrc/autograd/python_variable_indexing.cpp:347.)
  protein[k] = v[slices]
/home/test/Desktop/Fed-fold/openfold/data/data_transforms.py:1261: UserWarning: Using a non-tuple sequence for multidimensional indexing is deprecated and will be changed in pytorch 2.9; use x[tuple(seq)] instead of x[seq]. In pytorch 2.9 this will be interpreted as tensor index, x[torch.tensor(seq)], which will result either in an error or a different result (Triggered internally at /pytorch/torch/csrc/autograd/python_variable_indexing.cpp:347.)
  protein[k] = v[slices]
/home/test/Desktop/Fed-fold/openfold/data/data_transforms.py:1261: UserWarning: Using a non-tuple sequence for multidimensional indexing is deprecated and will be changed in pytorch 2.9; use x[tuple(seq)] instead of x[seq]. In pytorch 2.9 this will be interpreted as tensor index, x[torch.tensor(seq)], which will result either in an error or a different result (Triggered internally at /pytorch/torch/csrc/autograd/python_variable_indexing.cpp:347.)
  protein[k] = v[slices]
/home/test/Desktop/Fed-fold/openfold/data/data_transforms.py:1261: UserWarning: Using a non-tuple sequence for multidimensional indexing is deprecated and will be changed in pytorch 2.9; use x[tuple(seq)] instead of x[seq]. In pytorch 2.9 this will be interpreted as tensor index, x[torch.tensor(seq)], which will result either in an error or a different result (Triggered internally at /pytorch/torch/csrc/autograd/python_variable_indexing.cpp:347.)
  protein[k] = v[slices]
/home/test/Desktop/Fed-fold/openfold/data/data_transforms.py:1261: UserWarning: Using a non-tuple sequence for multidimensional indexing is deprecated and will be changed in pytorch 2.9; use x[tuple(seq)] instead of x[seq]. In pytorch 2.9 this will be interpreted as tensor index, x[torch.tensor(seq)], which will result either in an error or a different result (Triggered internally at /pytorch/torch/csrc/autograd/python_variable_indexing.cpp:347.)
  protein[k] = v[slices]
/home/test/Desktop/Fed-fold/openfold/utils/tensor_utils.py:95: UserWarning: Using a non-tuple sequence for multidimensional indexing is deprecated and will be changed in pytorch 2.9; use x[tuple(seq)] instead of x[seq]. In pytorch 2.9 this will be interpreted as tensor index, x[torch.tensor(seq)], which will result either in an error or a different result (Triggered internally at /pytorch/torch/csrc/autograd/python_variable_indexing.cpp:347.)
  return data[ranges]
/home/test/Desktop/Fed-fold/openfold/utils/tensor_utils.py:95: UserWarning: Using a non-tuple sequence for multidimensional indexing is deprecated and will be changed in pytorch 2.9; use x[tuple(seq)] instead of x[seq]. In pytorch 2.9 this will be interpreted as tensor index, x[torch.tensor(seq)], which will result either in an error or a different result (Triggered internally at /pytorch/torch/csrc/autograd/python_variable_indexing.cpp:347.)
  return data[ranges]
/home/test/Desktop/Fed-fold/openfold/data/data_transforms.py:1261: UserWarning: Using a non-tuple sequence for multidimensional indexing is deprecated and will be changed in pytorch 2.9; use x[tuple(seq)] instead of x[seq]. In pytorch 2.9 this will be interpreted as tensor index, x[torch.tensor(seq)], which will result either in an error or a different result (Triggered internally at /pytorch/torch/csrc/autograd/python_variable_indexing.cpp:347.)
  protein[k] = v[slices]
/home/test/Desktop/Fed-fold/openfold/utils/tensor_utils.py:95: UserWarning: Using a non-tuple sequence for multidimensional indexing is deprecated and will be changed in pytorch 2.9; use x[tuple(seq)] instead of x[seq]. In pytorch 2.9 this will be interpreted as tensor index, x[torch.tensor(seq)], which will result either in an error or a different result (Triggered internally at /pytorch/torch/csrc/autograd/python_variable_indexing.cpp:347.)
  return data[ranges]
/home/test/Desktop/Fed-fold/openfold/utils/tensor_utils.py:95: UserWarning: Using a non-tuple sequence for multidimensional indexing is deprecated and will be changed in pytorch 2.9; use x[tuple(seq)] instead of x[seq]. In pytorch 2.9 this will be interpreted as tensor index, x[torch.tensor(seq)], which will result either in an error or a different result (Triggered internally at /pytorch/torch/csrc/autograd/python_variable_indexing.cpp:347.)
  return data[ranges]
/home/test/Desktop/Fed-fold/openfold/data/data_transforms.py:1261: UserWarning: Using a non-tuple sequence for multidimensional indexing is deprecated and will be changed in pytorch 2.9; use x[tuple(seq)] instead of x[seq]. In pytorch 2.9 this will be interpreted as tensor index, x[torch.tensor(seq)], which will result either in an error or a different result (Triggered internally at /pytorch/torch/csrc/autograd/python_variable_indexing.cpp:347.)
  protein[k] = v[slices]
/home/test/Desktop/Fed-fold/openfold/data/data_transforms.py:1261: UserWarning: Using a non-tuple sequence for multidimensional indexing is deprecated and will be changed in pytorch 2.9; use x[tuple(seq)] instead of x[seq]. In pytorch 2.9 this will be interpreted as tensor index, x[torch.tensor(seq)], which will result either in an error or a different result (Triggered internally at /pytorch/torch/csrc/autograd/python_variable_indexing.cpp:347.)
  protein[k] = v[slices]
/home/test/Desktop/Fed-fold/openfold/data/data_transforms.py:1261: UserWarning: Using a non-tuple sequence for multidimensional indexing is deprecated and will be changed in pytorch 2.9; use x[tuple(seq)] instead of x[seq]. In pytorch 2.9 this will be interpreted as tensor index, x[torch.tensor(seq)], which will result either in an error or a different result (Triggered internally at /pytorch/torch/csrc/autograd/python_variable_indexing.cpp:347.)
  protein[k] = v[slices]
/home/test/Desktop/Fed-fold/openfold/utils/tensor_utils.py:95: UserWarning: Using a non-tuple sequence for multidimensional indexing is deprecated and will be changed in pytorch 2.9; use x[tuple(seq)] instead of x[seq]. In pytorch 2.9 this will be interpreted as tensor index, x[torch.tensor(seq)], which will result either in an error or a different result (Triggered internally at /pytorch/torch/csrc/autograd/python_variable_indexing.cpp:347.)
  return data[ranges]
/home/test/Desktop/Fed-fold/openfold/data/data_transforms.py:1261: UserWarning: Using a non-tuple sequence for multidimensional indexing is deprecated and will be changed in pytorch 2.9; use x[tuple(seq)] instead of x[seq]. In pytorch 2.9 this will be interpreted as tensor index, x[torch.tensor(seq)], which will result either in an error or a different result (Triggered internally at /pytorch/torch/csrc/autograd/python_variable_indexing.cpp:347.)
  protein[k] = v[slices]
/home/test/Desktop/Fed-fold/openfold/utils/tensor_utils.py:95: UserWarning: Using a non-tuple sequence for multidimensional indexing is deprecated and will be changed in pytorch 2.9; use x[tuple(seq)] instead of x[seq]. In pytorch 2.9 this will be interpreted as tensor index, x[torch.tensor(seq)], which will result either in an error or a different result (Triggered internally at /pytorch/torch/csrc/autograd/python_variable_indexing.cpp:347.)
  return data[ranges]
/home/test/Desktop/Fed-fold/openfold/utils/tensor_utils.py:95: UserWarning: Using a non-tuple sequence for multidimensional indexing is deprecated and will be changed in pytorch 2.9; use x[tuple(seq)] instead of x[seq]. In pytorch 2.9 this will be interpreted as tensor index, x[torch.tensor(seq)], which will result either in an error or a different result (Triggered internally at /pytorch/torch/csrc/autograd/python_variable_indexing.cpp:347.)
  return data[ranges]
/home/test/Desktop/Fed-fold/openfold/data/data_transforms.py:1261: UserWarning: Using a non-tuple sequence for multidimensional indexing is deprecated and will be changed in pytorch 2.9; use x[tuple(seq)] instead of x[seq]. In pytorch 2.9 this will be interpreted as tensor index, x[torch.tensor(seq)], which will result either in an error or a different result (Triggered internally at /pytorch/torch/csrc/autograd/python_variable_indexing.cpp:347.)
  protein[k] = v[slices]
/home/test/Desktop/Fed-fold/openfold/data/data_transforms.py:1261: UserWarning: Using a non-tuple sequence for multidimensional indexing is deprecated and will be changed in pytorch 2.9; use x[tuple(seq)] instead of x[seq]. In pytorch 2.9 this will be interpreted as tensor index, x[torch.tensor(seq)], which will result either in an error or a different result (Triggered internally at /pytorch/torch/csrc/autograd/python_variable_indexing.cpp:347.)
  protein[k] = v[slices]
/home/test/Desktop/Fed-fold/openfold/utils/tensor_utils.py:95: UserWarning: Using a non-tuple sequence for multidimensional indexing is deprecated and will be changed in pytorch 2.9; use x[tuple(seq)] instead of x[seq]. In pytorch 2.9 this will be interpreted as tensor index, x[torch.tensor(seq)], which will result either in an error or a different result (Triggered internally at /pytorch/torch/csrc/autograd/python_variable_indexing.cpp:347.)
  return data[ranges]
/home/test/Desktop/Fed-fold/openfold/data/data_transforms.py:1261: UserWarning: Using a non-tuple sequence for multidimensional indexing is deprecated and will be changed in pytorch 2.9; use x[tuple(seq)] instead of x[seq]. In pytorch 2.9 this will be interpreted as tensor index, x[torch.tensor(seq)], which will result either in an error or a different result (Triggered internally at /pytorch/torch/csrc/autograd/python_variable_indexing.cpp:347.)
  protein[k] = v[slices]
/home/test/Desktop/Fed-fold/openfold/utils/tensor_utils.py:95: UserWarning: Using a non-tuple sequence for multidimensional indexing is deprecated and will be changed in pytorch 2.9; use x[tuple(seq)] instead of x[seq]. In pytorch 2.9 this will be interpreted as tensor index, x[torch.tensor(seq)], which will result either in an error or a different result (Triggered internally at /pytorch/torch/csrc/autograd/python_variable_indexing.cpp:347.)
  return data[ranges]
/home/test/Desktop/Fed-fold/openfold/utils/tensor_utils.py:95: UserWarning: Using a non-tuple sequence for multidimensional indexing is deprecated and will be changed in pytorch 2.9; use x[tuple(seq)] instead of x[seq]. In pytorch 2.9 this will be interpreted as tensor index, x[torch.tensor(seq)], which will result either in an error or a different result (Triggered internally at /pytorch/torch/csrc/autograd/python_variable_indexing.cpp:347.)
  return data[ranges]
/home/test/Desktop/Fed-fold/openfold/data/data_transforms.py:1261: UserWarning: Using a non-tuple sequence for multidimensional indexing is deprecated and will be changed in pytorch 2.9; use x[tuple(seq)] instead of x[seq]. In pytorch 2.9 this will be interpreted as tensor index, x[torch.tensor(seq)], which will result either in an error or a different result (Triggered internally at /pytorch/torch/csrc/autograd/python_variable_indexing.cpp:347.)
  protein[k] = v[slices]
/home/test/Desktop/Fed-fold/openfold/data/data_transforms.py:1261: UserWarning: Using a non-tuple sequence for multidimensional indexing is deprecated and will be changed in pytorch 2.9; use x[tuple(seq)] instead of x[seq]. In pytorch 2.9 this will be interpreted as tensor index, x[torch.tensor(seq)], which will result either in an error or a different result (Triggered internally at /pytorch/torch/csrc/autograd/python_variable_indexing.cpp:347.)
  protein[k] = v[slices]
/home/test/Desktop/Fed-fold/openfold/utils/tensor_utils.py:95: UserWarning: Using a non-tuple sequence for multidimensional indexing is deprecated and will be changed in pytorch 2.9; use x[tuple(seq)] instead of x[seq]. In pytorch 2.9 this will be interpreted as tensor index, x[torch.tensor(seq)], which will result either in an error or a different result (Triggered internally at /pytorch/torch/csrc/autograd/python_variable_indexing.cpp:347.)
  return data[ranges]
/home/test/Desktop/Fed-fold/openfold/utils/tensor_utils.py:95: UserWarning: Using a non-tuple sequence for multidimensional indexing is deprecated and will be changed in pytorch 2.9; use x[tuple(seq)] instead of x[seq]. In pytorch 2.9 this will be interpreted as tensor index, x[torch.tensor(seq)], which will result either in an error or a different result (Triggered internally at /pytorch/torch/csrc/autograd/python_variable_indexing.cpp:347.)
  return data[ranges]
/home/test/Desktop/Fed-fold/openfold/utils/tensor_utils.py:95: UserWarning: Using a non-tuple sequence for multidimensional indexing is deprecated and will be changed in pytorch 2.9; use x[tuple(seq)] instead of x[seq]. In pytorch 2.9 this will be interpreted as tensor index, x[torch.tensor(seq)], which will result either in an error or a different result (Triggered internally at /pytorch/torch/csrc/autograd/python_variable_indexing.cpp:347.)
  return data[ranges]
/home/test/Desktop/Fed-fold/openfold/data/data_transforms.py:1261: UserWarning: Using a non-tuple sequence for multidimensional indexing is deprecated and will be changed in pytorch 2.9; use x[tuple(seq)] instead of x[seq]. In pytorch 2.9 this will be interpreted as tensor index, x[torch.tensor(seq)], which will result either in an error or a different result (Triggered internally at /pytorch/torch/csrc/autograd/python_variable_indexing.cpp:347.)
  protein[k] = v[slices]
/home/test/Desktop/Fed-fold/openfold/data/data_transforms.py:1261: UserWarning: Using a non-tuple sequence for multidimensional indexing is deprecated and will be changed in pytorch 2.9; use x[tuple(seq)] instead of x[seq]. In pytorch 2.9 this will be interpreted as tensor index, x[torch.tensor(seq)], which will result either in an error or a different result (Triggered internally at /pytorch/torch/csrc/autograd/python_variable_indexing.cpp:347.)
  protein[k] = v[slices]
/home/test/Desktop/Fed-fold/openfold/data/data_transforms.py:1261: UserWarning: Using a non-tuple sequence for multidimensional indexing is deprecated and will be changed in pytorch 2.9; use x[tuple(seq)] instead of x[seq]. In pytorch 2.9 this will be interpreted as tensor index, x[torch.tensor(seq)], which will result either in an error or a different result (Triggered internally at /pytorch/torch/csrc/autograd/python_variable_indexing.cpp:347.)
  protein[k] = v[slices]
/home/test/Desktop/Fed-fold/openfold/utils/tensor_utils.py:95: UserWarning: Using a non-tuple sequence for multidimensional indexing is deprecated and will be changed in pytorch 2.9; use x[tuple(seq)] instead of x[seq]. In pytorch 2.9 this will be interpreted as tensor index, x[torch.tensor(seq)], which will result either in an error or a different result (Triggered internally at /pytorch/torch/csrc/autograd/python_variable_indexing.cpp:347.)
  return data[ranges]
/home/test/Desktop/Fed-fold/openfold/utils/tensor_utils.py:95: UserWarning: Using a non-tuple sequence for multidimensional indexing is deprecated and will be changed in pytorch 2.9; use x[tuple(seq)] instead of x[seq]. In pytorch 2.9 this will be interpreted as tensor index, x[torch.tensor(seq)], which will result either in an error or a different result (Triggered internally at /pytorch/torch/csrc/autograd/python_variable_indexing.cpp:347.)
  return data[ranges]
/home/test/Desktop/Fed-fold/openfold/utils/tensor_utils.py:95: UserWarning: Using a non-tuple sequence for multidimensional indexing is deprecated and will be changed in pytorch 2.9; use x[tuple(seq)] instead of x[seq]. In pytorch 2.9 this will be interpreted as tensor index, x[torch.tensor(seq)], which will result either in an error or a different result (Triggered internally at /pytorch/torch/csrc/autograd/python_variable_indexing.cpp:347.)
  return data[ranges]
/home/test/Desktop/Fed-fold/openfold/data/data_transforms.py:1261: UserWarning: Using a non-tuple sequence for multidimensional indexing is deprecated and will be changed in pytorch 2.9; use x[tuple(seq)] instead of x[seq]. In pytorch 2.9 this will be interpreted as tensor index, x[torch.tensor(seq)], which will result either in an error or a different result (Triggered internally at /pytorch/torch/csrc/autograd/python_variable_indexing.cpp:347.)
  protein[k] = v[slices]
/home/test/Desktop/Fed-fold/openfold/data/data_transforms.py:1261: UserWarning: Using a non-tuple sequence for multidimensional indexing is deprecated and will be changed in pytorch 2.9; use x[tuple(seq)] instead of x[seq]. In pytorch 2.9 this will be interpreted as tensor index, x[torch.tensor(seq)], which will result either in an error or a different result (Triggered internally at /pytorch/torch/csrc/autograd/python_variable_indexing.cpp:347.)
  protein[k] = v[slices]
/home/test/Desktop/Fed-fold/openfold/utils/tensor_utils.py:95: UserWarning: Using a non-tuple sequence for multidimensional indexing is deprecated and will be changed in pytorch 2.9; use x[tuple(seq)] instead of x[seq]. In pytorch 2.9 this will be interpreted as tensor index, x[torch.tensor(seq)], which will result either in an error or a different result (Triggered internally at /pytorch/torch/csrc/autograd/python_variable_indexing.cpp:347.)
  return data[ranges]
/home/test/Desktop/Fed-fold/openfold/data/data_transforms.py:1261: UserWarning: Using a non-tuple sequence for multidimensional indexing is deprecated and will be changed in pytorch 2.9; use x[tuple(seq)] instead of x[seq]. In pytorch 2.9 this will be interpreted as tensor index, x[torch.tensor(seq)], which will result either in an error or a different result (Triggered internally at /pytorch/torch/csrc/autograd/python_variable_indexing.cpp:347.)
  protein[k] = v[slices]
/home/test/Desktop/Fed-fold/openfold/data/data_transforms.py:1261: UserWarning: Using a non-tuple sequence for multidimensional indexing is deprecated and will be changed in pytorch 2.9; use x[tuple(seq)] instead of x[seq]. In pytorch 2.9 this will be interpreted as tensor index, x[torch.tensor(seq)], which will result either in an error or a different result (Triggered internally at /pytorch/torch/csrc/autograd/python_variable_indexing.cpp:347.)
  protein[k] = v[slices]
/home/test/Desktop/Fed-fold/openfold/utils/tensor_utils.py:95: UserWarning: Using a non-tuple sequence for multidimensional indexing is deprecated and will be changed in pytorch 2.9; use x[tuple(seq)] instead of x[seq]. In pytorch 2.9 this will be interpreted as tensor index, x[torch.tensor(seq)], which will result either in an error or a different result (Triggered internally at /pytorch/torch/csrc/autograd/python_variable_indexing.cpp:347.)
  return data[ranges]
/home/test/Desktop/Fed-fold/openfold/data/data_transforms.py:1261: UserWarning: Using a non-tuple sequence for multidimensional indexing is deprecated and will be changed in pytorch 2.9; use x[tuple(seq)] instead of x[seq]. In pytorch 2.9 this will be interpreted as tensor index, x[torch.tensor(seq)], which will result either in an error or a different result (Triggered internally at /pytorch/torch/csrc/autograd/python_variable_indexing.cpp:347.)
  protein[k] = v[slices]
/home/test/Desktop/Fed-fold/openfold/utils/tensor_utils.py:95: UserWarning: Using a non-tuple sequence for multidimensional indexing is deprecated and will be changed in pytorch 2.9; use x[tuple(seq)] instead of x[seq]. In pytorch 2.9 this will be interpreted as tensor index, x[torch.tensor(seq)], which will result either in an error or a different result (Triggered internally at /pytorch/torch/csrc/autograd/python_variable_indexing.cpp:347.)
  return data[ranges]
/home/test/Desktop/Fed-fold/openfold/data/data_transforms.py:1261: UserWarning: Using a non-tuple sequence for multidimensional indexing is deprecated and will be changed in pytorch 2.9; use x[tuple(seq)] instead of x[seq]. In pytorch 2.9 this will be interpreted as tensor index, x[torch.tensor(seq)], which will result either in an error or a different result (Triggered internally at /pytorch/torch/csrc/autograd/python_variable_indexing.cpp:347.)
  protein[k] = v[slices]
/home/test/Desktop/Fed-fold/openfold/utils/tensor_utils.py:95: UserWarning: Using a non-tuple sequence for multidimensional indexing is deprecated and will be changed in pytorch 2.9; use x[tuple(seq)] instead of x[seq]. In pytorch 2.9 this will be interpreted as tensor index, x[torch.tensor(seq)], which will result either in an error or a different result (Triggered internally at /pytorch/torch/csrc/autograd/python_variable_indexing.cpp:347.)
  return data[ranges]
/home/test/Desktop/Fed-fold/openfold/utils/tensor_utils.py:95: UserWarning: Using a non-tuple sequence for multidimensional indexing is deprecated and will be changed in pytorch 2.9; use x[tuple(seq)] instead of x[seq]. In pytorch 2.9 this will be interpreted as tensor index, x[torch.tensor(seq)], which will result either in an error or a different result (Triggered internally at /pytorch/torch/csrc/autograd/python_variable_indexing.cpp:347.)
  return data[ranges]
/home/test/Desktop/Fed-fold/openfold/utils/tensor_utils.py:95: UserWarning: Using a non-tuple sequence for multidimensional indexing is deprecated and will be changed in pytorch 2.9; use x[tuple(seq)] instead of x[seq]. In pytorch 2.9 this will be interpreted as tensor index, x[torch.tensor(seq)], which will result either in an error or a different result (Triggered internally at /pytorch/torch/csrc/autograd/python_variable_indexing.cpp:347.)
  return data[ranges]
/home/test/Desktop/Fed-fold/openfold/data/data_transforms.py:1261: UserWarning: Using a non-tuple sequence for multidimensional indexing is deprecated and will be changed in pytorch 2.9; use x[tuple(seq)] instead of x[seq]. In pytorch 2.9 this will be interpreted as tensor index, x[torch.tensor(seq)], which will result either in an error or a different result (Triggered internally at /pytorch/torch/csrc/autograd/python_variable_indexing.cpp:347.)
  protein[k] = v[slices]
/home/test/Desktop/Fed-fold/openfold/utils/tensor_utils.py:95: UserWarning: Using a non-tuple sequence for multidimensional indexing is deprecated and will be changed in pytorch 2.9; use x[tuple(seq)] instead of x[seq]. In pytorch 2.9 this will be interpreted as tensor index, x[torch.tensor(seq)], which will result either in an error or a different result (Triggered internally at /pytorch/torch/csrc/autograd/python_variable_indexing.cpp:347.)
  return data[ranges]
/home/test/Desktop/Fed-fold/openfold/data/data_transforms.py:1261: UserWarning: Using a non-tuple sequence for multidimensional indexing is deprecated and will be changed in pytorch 2.9; use x[tuple(seq)] instead of x[seq]. In pytorch 2.9 this will be interpreted as tensor index, x[torch.tensor(seq)], which will result either in an error or a different result (Triggered internally at /pytorch/torch/csrc/autograd/python_variable_indexing.cpp:347.)
  protein[k] = v[slices]
/home/test/Desktop/Fed-fold/openfold/data/data_transforms.py:1261: UserWarning: Using a non-tuple sequence for multidimensional indexing is deprecated and will be changed in pytorch 2.9; use x[tuple(seq)] instead of x[seq]. In pytorch 2.9 this will be interpreted as tensor index, x[torch.tensor(seq)], which will result either in an error or a different result (Triggered internally at /pytorch/torch/csrc/autograd/python_variable_indexing.cpp:347.)
  protein[k] = v[slices]
/home/test/Desktop/Fed-fold/openfold/utils/tensor_utils.py:95: UserWarning: Using a non-tuple sequence for multidimensional indexing is deprecated and will be changed in pytorch 2.9; use x[tuple(seq)] instead of x[seq]. In pytorch 2.9 this will be interpreted as tensor index, x[torch.tensor(seq)], which will result either in an error or a different result (Triggered internally at /pytorch/torch/csrc/autograd/python_variable_indexing.cpp:347.)
  return data[ranges]
/home/test/Desktop/Fed-fold/openfold/data/data_transforms.py:1261: UserWarning: Using a non-tuple sequence for multidimensional indexing is deprecated and will be changed in pytorch 2.9; use x[tuple(seq)] instead of x[seq]. In pytorch 2.9 this will be interpreted as tensor index, x[torch.tensor(seq)], which will result either in an error or a different result (Triggered internally at /pytorch/torch/csrc/autograd/python_variable_indexing.cpp:347.)
  protein[k] = v[slices]
/home/test/Desktop/Fed-fold/openfold/utils/tensor_utils.py:95: UserWarning: Using a non-tuple sequence for multidimensional indexing is deprecated and will be changed in pytorch 2.9; use x[tuple(seq)] instead of x[seq]. In pytorch 2.9 this will be interpreted as tensor index, x[torch.tensor(seq)], which will result either in an error or a different result (Triggered internally at /pytorch/torch/csrc/autograd/python_variable_indexing.cpp:347.)
  return data[ranges]
/home/test/Desktop/Fed-fold/openfold/utils/tensor_utils.py:95: UserWarning: Using a non-tuple sequence for multidimensional indexing is deprecated and will be changed in pytorch 2.9; use x[tuple(seq)] instead of x[seq]. In pytorch 2.9 this will be interpreted as tensor index, x[torch.tensor(seq)], which will result either in an error or a different result (Triggered internally at /pytorch/torch/csrc/autograd/python_variable_indexing.cpp:347.)
  return data[ranges]
/home/test/Desktop/Fed-fold/openfold/data/data_transforms.py:1261: UserWarning: Using a non-tuple sequence for multidimensional indexing is deprecated and will be changed in pytorch 2.9; use x[tuple(seq)] instead of x[seq]. In pytorch 2.9 this will be interpreted as tensor index, x[torch.tensor(seq)], which will result either in an error or a different result (Triggered internally at /pytorch/torch/csrc/autograd/python_variable_indexing.cpp:347.)
  protein[k] = v[slices]
/home/test/Desktop/Fed-fold/openfold/utils/tensor_utils.py:95: UserWarning: Using a non-tuple sequence for multidimensional indexing is deprecated and will be changed in pytorch 2.9; use x[tuple(seq)] instead of x[seq]. In pytorch 2.9 this will be interpreted as tensor index, x[torch.tensor(seq)], which will result either in an error or a different result (Triggered internally at /pytorch/torch/csrc/autograd/python_variable_indexing.cpp:347.)
  return data[ranges]
/home/test/Desktop/Fed-fold/openfold/data/data_transforms.py:1261: UserWarning: Using a non-tuple sequence for multidimensional indexing is deprecated and will be changed in pytorch 2.9; use x[tuple(seq)] instead of x[seq]. In pytorch 2.9 this will be interpreted as tensor index, x[torch.tensor(seq)], which will result either in an error or a different result (Triggered internally at /pytorch/torch/csrc/autograd/python_variable_indexing.cpp:347.)
  protein[k] = v[slices]
/home/test/Desktop/Fed-fold/openfold/data/data_transforms.py:1261: UserWarning: Using a non-tuple sequence for multidimensional indexing is deprecated and will be changed in pytorch 2.9; use x[tuple(seq)] instead of x[seq]. In pytorch 2.9 this will be interpreted as tensor index, x[torch.tensor(seq)], which will result either in an error or a different result (Triggered internally at /pytorch/torch/csrc/autograd/python_variable_indexing.cpp:347.)
  protein[k] = v[slices]
/home/test/Desktop/Fed-fold/openfold/data/data_transforms.py:1261: UserWarning: Using a non-tuple sequence for multidimensional indexing is deprecated and will be changed in pytorch 2.9; use x[tuple(seq)] instead of x[seq]. In pytorch 2.9 this will be interpreted as tensor index, x[torch.tensor(seq)], which will result either in an error or a different result (Triggered internally at /pytorch/torch/csrc/autograd/python_variable_indexing.cpp:347.)
  protein[k] = v[slices]
/home/test/Desktop/Fed-fold/openfold/utils/tensor_utils.py:95: UserWarning: Using a non-tuple sequence for multidimensional indexing is deprecated and will be changed in pytorch 2.9; use x[tuple(seq)] instead of x[seq]. In pytorch 2.9 this will be interpreted as tensor index, x[torch.tensor(seq)], which will result either in an error or a different result (Triggered internally at /pytorch/torch/csrc/autograd/python_variable_indexing.cpp:347.)
  return data[ranges]
/home/test/Desktop/Fed-fold/openfold/data/data_transforms.py:1261: UserWarning: Using a non-tuple sequence for multidimensional indexing is deprecated and will be changed in pytorch 2.9; use x[tuple(seq)] instead of x[seq]. In pytorch 2.9 this will be interpreted as tensor index, x[torch.tensor(seq)], which will result either in an error or a different result (Triggered internally at /pytorch/torch/csrc/autograd/python_variable_indexing.cpp:347.)
  protein[k] = v[slices]
/home/test/Desktop/Fed-fold/openfold/utils/tensor_utils.py:95: UserWarning: Using a non-tuple sequence for multidimensional indexing is deprecated and will be changed in pytorch 2.9; use x[tuple(seq)] instead of x[seq]. In pytorch 2.9 this will be interpreted as tensor index, x[torch.tensor(seq)], which will result either in an error or a different result (Triggered internally at /pytorch/torch/csrc/autograd/python_variable_indexing.cpp:347.)
  return data[ranges]
/home/test/Desktop/Fed-fold/openfold/utils/tensor_utils.py:95: UserWarning: Using a non-tuple sequence for multidimensional indexing is deprecated and will be changed in pytorch 2.9; use x[tuple(seq)] instead of x[seq]. In pytorch 2.9 this will be interpreted as tensor index, x[torch.tensor(seq)], which will result either in an error or a different result (Triggered internally at /pytorch/torch/csrc/autograd/python_variable_indexing.cpp:347.)
  return data[ranges]
/home/test/Desktop/Fed-fold/openfold/data/data_transforms.py:1261: UserWarning: Using a non-tuple sequence for multidimensional indexing is deprecated and will be changed in pytorch 2.9; use x[tuple(seq)] instead of x[seq]. In pytorch 2.9 this will be interpreted as tensor index, x[torch.tensor(seq)], which will result either in an error or a different result (Triggered internally at /pytorch/torch/csrc/autograd/python_variable_indexing.cpp:347.)
  protein[k] = v[slices]
/home/test/Desktop/Fed-fold/openfold/utils/tensor_utils.py:95: UserWarning: Using a non-tuple sequence for multidimensional indexing is deprecated and will be changed in pytorch 2.9; use x[tuple(seq)] instead of x[seq]. In pytorch 2.9 this will be interpreted as tensor index, x[torch.tensor(seq)], which will result either in an error or a different result (Triggered internally at /pytorch/torch/csrc/autograd/python_variable_indexing.cpp:347.)
  return data[ranges]
/home/test/Desktop/Fed-fold/openfold/data/data_transforms.py:1261: UserWarning: Using a non-tuple sequence for multidimensional indexing is deprecated and will be changed in pytorch 2.9; use x[tuple(seq)] instead of x[seq]. In pytorch 2.9 this will be interpreted as tensor index, x[torch.tensor(seq)], which will result either in an error or a different result (Triggered internally at /pytorch/torch/csrc/autograd/python_variable_indexing.cpp:347.)
  protein[k] = v[slices]
/home/test/Desktop/Fed-fold/openfold/utils/tensor_utils.py:95: UserWarning: Using a non-tuple sequence for multidimensional indexing is deprecated and will be changed in pytorch 2.9; use x[tuple(seq)] instead of x[seq]. In pytorch 2.9 this will be interpreted as tensor index, x[torch.tensor(seq)], which will result either in an error or a different result (Triggered internally at /pytorch/torch/csrc/autograd/python_variable_indexing.cpp:347.)
  return data[ranges]
/home/test/Desktop/Fed-fold/openfold/data/data_transforms.py:1261: UserWarning: Using a non-tuple sequence for multidimensional indexing is deprecated and will be changed in pytorch 2.9; use x[tuple(seq)] instead of x[seq]. In pytorch 2.9 this will be interpreted as tensor index, x[torch.tensor(seq)], which will result either in an error or a different result (Triggered internally at /pytorch/torch/csrc/autograd/python_variable_indexing.cpp:347.)
  protein[k] = v[slices]
/home/test/Desktop/Fed-fold/openfold/data/data_transforms.py:1261: UserWarning: Using a non-tuple sequence for multidimensional indexing is deprecated and will be changed in pytorch 2.9; use x[tuple(seq)] instead of x[seq]. In pytorch 2.9 this will be interpreted as tensor index, x[torch.tensor(seq)], which will result either in an error or a different result (Triggered internally at /pytorch/torch/csrc/autograd/python_variable_indexing.cpp:347.)
  protein[k] = v[slices]
/home/test/Desktop/Fed-fold/openfold/utils/tensor_utils.py:95: UserWarning: Using a non-tuple sequence for multidimensional indexing is deprecated and will be changed in pytorch 2.9; use x[tuple(seq)] instead of x[seq]. In pytorch 2.9 this will be interpreted as tensor index, x[torch.tensor(seq)], which will result either in an error or a different result (Triggered internally at /pytorch/torch/csrc/autograd/python_variable_indexing.cpp:347.)
  return data[ranges]
/home/test/Desktop/Fed-fold/openfold/utils/tensor_utils.py:95: UserWarning: Using a non-tuple sequence for multidimensional indexing is deprecated and will be changed in pytorch 2.9; use x[tuple(seq)] instead of x[seq]. In pytorch 2.9 this will be interpreted as tensor index, x[torch.tensor(seq)], which will result either in an error or a different result (Triggered internally at /pytorch/torch/csrc/autograd/python_variable_indexing.cpp:347.)
  return data[ranges]
/home/test/Desktop/Fed-fold/openfold/data/data_transforms.py:1261: UserWarning: Using a non-tuple sequence for multidimensional indexing is deprecated and will be changed in pytorch 2.9; use x[tuple(seq)] instead of x[seq]. In pytorch 2.9 this will be interpreted as tensor index, x[torch.tensor(seq)], which will result either in an error or a different result (Triggered internally at /pytorch/torch/csrc/autograd/python_variable_indexing.cpp:347.)
  protein[k] = v[slices]
/home/test/Desktop/Fed-fold/openfold/data/data_transforms.py:1261: UserWarning: Using a non-tuple sequence for multidimensional indexing is deprecated and will be changed in pytorch 2.9; use x[tuple(seq)] instead of x[seq]. In pytorch 2.9 this will be interpreted as tensor index, x[torch.tensor(seq)], which will result either in an error or a different result (Triggered internally at /pytorch/torch/csrc/autograd/python_variable_indexing.cpp:347.)
  protein[k] = v[slices]
/home/test/Desktop/Fed-fold/openfold/utils/tensor_utils.py:95: UserWarning: Using a non-tuple sequence for multidimensional indexing is deprecated and will be changed in pytorch 2.9; use x[tuple(seq)] instead of x[seq]. In pytorch 2.9 this will be interpreted as tensor index, x[torch.tensor(seq)], which will result either in an error or a different result (Triggered internally at /pytorch/torch/csrc/autograd/python_variable_indexing.cpp:347.)
  return data[ranges]
/home/test/Desktop/Fed-fold/openfold/data/data_transforms.py:1261: UserWarning: Using a non-tuple sequence for multidimensional indexing is deprecated and will be changed in pytorch 2.9; use x[tuple(seq)] instead of x[seq]. In pytorch 2.9 this will be interpreted as tensor index, x[torch.tensor(seq)], which will result either in an error or a different result (Triggered internally at /pytorch/torch/csrc/autograd/python_variable_indexing.cpp:347.)
  protein[k] = v[slices]
/home/test/Desktop/Fed-fold/openfold/utils/tensor_utils.py:95: UserWarning: Using a non-tuple sequence for multidimensional indexing is deprecated and will be changed in pytorch 2.9; use x[tuple(seq)] instead of x[seq]. In pytorch 2.9 this will be interpreted as tensor index, x[torch.tensor(seq)], which will result either in an error or a different result (Triggered internally at /pytorch/torch/csrc/autograd/python_variable_indexing.cpp:347.)
  return data[ranges]
/home/test/Desktop/Fed-fold/openfold/utils/tensor_utils.py:95: UserWarning: Using a non-tuple sequence for multidimensional indexing is deprecated and will be changed in pytorch 2.9; use x[tuple(seq)] instead of x[seq]. In pytorch 2.9 this will be interpreted as tensor index, x[torch.tensor(seq)], which will result either in an error or a different result (Triggered internally at /pytorch/torch/csrc/autograd/python_variable_indexing.cpp:347.)
  return data[ranges]
/home/test/Desktop/Fed-fold/openfold/data/data_transforms.py:1261: UserWarning: Using a non-tuple sequence for multidimensional indexing is deprecated and will be changed in pytorch 2.9; use x[tuple(seq)] instead of x[seq]. In pytorch 2.9 this will be interpreted as tensor index, x[torch.tensor(seq)], which will result either in an error or a different result (Triggered internally at /pytorch/torch/csrc/autograd/python_variable_indexing.cpp:347.)
  protein[k] = v[slices]
/home/test/Desktop/Fed-fold/openfold/utils/tensor_utils.py:95: UserWarning: Using a non-tuple sequence for multidimensional indexing is deprecated and will be changed in pytorch 2.9; use x[tuple(seq)] instead of x[seq]. In pytorch 2.9 this will be interpreted as tensor index, x[torch.tensor(seq)], which will result either in an error or a different result (Triggered internally at /pytorch/torch/csrc/autograd/python_variable_indexing.cpp:347.)
  return data[ranges]
/home/test/Desktop/Fed-fold/openfold/data/data_transforms.py:1261: UserWarning: Using a non-tuple sequence for multidimensional indexing is deprecated and will be changed in pytorch 2.9; use x[tuple(seq)] instead of x[seq]. In pytorch 2.9 this will be interpreted as tensor index, x[torch.tensor(seq)], which will result either in an error or a different result (Triggered internally at /pytorch/torch/csrc/autograd/python_variable_indexing.cpp:347.)
  protein[k] = v[slices]
/home/test/Desktop/Fed-fold/openfold/data/data_transforms.py:1261: UserWarning: Using a non-tuple sequence for multidimensional indexing is deprecated and will be changed in pytorch 2.9; use x[tuple(seq)] instead of x[seq]. In pytorch 2.9 this will be interpreted as tensor index, x[torch.tensor(seq)], which will result either in an error or a different result (Triggered internally at /pytorch/torch/csrc/autograd/python_variable_indexing.cpp:347.)
  protein[k] = v[slices]
/home/test/Desktop/Fed-fold/openfold/utils/tensor_utils.py:95: UserWarning: Using a non-tuple sequence for multidimensional indexing is deprecated and will be changed in pytorch 2.9; use x[tuple(seq)] instead of x[seq]. In pytorch 2.9 this will be interpreted as tensor index, x[torch.tensor(seq)], which will result either in an error or a different result (Triggered internally at /pytorch/torch/csrc/autograd/python_variable_indexing.cpp:347.)
  return data[ranges]
/home/test/Desktop/Fed-fold/openfold/data/data_transforms.py:1261: UserWarning: Using a non-tuple sequence for multidimensional indexing is deprecated and will be changed in pytorch 2.9; use x[tuple(seq)] instead of x[seq]. In pytorch 2.9 this will be interpreted as tensor index, x[torch.tensor(seq)], which will result either in an error or a different result (Triggered internally at /pytorch/torch/csrc/autograd/python_variable_indexing.cpp:347.)
  protein[k] = v[slices]
/home/test/Desktop/Fed-fold/openfold/utils/tensor_utils.py:95: UserWarning: Using a non-tuple sequence for multidimensional indexing is deprecated and will be changed in pytorch 2.9; use x[tuple(seq)] instead of x[seq]. In pytorch 2.9 this will be interpreted as tensor index, x[torch.tensor(seq)], which will result either in an error or a different result (Triggered internally at /pytorch/torch/csrc/autograd/python_variable_indexing.cpp:347.)
  return data[ranges]
/home/test/Desktop/Fed-fold/openfold/data/data_transforms.py:1261: UserWarning: Using a non-tuple sequence for multidimensional indexing is deprecated and will be changed in pytorch 2.9; use x[tuple(seq)] instead of x[seq]. In pytorch 2.9 this will be interpreted as tensor index, x[torch.tensor(seq)], which will result either in an error or a different result (Triggered internally at /pytorch/torch/csrc/autograd/python_variable_indexing.cpp:347.)
  protein[k] = v[slices]
Epoch 4:   2%|▏         | 1/64 [00:10<11:14,  0.09it/s, train/loss=31.30]Epoch 4:   2%|▏         | 1/64 [00:10<11:14,  0.09it/s, train/loss=22.20]/home/test/Desktop/Fed-fold/openfold/utils/tensor_utils.py:95: UserWarning: Using a non-tuple sequence for multidimensional indexing is deprecated and will be changed in pytorch 2.9; use x[tuple(seq)] instead of x[seq]. In pytorch 2.9 this will be interpreted as tensor index, x[torch.tensor(seq)], which will result either in an error or a different result (Triggered internally at /pytorch/torch/csrc/autograd/python_variable_indexing.cpp:347.)
  return data[ranges]
/home/test/Desktop/Fed-fold/openfold/data/data_transforms.py:1261: UserWarning: Using a non-tuple sequence for multidimensional indexing is deprecated and will be changed in pytorch 2.9; use x[tuple(seq)] instead of x[seq]. In pytorch 2.9 this will be interpreted as tensor index, x[torch.tensor(seq)], which will result either in an error or a different result (Triggered internally at /pytorch/torch/csrc/autograd/python_variable_indexing.cpp:347.)
  protein[k] = v[slices]
Epoch 4:   3%|▎         | 2/64 [00:21<11:03,  0.09it/s, train/loss=22.20]Epoch 4:   3%|▎         | 2/64 [00:21<11:03,  0.09it/s, train/loss=24.00]/home/test/Desktop/Fed-fold/openfold/utils/tensor_utils.py:95: UserWarning: Using a non-tuple sequence for multidimensional indexing is deprecated and will be changed in pytorch 2.9; use x[tuple(seq)] instead of x[seq]. In pytorch 2.9 this will be interpreted as tensor index, x[torch.tensor(seq)], which will result either in an error or a different result (Triggered internally at /pytorch/torch/csrc/autograd/python_variable_indexing.cpp:347.)
  return data[ranges]
/home/test/Desktop/Fed-fold/openfold/data/data_transforms.py:1261: UserWarning: Using a non-tuple sequence for multidimensional indexing is deprecated and will be changed in pytorch 2.9; use x[tuple(seq)] instead of x[seq]. In pytorch 2.9 this will be interpreted as tensor index, x[torch.tensor(seq)], which will result either in an error or a different result (Triggered internally at /pytorch/torch/csrc/autograd/python_variable_indexing.cpp:347.)
  protein[k] = v[slices]
Epoch 4:   5%|▍         | 3/64 [00:28<09:48,  0.10it/s, train/loss=24.00]Epoch 4:   5%|▍         | 3/64 [00:28<09:48,  0.10it/s, train/loss=32.90]/home/test/Desktop/Fed-fold/openfold/utils/tensor_utils.py:95: UserWarning: Using a non-tuple sequence for multidimensional indexing is deprecated and will be changed in pytorch 2.9; use x[tuple(seq)] instead of x[seq]. In pytorch 2.9 this will be interpreted as tensor index, x[torch.tensor(seq)], which will result either in an error or a different result (Triggered internally at /pytorch/torch/csrc/autograd/python_variable_indexing.cpp:347.)
  return data[ranges]
/home/test/Desktop/Fed-fold/openfold/data/data_transforms.py:1261: UserWarning: Using a non-tuple sequence for multidimensional indexing is deprecated and will be changed in pytorch 2.9; use x[tuple(seq)] instead of x[seq]. In pytorch 2.9 this will be interpreted as tensor index, x[torch.tensor(seq)], which will result either in an error or a different result (Triggered internally at /pytorch/torch/csrc/autograd/python_variable_indexing.cpp:347.)
  protein[k] = v[slices]
Epoch 4:   6%|▋         | 4/64 [00:39<09:54,  0.10it/s, train/loss=32.90]Epoch 4:   6%|▋         | 4/64 [00:39<09:54,  0.10it/s, train/loss=16.00]/home/test/Desktop/Fed-fold/openfold/utils/tensor_utils.py:95: UserWarning: Using a non-tuple sequence for multidimensional indexing is deprecated and will be changed in pytorch 2.9; use x[tuple(seq)] instead of x[seq]. In pytorch 2.9 this will be interpreted as tensor index, x[torch.tensor(seq)], which will result either in an error or a different result (Triggered internally at /pytorch/torch/csrc/autograd/python_variable_indexing.cpp:347.)
  return data[ranges]
/home/test/Desktop/Fed-fold/openfold/data/data_transforms.py:1261: UserWarning: Using a non-tuple sequence for multidimensional indexing is deprecated and will be changed in pytorch 2.9; use x[tuple(seq)] instead of x[seq]. In pytorch 2.9 this will be interpreted as tensor index, x[torch.tensor(seq)], which will result either in an error or a different result (Triggered internally at /pytorch/torch/csrc/autograd/python_variable_indexing.cpp:347.)
  protein[k] = v[slices]
Epoch 4:   8%|▊         | 5/64 [00:50<09:54,  0.10it/s, train/loss=16.00]Epoch 4:   8%|▊         | 5/64 [00:50<09:54,  0.10it/s, train/loss=33.80]/home/test/Desktop/Fed-fold/openfold/utils/tensor_utils.py:95: UserWarning: Using a non-tuple sequence for multidimensional indexing is deprecated and will be changed in pytorch 2.9; use x[tuple(seq)] instead of x[seq]. In pytorch 2.9 this will be interpreted as tensor index, x[torch.tensor(seq)], which will result either in an error or a different result (Triggered internally at /pytorch/torch/csrc/autograd/python_variable_indexing.cpp:347.)
  return data[ranges]
/home/test/Desktop/Fed-fold/openfold/data/data_transforms.py:1261: UserWarning: Using a non-tuple sequence for multidimensional indexing is deprecated and will be changed in pytorch 2.9; use x[tuple(seq)] instead of x[seq]. In pytorch 2.9 this will be interpreted as tensor index, x[torch.tensor(seq)], which will result either in an error or a different result (Triggered internally at /pytorch/torch/csrc/autograd/python_variable_indexing.cpp:347.)
  protein[k] = v[slices]
Epoch 4:   9%|▉         | 6/64 [01:01<09:50,  0.10it/s, train/loss=33.80]Epoch 4:   9%|▉         | 6/64 [01:01<09:50,  0.10it/s, train/loss=17.80]/home/test/Desktop/Fed-fold/openfold/utils/tensor_utils.py:95: UserWarning: Using a non-tuple sequence for multidimensional indexing is deprecated and will be changed in pytorch 2.9; use x[tuple(seq)] instead of x[seq]. In pytorch 2.9 this will be interpreted as tensor index, x[torch.tensor(seq)], which will result either in an error or a different result (Triggered internally at /pytorch/torch/csrc/autograd/python_variable_indexing.cpp:347.)
  return data[ranges]
/home/test/Desktop/Fed-fold/openfold/data/data_transforms.py:1261: UserWarning: Using a non-tuple sequence for multidimensional indexing is deprecated and will be changed in pytorch 2.9; use x[tuple(seq)] instead of x[seq]. In pytorch 2.9 this will be interpreted as tensor index, x[torch.tensor(seq)], which will result either in an error or a different result (Triggered internally at /pytorch/torch/csrc/autograd/python_variable_indexing.cpp:347.)
  protein[k] = v[slices]
Epoch 4:  11%|█         | 7/64 [01:13<09:57,  0.10it/s, train/loss=17.80]Epoch 4:  11%|█         | 7/64 [01:13<09:57,  0.10it/s, train/loss=13.60]/home/test/Desktop/Fed-fold/openfold/utils/tensor_utils.py:95: UserWarning: Using a non-tuple sequence for multidimensional indexing is deprecated and will be changed in pytorch 2.9; use x[tuple(seq)] instead of x[seq]. In pytorch 2.9 this will be interpreted as tensor index, x[torch.tensor(seq)], which will result either in an error or a different result (Triggered internally at /pytorch/torch/csrc/autograd/python_variable_indexing.cpp:347.)
  return data[ranges]
/home/test/Desktop/Fed-fold/openfold/data/data_transforms.py:1261: UserWarning: Using a non-tuple sequence for multidimensional indexing is deprecated and will be changed in pytorch 2.9; use x[tuple(seq)] instead of x[seq]. In pytorch 2.9 this will be interpreted as tensor index, x[torch.tensor(seq)], which will result either in an error or a different result (Triggered internally at /pytorch/torch/csrc/autograd/python_variable_indexing.cpp:347.)
  protein[k] = v[slices]
Epoch 4:  12%|█▎        | 8/64 [01:24<09:48,  0.10it/s, train/loss=13.60]Epoch 4:  12%|█▎        | 8/64 [01:24<09:48,  0.10it/s, train/loss=20.90]/home/test/Desktop/Fed-fold/openfold/utils/tensor_utils.py:95: UserWarning: Using a non-tuple sequence for multidimensional indexing is deprecated and will be changed in pytorch 2.9; use x[tuple(seq)] instead of x[seq]. In pytorch 2.9 this will be interpreted as tensor index, x[torch.tensor(seq)], which will result either in an error or a different result (Triggered internally at /pytorch/torch/csrc/autograd/python_variable_indexing.cpp:347.)
  return data[ranges]
/home/test/Desktop/Fed-fold/openfold/data/data_transforms.py:1261: UserWarning: Using a non-tuple sequence for multidimensional indexing is deprecated and will be changed in pytorch 2.9; use x[tuple(seq)] instead of x[seq]. In pytorch 2.9 this will be interpreted as tensor index, x[torch.tensor(seq)], which will result either in an error or a different result (Triggered internally at /pytorch/torch/csrc/autograd/python_variable_indexing.cpp:347.)
  protein[k] = v[slices]
Epoch 4:  14%|█▍        | 9/64 [01:36<09:49,  0.09it/s, train/loss=20.90]Epoch 4:  14%|█▍        | 9/64 [01:36<09:49,  0.09it/s, train/loss=15.10]/home/test/Desktop/Fed-fold/openfold/utils/tensor_utils.py:95: UserWarning: Using a non-tuple sequence for multidimensional indexing is deprecated and will be changed in pytorch 2.9; use x[tuple(seq)] instead of x[seq]. In pytorch 2.9 this will be interpreted as tensor index, x[torch.tensor(seq)], which will result either in an error or a different result (Triggered internally at /pytorch/torch/csrc/autograd/python_variable_indexing.cpp:347.)
  return data[ranges]
/home/test/Desktop/Fed-fold/openfold/data/data_transforms.py:1261: UserWarning: Using a non-tuple sequence for multidimensional indexing is deprecated and will be changed in pytorch 2.9; use x[tuple(seq)] instead of x[seq]. In pytorch 2.9 this will be interpreted as tensor index, x[torch.tensor(seq)], which will result either in an error or a different result (Triggered internally at /pytorch/torch/csrc/autograd/python_variable_indexing.cpp:347.)
  protein[k] = v[slices]
Epoch 4:  16%|█▌        | 10/64 [01:48<09:47,  0.09it/s, train/loss=15.10]Epoch 4:  16%|█▌        | 10/64 [01:48<09:47,  0.09it/s, train/loss=31.40]/home/test/Desktop/Fed-fold/openfold/utils/tensor_utils.py:95: UserWarning: Using a non-tuple sequence for multidimensional indexing is deprecated and will be changed in pytorch 2.9; use x[tuple(seq)] instead of x[seq]. In pytorch 2.9 this will be interpreted as tensor index, x[torch.tensor(seq)], which will result either in an error or a different result (Triggered internally at /pytorch/torch/csrc/autograd/python_variable_indexing.cpp:347.)
  return data[ranges]
/home/test/Desktop/Fed-fold/openfold/data/data_transforms.py:1261: UserWarning: Using a non-tuple sequence for multidimensional indexing is deprecated and will be changed in pytorch 2.9; use x[tuple(seq)] instead of x[seq]. In pytorch 2.9 this will be interpreted as tensor index, x[torch.tensor(seq)], which will result either in an error or a different result (Triggered internally at /pytorch/torch/csrc/autograd/python_variable_indexing.cpp:347.)
  protein[k] = v[slices]
Epoch 4:  17%|█▋        | 11/64 [01:57<09:27,  0.09it/s, train/loss=31.40]Epoch 4:  17%|█▋        | 11/64 [01:57<09:27,  0.09it/s, train/loss=18.00]/home/test/Desktop/Fed-fold/openfold/utils/tensor_utils.py:95: UserWarning: Using a non-tuple sequence for multidimensional indexing is deprecated and will be changed in pytorch 2.9; use x[tuple(seq)] instead of x[seq]. In pytorch 2.9 this will be interpreted as tensor index, x[torch.tensor(seq)], which will result either in an error or a different result (Triggered internally at /pytorch/torch/csrc/autograd/python_variable_indexing.cpp:347.)
  return data[ranges]
/home/test/Desktop/Fed-fold/openfold/data/data_transforms.py:1261: UserWarning: Using a non-tuple sequence for multidimensional indexing is deprecated and will be changed in pytorch 2.9; use x[tuple(seq)] instead of x[seq]. In pytorch 2.9 this will be interpreted as tensor index, x[torch.tensor(seq)], which will result either in an error or a different result (Triggered internally at /pytorch/torch/csrc/autograd/python_variable_indexing.cpp:347.)
  protein[k] = v[slices]
Epoch 4:  19%|█▉        | 12/64 [02:07<09:10,  0.09it/s, train/loss=18.00]Epoch 4:  19%|█▉        | 12/64 [02:07<09:10,  0.09it/s, train/loss=30.90]/home/test/Desktop/Fed-fold/openfold/utils/tensor_utils.py:95: UserWarning: Using a non-tuple sequence for multidimensional indexing is deprecated and will be changed in pytorch 2.9; use x[tuple(seq)] instead of x[seq]. In pytorch 2.9 this will be interpreted as tensor index, x[torch.tensor(seq)], which will result either in an error or a different result (Triggered internally at /pytorch/torch/csrc/autograd/python_variable_indexing.cpp:347.)
  return data[ranges]
/home/test/Desktop/Fed-fold/openfold/data/data_transforms.py:1261: UserWarning: Using a non-tuple sequence for multidimensional indexing is deprecated and will be changed in pytorch 2.9; use x[tuple(seq)] instead of x[seq]. In pytorch 2.9 this will be interpreted as tensor index, x[torch.tensor(seq)], which will result either in an error or a different result (Triggered internally at /pytorch/torch/csrc/autograd/python_variable_indexing.cpp:347.)
  protein[k] = v[slices]
Epoch 4:  20%|██        | 13/64 [02:17<09:00,  0.09it/s, train/loss=30.90]Epoch 4:  20%|██        | 13/64 [02:17<09:00,  0.09it/s, train/loss=26.20]/home/test/Desktop/Fed-fold/openfold/utils/tensor_utils.py:95: UserWarning: Using a non-tuple sequence for multidimensional indexing is deprecated and will be changed in pytorch 2.9; use x[tuple(seq)] instead of x[seq]. In pytorch 2.9 this will be interpreted as tensor index, x[torch.tensor(seq)], which will result either in an error or a different result (Triggered internally at /pytorch/torch/csrc/autograd/python_variable_indexing.cpp:347.)
  return data[ranges]
/home/test/Desktop/Fed-fold/openfold/data/data_transforms.py:1261: UserWarning: Using a non-tuple sequence for multidimensional indexing is deprecated and will be changed in pytorch 2.9; use x[tuple(seq)] instead of x[seq]. In pytorch 2.9 this will be interpreted as tensor index, x[torch.tensor(seq)], which will result either in an error or a different result (Triggered internally at /pytorch/torch/csrc/autograd/python_variable_indexing.cpp:347.)
  protein[k] = v[slices]
Epoch 4:  22%|██▏       | 14/64 [02:28<08:50,  0.09it/s, train/loss=26.20]Epoch 4:  22%|██▏       | 14/64 [02:28<08:50,  0.09it/s, train/loss=26.70]/home/test/Desktop/Fed-fold/openfold/utils/tensor_utils.py:95: UserWarning: Using a non-tuple sequence for multidimensional indexing is deprecated and will be changed in pytorch 2.9; use x[tuple(seq)] instead of x[seq]. In pytorch 2.9 this will be interpreted as tensor index, x[torch.tensor(seq)], which will result either in an error or a different result (Triggered internally at /pytorch/torch/csrc/autograd/python_variable_indexing.cpp:347.)
  return data[ranges]
/home/test/Desktop/Fed-fold/openfold/data/data_transforms.py:1261: UserWarning: Using a non-tuple sequence for multidimensional indexing is deprecated and will be changed in pytorch 2.9; use x[tuple(seq)] instead of x[seq]. In pytorch 2.9 this will be interpreted as tensor index, x[torch.tensor(seq)], which will result either in an error or a different result (Triggered internally at /pytorch/torch/csrc/autograd/python_variable_indexing.cpp:347.)
  protein[k] = v[slices]
Epoch 4:  23%|██▎       | 15/64 [02:39<08:40,  0.09it/s, train/loss=26.70]Epoch 4:  23%|██▎       | 15/64 [02:39<08:40,  0.09it/s, train/loss=34.00]/home/test/Desktop/Fed-fold/openfold/utils/tensor_utils.py:95: UserWarning: Using a non-tuple sequence for multidimensional indexing is deprecated and will be changed in pytorch 2.9; use x[tuple(seq)] instead of x[seq]. In pytorch 2.9 this will be interpreted as tensor index, x[torch.tensor(seq)], which will result either in an error or a different result (Triggered internally at /pytorch/torch/csrc/autograd/python_variable_indexing.cpp:347.)
  return data[ranges]
/home/test/Desktop/Fed-fold/openfold/data/data_transforms.py:1261: UserWarning: Using a non-tuple sequence for multidimensional indexing is deprecated and will be changed in pytorch 2.9; use x[tuple(seq)] instead of x[seq]. In pytorch 2.9 this will be interpreted as tensor index, x[torch.tensor(seq)], which will result either in an error or a different result (Triggered internally at /pytorch/torch/csrc/autograd/python_variable_indexing.cpp:347.)
  protein[k] = v[slices]
Epoch 4:  25%|██▌       | 16/64 [02:46<08:20,  0.10it/s, train/loss=34.00]Epoch 4:  25%|██▌       | 16/64 [02:46<08:20,  0.10it/s, train/loss=30.30]/home/test/Desktop/Fed-fold/openfold/utils/tensor_utils.py:95: UserWarning: Using a non-tuple sequence for multidimensional indexing is deprecated and will be changed in pytorch 2.9; use x[tuple(seq)] instead of x[seq]. In pytorch 2.9 this will be interpreted as tensor index, x[torch.tensor(seq)], which will result either in an error or a different result (Triggered internally at /pytorch/torch/csrc/autograd/python_variable_indexing.cpp:347.)
  return data[ranges]
/home/test/Desktop/Fed-fold/openfold/data/data_transforms.py:1261: UserWarning: Using a non-tuple sequence for multidimensional indexing is deprecated and will be changed in pytorch 2.9; use x[tuple(seq)] instead of x[seq]. In pytorch 2.9 this will be interpreted as tensor index, x[torch.tensor(seq)], which will result either in an error or a different result (Triggered internally at /pytorch/torch/csrc/autograd/python_variable_indexing.cpp:347.)
  protein[k] = v[slices]
Epoch 4:  27%|██▋       | 17/64 [02:59<08:15,  0.09it/s, train/loss=30.30]Epoch 4:  27%|██▋       | 17/64 [02:59<08:15,  0.09it/s, train/loss=25.90]/home/test/Desktop/Fed-fold/openfold/utils/tensor_utils.py:95: UserWarning: Using a non-tuple sequence for multidimensional indexing is deprecated and will be changed in pytorch 2.9; use x[tuple(seq)] instead of x[seq]. In pytorch 2.9 this will be interpreted as tensor index, x[torch.tensor(seq)], which will result either in an error or a different result (Triggered internally at /pytorch/torch/csrc/autograd/python_variable_indexing.cpp:347.)
  return data[ranges]
/home/test/Desktop/Fed-fold/openfold/data/data_transforms.py:1261: UserWarning: Using a non-tuple sequence for multidimensional indexing is deprecated and will be changed in pytorch 2.9; use x[tuple(seq)] instead of x[seq]. In pytorch 2.9 this will be interpreted as tensor index, x[torch.tensor(seq)], which will result either in an error or a different result (Triggered internally at /pytorch/torch/csrc/autograd/python_variable_indexing.cpp:347.)
  protein[k] = v[slices]
Epoch 4:  28%|██▊       | 18/64 [03:11<08:09,  0.09it/s, train/loss=25.90]Epoch 4:  28%|██▊       | 18/64 [03:11<08:09,  0.09it/s, train/loss=13.10]Epoch 4:  30%|██▉       | 19/64 [03:20<07:54,  0.09it/s, train/loss=13.10]Epoch 4:  30%|██▉       | 19/64 [03:20<07:54,  0.09it/s, train/loss=27.50]/home/test/Desktop/Fed-fold/openfold/utils/tensor_utils.py:95: UserWarning: Using a non-tuple sequence for multidimensional indexing is deprecated and will be changed in pytorch 2.9; use x[tuple(seq)] instead of x[seq]. In pytorch 2.9 this will be interpreted as tensor index, x[torch.tensor(seq)], which will result either in an error or a different result (Triggered internally at /pytorch/torch/csrc/autograd/python_variable_indexing.cpp:347.)
  return data[ranges]
/home/test/Desktop/Fed-fold/openfold/data/data_transforms.py:1261: UserWarning: Using a non-tuple sequence for multidimensional indexing is deprecated and will be changed in pytorch 2.9; use x[tuple(seq)] instead of x[seq]. In pytorch 2.9 this will be interpreted as tensor index, x[torch.tensor(seq)], which will result either in an error or a different result (Triggered internally at /pytorch/torch/csrc/autograd/python_variable_indexing.cpp:347.)
  protein[k] = v[slices]
Epoch 4:  31%|███▏      | 20/64 [03:27<07:37,  0.10it/s, train/loss=27.50]Epoch 4:  31%|███▏      | 20/64 [03:27<07:37,  0.10it/s, train/loss=32.50]/home/test/Desktop/Fed-fold/openfold/utils/tensor_utils.py:95: UserWarning: Using a non-tuple sequence for multidimensional indexing is deprecated and will be changed in pytorch 2.9; use x[tuple(seq)] instead of x[seq]. In pytorch 2.9 this will be interpreted as tensor index, x[torch.tensor(seq)], which will result either in an error or a different result (Triggered internally at /pytorch/torch/csrc/autograd/python_variable_indexing.cpp:347.)
  return data[ranges]
/home/test/Desktop/Fed-fold/openfold/data/data_transforms.py:1261: UserWarning: Using a non-tuple sequence for multidimensional indexing is deprecated and will be changed in pytorch 2.9; use x[tuple(seq)] instead of x[seq]. In pytorch 2.9 this will be interpreted as tensor index, x[torch.tensor(seq)], which will result either in an error or a different result (Triggered internally at /pytorch/torch/csrc/autograd/python_variable_indexing.cpp:347.)
  protein[k] = v[slices]
Epoch 4:  33%|███▎      | 21/64 [03:37<07:24,  0.10it/s, train/loss=32.50]Epoch 4:  33%|███▎      | 21/64 [03:37<07:24,  0.10it/s, train/loss=23.70]/home/test/Desktop/Fed-fold/openfold/utils/tensor_utils.py:95: UserWarning: Using a non-tuple sequence for multidimensional indexing is deprecated and will be changed in pytorch 2.9; use x[tuple(seq)] instead of x[seq]. In pytorch 2.9 this will be interpreted as tensor index, x[torch.tensor(seq)], which will result either in an error or a different result (Triggered internally at /pytorch/torch/csrc/autograd/python_variable_indexing.cpp:347.)
  return data[ranges]
/home/test/Desktop/Fed-fold/openfold/data/data_transforms.py:1261: UserWarning: Using a non-tuple sequence for multidimensional indexing is deprecated and will be changed in pytorch 2.9; use x[tuple(seq)] instead of x[seq]. In pytorch 2.9 this will be interpreted as tensor index, x[torch.tensor(seq)], which will result either in an error or a different result (Triggered internally at /pytorch/torch/csrc/autograd/python_variable_indexing.cpp:347.)
  protein[k] = v[slices]
Epoch 4:  34%|███▍      | 22/64 [03:47<07:14,  0.10it/s, train/loss=23.70]Epoch 4:  34%|███▍      | 22/64 [03:47<07:14,  0.10it/s, train/loss=31.30]/home/test/Desktop/Fed-fold/openfold/utils/tensor_utils.py:95: UserWarning: Using a non-tuple sequence for multidimensional indexing is deprecated and will be changed in pytorch 2.9; use x[tuple(seq)] instead of x[seq]. In pytorch 2.9 this will be interpreted as tensor index, x[torch.tensor(seq)], which will result either in an error or a different result (Triggered internally at /pytorch/torch/csrc/autograd/python_variable_indexing.cpp:347.)
  return data[ranges]
/home/test/Desktop/Fed-fold/openfold/data/data_transforms.py:1261: UserWarning: Using a non-tuple sequence for multidimensional indexing is deprecated and will be changed in pytorch 2.9; use x[tuple(seq)] instead of x[seq]. In pytorch 2.9 this will be interpreted as tensor index, x[torch.tensor(seq)], which will result either in an error or a different result (Triggered internally at /pytorch/torch/csrc/autograd/python_variable_indexing.cpp:347.)
  protein[k] = v[slices]
Epoch 4:  36%|███▌      | 23/64 [03:58<07:05,  0.10it/s, train/loss=31.30]Epoch 4:  36%|███▌      | 23/64 [03:58<07:05,  0.10it/s, train/loss=20.30]/home/test/Desktop/Fed-fold/openfold/utils/tensor_utils.py:95: UserWarning: Using a non-tuple sequence for multidimensional indexing is deprecated and will be changed in pytorch 2.9; use x[tuple(seq)] instead of x[seq]. In pytorch 2.9 this will be interpreted as tensor index, x[torch.tensor(seq)], which will result either in an error or a different result (Triggered internally at /pytorch/torch/csrc/autograd/python_variable_indexing.cpp:347.)
  return data[ranges]
/home/test/Desktop/Fed-fold/openfold/data/data_transforms.py:1261: UserWarning: Using a non-tuple sequence for multidimensional indexing is deprecated and will be changed in pytorch 2.9; use x[tuple(seq)] instead of x[seq]. In pytorch 2.9 this will be interpreted as tensor index, x[torch.tensor(seq)], which will result either in an error or a different result (Triggered internally at /pytorch/torch/csrc/autograd/python_variable_indexing.cpp:347.)
  protein[k] = v[slices]
Epoch 4:  38%|███▊      | 24/64 [04:07<06:52,  0.10it/s, train/loss=20.30]Epoch 4:  38%|███▊      | 24/64 [04:07<06:52,  0.10it/s, train/loss=24.80]/home/test/Desktop/Fed-fold/openfold/utils/tensor_utils.py:95: UserWarning: Using a non-tuple sequence for multidimensional indexing is deprecated and will be changed in pytorch 2.9; use x[tuple(seq)] instead of x[seq]. In pytorch 2.9 this will be interpreted as tensor index, x[torch.tensor(seq)], which will result either in an error or a different result (Triggered internally at /pytorch/torch/csrc/autograd/python_variable_indexing.cpp:347.)
  return data[ranges]
/home/test/Desktop/Fed-fold/openfold/data/data_transforms.py:1261: UserWarning: Using a non-tuple sequence for multidimensional indexing is deprecated and will be changed in pytorch 2.9; use x[tuple(seq)] instead of x[seq]. In pytorch 2.9 this will be interpreted as tensor index, x[torch.tensor(seq)], which will result either in an error or a different result (Triggered internally at /pytorch/torch/csrc/autograd/python_variable_indexing.cpp:347.)
  protein[k] = v[slices]
Epoch 4:  39%|███▉      | 25/64 [04:15<06:37,  0.10it/s, train/loss=24.80]Epoch 4:  39%|███▉      | 25/64 [04:15<06:37,  0.10it/s, train/loss=19.00]/home/test/Desktop/Fed-fold/openfold/utils/tensor_utils.py:95: UserWarning: Using a non-tuple sequence for multidimensional indexing is deprecated and will be changed in pytorch 2.9; use x[tuple(seq)] instead of x[seq]. In pytorch 2.9 this will be interpreted as tensor index, x[torch.tensor(seq)], which will result either in an error or a different result (Triggered internally at /pytorch/torch/csrc/autograd/python_variable_indexing.cpp:347.)
  return data[ranges]
/home/test/Desktop/Fed-fold/openfold/data/data_transforms.py:1261: UserWarning: Using a non-tuple sequence for multidimensional indexing is deprecated and will be changed in pytorch 2.9; use x[tuple(seq)] instead of x[seq]. In pytorch 2.9 this will be interpreted as tensor index, x[torch.tensor(seq)], which will result either in an error or a different result (Triggered internally at /pytorch/torch/csrc/autograd/python_variable_indexing.cpp:347.)
  protein[k] = v[slices]
Epoch 4:  41%|████      | 26/64 [04:27<06:30,  0.10it/s, train/loss=19.00]Epoch 4:  41%|████      | 26/64 [04:27<06:30,  0.10it/s, train/loss=23.80]/home/test/Desktop/Fed-fold/openfold/utils/tensor_utils.py:95: UserWarning: Using a non-tuple sequence for multidimensional indexing is deprecated and will be changed in pytorch 2.9; use x[tuple(seq)] instead of x[seq]. In pytorch 2.9 this will be interpreted as tensor index, x[torch.tensor(seq)], which will result either in an error or a different result (Triggered internally at /pytorch/torch/csrc/autograd/python_variable_indexing.cpp:347.)
  return data[ranges]
/home/test/Desktop/Fed-fold/openfold/data/data_transforms.py:1261: UserWarning: Using a non-tuple sequence for multidimensional indexing is deprecated and will be changed in pytorch 2.9; use x[tuple(seq)] instead of x[seq]. In pytorch 2.9 this will be interpreted as tensor index, x[torch.tensor(seq)], which will result either in an error or a different result (Triggered internally at /pytorch/torch/csrc/autograd/python_variable_indexing.cpp:347.)
  protein[k] = v[slices]
Epoch 4:  42%|████▏     | 27/64 [04:36<06:18,  0.10it/s, train/loss=23.80]Epoch 4:  42%|████▏     | 27/64 [04:36<06:18,  0.10it/s, train/loss=28.90]/home/test/Desktop/Fed-fold/openfold/utils/tensor_utils.py:95: UserWarning: Using a non-tuple sequence for multidimensional indexing is deprecated and will be changed in pytorch 2.9; use x[tuple(seq)] instead of x[seq]. In pytorch 2.9 this will be interpreted as tensor index, x[torch.tensor(seq)], which will result either in an error or a different result (Triggered internally at /pytorch/torch/csrc/autograd/python_variable_indexing.cpp:347.)
  return data[ranges]
/home/test/Desktop/Fed-fold/openfold/data/data_transforms.py:1261: UserWarning: Using a non-tuple sequence for multidimensional indexing is deprecated and will be changed in pytorch 2.9; use x[tuple(seq)] instead of x[seq]. In pytorch 2.9 this will be interpreted as tensor index, x[torch.tensor(seq)], which will result either in an error or a different result (Triggered internally at /pytorch/torch/csrc/autograd/python_variable_indexing.cpp:347.)
  protein[k] = v[slices]
Epoch 4:  44%|████▍     | 28/64 [04:47<06:09,  0.10it/s, train/loss=28.90]Epoch 4:  44%|████▍     | 28/64 [04:47<06:09,  0.10it/s, train/loss=25.60]/home/test/Desktop/Fed-fold/openfold/utils/tensor_utils.py:95: UserWarning: Using a non-tuple sequence for multidimensional indexing is deprecated and will be changed in pytorch 2.9; use x[tuple(seq)] instead of x[seq]. In pytorch 2.9 this will be interpreted as tensor index, x[torch.tensor(seq)], which will result either in an error or a different result (Triggered internally at /pytorch/torch/csrc/autograd/python_variable_indexing.cpp:347.)
  return data[ranges]
/home/test/Desktop/Fed-fold/openfold/data/data_transforms.py:1261: UserWarning: Using a non-tuple sequence for multidimensional indexing is deprecated and will be changed in pytorch 2.9; use x[tuple(seq)] instead of x[seq]. In pytorch 2.9 this will be interpreted as tensor index, x[torch.tensor(seq)], which will result either in an error or a different result (Triggered internally at /pytorch/torch/csrc/autograd/python_variable_indexing.cpp:347.)
  protein[k] = v[slices]
Epoch 4:  45%|████▌     | 29/64 [04:59<06:01,  0.10it/s, train/loss=25.60]Epoch 4:  45%|████▌     | 29/64 [04:59<06:01,  0.10it/s, train/loss=32.20]/home/test/Desktop/Fed-fold/openfold/utils/tensor_utils.py:95: UserWarning: Using a non-tuple sequence for multidimensional indexing is deprecated and will be changed in pytorch 2.9; use x[tuple(seq)] instead of x[seq]. In pytorch 2.9 this will be interpreted as tensor index, x[torch.tensor(seq)], which will result either in an error or a different result (Triggered internally at /pytorch/torch/csrc/autograd/python_variable_indexing.cpp:347.)
  return data[ranges]
/home/test/Desktop/Fed-fold/openfold/data/data_transforms.py:1261: UserWarning: Using a non-tuple sequence for multidimensional indexing is deprecated and will be changed in pytorch 2.9; use x[tuple(seq)] instead of x[seq]. In pytorch 2.9 this will be interpreted as tensor index, x[torch.tensor(seq)], which will result either in an error or a different result (Triggered internally at /pytorch/torch/csrc/autograd/python_variable_indexing.cpp:347.)
  protein[k] = v[slices]
Epoch 4:  47%|████▋     | 30/64 [05:11<05:53,  0.10it/s, train/loss=32.20]Epoch 4:  47%|████▋     | 30/64 [05:11<05:53,  0.10it/s, train/loss=14.10]/home/test/Desktop/Fed-fold/openfold/utils/tensor_utils.py:95: UserWarning: Using a non-tuple sequence for multidimensional indexing is deprecated and will be changed in pytorch 2.9; use x[tuple(seq)] instead of x[seq]. In pytorch 2.9 this will be interpreted as tensor index, x[torch.tensor(seq)], which will result either in an error or a different result (Triggered internally at /pytorch/torch/csrc/autograd/python_variable_indexing.cpp:347.)
  return data[ranges]
/home/test/Desktop/Fed-fold/openfold/data/data_transforms.py:1261: UserWarning: Using a non-tuple sequence for multidimensional indexing is deprecated and will be changed in pytorch 2.9; use x[tuple(seq)] instead of x[seq]. In pytorch 2.9 this will be interpreted as tensor index, x[torch.tensor(seq)], which will result either in an error or a different result (Triggered internally at /pytorch/torch/csrc/autograd/python_variable_indexing.cpp:347.)
  protein[k] = v[slices]
Epoch 4:  48%|████▊     | 31/64 [05:19<05:39,  0.10it/s, train/loss=14.10]Epoch 4:  48%|████▊     | 31/64 [05:19<05:39,  0.10it/s, train/loss=28.20]/home/test/Desktop/Fed-fold/openfold/utils/tensor_utils.py:95: UserWarning: Using a non-tuple sequence for multidimensional indexing is deprecated and will be changed in pytorch 2.9; use x[tuple(seq)] instead of x[seq]. In pytorch 2.9 this will be interpreted as tensor index, x[torch.tensor(seq)], which will result either in an error or a different result (Triggered internally at /pytorch/torch/csrc/autograd/python_variable_indexing.cpp:347.)
  return data[ranges]
/home/test/Desktop/Fed-fold/openfold/data/data_transforms.py:1261: UserWarning: Using a non-tuple sequence for multidimensional indexing is deprecated and will be changed in pytorch 2.9; use x[tuple(seq)] instead of x[seq]. In pytorch 2.9 this will be interpreted as tensor index, x[torch.tensor(seq)], which will result either in an error or a different result (Triggered internally at /pytorch/torch/csrc/autograd/python_variable_indexing.cpp:347.)
  protein[k] = v[slices]
Epoch 4:  50%|█████     | 32/64 [05:31<05:31,  0.10it/s, train/loss=28.20]Epoch 4:  50%|█████     | 32/64 [05:31<05:31,  0.10it/s, train/loss=10.80]Epoch 4:  52%|█████▏    | 33/64 [05:43<05:23,  0.10it/s, train/loss=10.80]Epoch 4:  52%|█████▏    | 33/64 [05:43<05:23,  0.10it/s, train/loss=27.30]Epoch 4:  53%|█████▎    | 34/64 [05:51<05:10,  0.10it/s, train/loss=27.30]Epoch 4:  53%|█████▎    | 34/64 [05:51<05:10,  0.10it/s, train/loss=24.00]Epoch 4:  55%|█████▍    | 35/64 [06:01<04:59,  0.10it/s, train/loss=24.00]Epoch 4:  55%|█████▍    | 35/64 [06:01<04:59,  0.10it/s, train/loss=18.80]Epoch 4:  56%|█████▋    | 36/64 [06:11<04:48,  0.10it/s, train/loss=18.80]Epoch 4:  56%|█████▋    | 36/64 [06:11<04:48,  0.10it/s, train/loss=19.60]Epoch 4:  58%|█████▊    | 37/64 [06:18<04:36,  0.10it/s, train/loss=19.60]Epoch 4:  58%|█████▊    | 37/64 [06:18<04:36,  0.10it/s, train/loss=45.00]Epoch 4:  59%|█████▉    | 38/64 [06:26<04:24,  0.10it/s, train/loss=45.00]Epoch 4:  59%|█████▉    | 38/64 [06:26<04:24,  0.10it/s, train/loss=30.80]Epoch 4:  61%|██████    | 39/64 [06:36<04:14,  0.10it/s, train/loss=30.80]Epoch 4:  61%|██████    | 39/64 [06:36<04:14,  0.10it/s, train/loss=31.60]Epoch 4:  62%|██████▎   | 40/64 [06:47<04:04,  0.10it/s, train/loss=31.60]Epoch 4:  62%|██████▎   | 40/64 [06:47<04:04,  0.10it/s, train/loss=16.60]Epoch 4:  64%|██████▍   | 41/64 [06:56<03:53,  0.10it/s, train/loss=16.60]Epoch 4:  64%|██████▍   | 41/64 [06:56<03:53,  0.10it/s, train/loss=28.90]Epoch 4:  66%|██████▌   | 42/64 [07:08<03:44,  0.10it/s, train/loss=28.90]Epoch 4:  66%|██████▌   | 42/64 [07:08<03:44,  0.10it/s, train/loss=43.20]Epoch 4:  67%|██████▋   | 43/64 [07:16<03:32,  0.10it/s, train/loss=43.20]Epoch 4:  67%|██████▋   | 43/64 [07:16<03:32,  0.10it/s, train/loss=31.10]Epoch 4:  69%|██████▉   | 44/64 [07:28<03:23,  0.10it/s, train/loss=31.10]Epoch 4:  69%|██████▉   | 44/64 [07:28<03:23,  0.10it/s, train/loss=30.20]Epoch 4:  70%|███████   | 45/64 [07:40<03:14,  0.10it/s, train/loss=30.20]Epoch 4:  70%|███████   | 45/64 [07:40<03:14,  0.10it/s, train/loss=46.00]Epoch 4:  72%|███████▏  | 46/64 [07:51<03:04,  0.10it/s, train/loss=46.00]Epoch 4:  72%|███████▏  | 46/64 [07:51<03:04,  0.10it/s, train/loss=24.80]Epoch 4:  73%|███████▎  | 47/64 [08:00<02:53,  0.10it/s, train/loss=24.80]Epoch 4:  73%|███████▎  | 47/64 [08:00<02:53,  0.10it/s, train/loss=34.40]Epoch 4:  75%|███████▌  | 48/64 [08:10<02:43,  0.10it/s, train/loss=34.40]Epoch 4:  75%|███████▌  | 48/64 [08:10<02:43,  0.10it/s, train/loss=28.10]Epoch 4:  77%|███████▋  | 49/64 [08:19<02:33,  0.10it/s, train/loss=28.10]Epoch 4:  77%|███████▋  | 49/64 [08:19<02:33,  0.10it/s, train/loss=25.40]Epoch 4:  78%|███████▊  | 50/64 [08:28<02:22,  0.10it/s, train/loss=25.40]Epoch 4:  78%|███████▊  | 50/64 [08:28<02:22,  0.10it/s, train/loss=19.80]Epoch 4:  80%|███████▉  | 51/64 [08:36<02:11,  0.10it/s, train/loss=19.80]Epoch 4:  80%|███████▉  | 51/64 [08:36<02:11,  0.10it/s, train/loss=23.90]Epoch 4:  81%|████████▏ | 52/64 [08:48<02:01,  0.10it/s, train/loss=23.90]Epoch 4:  81%|████████▏ | 52/64 [08:48<02:01,  0.10it/s, train/loss=22.10]Epoch 4:  83%|████████▎ | 53/64 [08:57<01:51,  0.10it/s, train/loss=22.10]Epoch 4:  83%|████████▎ | 53/64 [08:57<01:51,  0.10it/s, train/loss=22.20]Epoch 4:  84%|████████▍ | 54/64 [09:08<01:41,  0.10it/s, train/loss=22.20]Epoch 4:  84%|████████▍ | 54/64 [09:08<01:41,  0.10it/s, train/loss=20.10]Epoch 4:  86%|████████▌ | 55/64 [09:17<01:31,  0.10it/s, train/loss=20.10]Epoch 4:  86%|████████▌ | 55/64 [09:17<01:31,  0.10it/s, train/loss=35.80]Epoch 4:  88%|████████▊ | 56/64 [09:26<01:20,  0.10it/s, train/loss=35.80]Epoch 4:  88%|████████▊ | 56/64 [09:26<01:20,  0.10it/s, train/loss=30.30]Epoch 4:  89%|████████▉ | 57/64 [09:35<01:10,  0.10it/s, train/loss=30.30]Epoch 4:  89%|████████▉ | 57/64 [09:35<01:10,  0.10it/s, train/loss=27.90]Epoch 4:  91%|█████████ | 58/64 [09:44<01:00,  0.10it/s, train/loss=27.90]Epoch 4:  91%|█████████ | 58/64 [09:44<01:00,  0.10it/s, train/loss=34.30]Epoch 4:  92%|█████████▏| 59/64 [09:55<00:50,  0.10it/s, train/loss=34.30]Epoch 4:  92%|█████████▏| 59/64 [09:55<00:50,  0.10it/s, train/loss=19.10]Epoch 4:  94%|█████████▍| 60/64 [10:05<00:40,  0.10it/s, train/loss=19.10]Epoch 4:  94%|█████████▍| 60/64 [10:05<00:40,  0.10it/s, train/loss=34.20]Epoch 4:  95%|█████████▌| 61/64 [10:14<00:30,  0.10it/s, train/loss=34.20]Epoch 4:  95%|█████████▌| 61/64 [10:14<00:30,  0.10it/s, train/loss=23.50]Epoch 4:  97%|█████████▋| 62/64 [10:25<00:20,  0.10it/s, train/loss=23.50]Epoch 4:  97%|█████████▋| 62/64 [10:25<00:20,  0.10it/s, train/loss=34.10]Epoch 4:  98%|█████████▊| 63/64 [10:32<00:10,  0.10it/s, train/loss=34.10]Epoch 4:  98%|█████████▊| 63/64 [10:32<00:10,  0.10it/s, train/loss=23.10]Epoch 4: 100%|██████████| 64/64 [10:40<00:00,  0.10it/s, train/loss=23.10]Epoch 4: 100%|██████████| 64/64 [10:40<00:00,  0.10it/s, train/loss=17.10]Epoch 4: 100%|██████████| 64/64 [10:40<00:00,  0.10it/s, train/loss=17.10]`Trainer.fit` stopped: `max_epochs=5` reached.
Epoch 4: 100%|██████████| 64/64 [10:40<00:00,  0.10it/s, train/loss=17.10]
