label,reason,length,x_ratio,noncanonical_ratio,resolution,source_file
10jt_B,duplicate_sequence,172,0.0000,0.0000,1.489,data/all_pdb_1y/fed_split/client_4/mmcif_files/10jt.cif
10nu_B,duplicate_sequence,170,0.0000,0.0000,1.5,data/all_pdb_1y/fed_split/client_4/mmcif_files/10nu.cif
10nv_A,duplicate_sequence,170,0.0000,0.0000,1.52,data/all_pdb_1y/fed_split/client_4/mmcif_files/10nv.cif
10nv_B,duplicate_sequence,170,0.0000,0.0000,1.52,data/all_pdb_1y/fed_split/client_4/mmcif_files/10nv.cif
11wx_B,duplicate_sequence,253,0.0000,0.0000,1.91,data/all_pdb_1y/fed_split/client_4/mmcif_files/11wx.cif
11wx_C,duplicate_sequence,253,0.0000,0.0000,1.91,data/all_pdb_1y/fed_split/client_4/mmcif_files/11wx.cif
12hp_A,duplicate_sequence,120,0.0000,0.0000,2.0,data/all_pdb_1y/fed_split/client_4/mmcif_files/12hp.cif
12hp_B,duplicate_sequence,120,0.0000,0.0000,2.0,data/all_pdb_1y/fed_split/client_4/mmcif_files/12hp.cif
12hp_D,duplicate_sequence,120,0.0000,0.0000,2.0,data/all_pdb_1y/fed_split/client_4/mmcif_files/12hp.cif
12hp_E,duplicate_sequence,120,0.0000,0.0000,2.0,data/all_pdb_1y/fed_split/client_4/mmcif_files/12hp.cif
12hp_F,duplicate_sequence,120,0.0000,0.0000,2.0,data/all_pdb_1y/fed_split/client_4/mmcif_files/12hp.cif
12hp_G,duplicate_sequence,120,0.0000,0.0000,2.0,data/all_pdb_1y/fed_split/client_4/mmcif_files/12hp.cif
12hp_H,duplicate_sequence,120,0.0000,0.0000,2.0,data/all_pdb_1y/fed_split/client_4/mmcif_files/12hp.cif
21ng_B,duplicate_sequence,85,0.0000,0.0000,1.53,data/all_pdb_1y/fed_split/client_4/mmcif_files/21ng.cif
21nh_B,duplicate_sequence,92,0.0000,0.0000,1.6,data/all_pdb_1y/fed_split/client_4/mmcif_files/21nh.cif
21nh_C,duplicate_sequence,92,0.0000,0.0000,1.6,data/all_pdb_1y/fed_split/client_4/mmcif_files/21nh.cif
21nh_D,duplicate_sequence,92,0.0000,0.0000,1.6,data/all_pdb_1y/fed_split/client_4/mmcif_files/21nh.cif
21nh_E,duplicate_sequence,92,0.0000,0.0000,1.6,data/all_pdb_1y/fed_split/client_4/mmcif_files/21nh.cif
22fk_B,duplicate_sequence,106,0.0000,0.0000,1.898,data/all_pdb_1y/fed_split/client_4/mmcif_files/22fk.cif
22fk_C,duplicate_sequence,106,0.0000,0.0000,1.898,data/all_pdb_1y/fed_split/client_4/mmcif_files/22fk.cif
22fk_D,duplicate_sequence,106,0.0000,0.0000,1.898,data/all_pdb_1y/fed_split/client_4/mmcif_files/22fk.cif
22fk_E,duplicate_sequence,106,0.0000,0.0000,1.898,data/all_pdb_1y/fed_split/client_4/mmcif_files/22fk.cif
23ac_B,duplicate_sequence,193,0.0000,0.0000,1.4,data/all_pdb_1y/fed_split/client_4/mmcif_files/23ac.cif
23om_B,duplicate_sequence,259,0.0000,0.0000,1.7,data/all_pdb_1y/fed_split/client_4/mmcif_files/23om.cif
23on_A,duplicate_sequence,259,0.0000,0.0000,1.5,data/all_pdb_1y/fed_split/client_4/mmcif_files/23on.cif
23on_B,duplicate_sequence,259,0.0000,0.0000,1.5,data/all_pdb_1y/fed_split/client_4/mmcif_files/23on.cif
25hk_B,duplicate_sequence,291,0.0000,0.0000,1.66,data/all_pdb_1y/fed_split/client_4/mmcif_files/25hk.cif
27rq_B,duplicate_sequence,74,0.0000,0.0000,1.75,data/all_pdb_1y/fed_split/client_4/mmcif_files/27rq.cif
29ly_A,duplicate_sequence,123,0.0000,0.0000,1.2,data/all_pdb_1y/fed_split/client_4/mmcif_files/29ly.cif
29mc_A,duplicate_sequence,123,0.0000,0.0000,1.2,data/all_pdb_1y/fed_split/client_4/mmcif_files/29mc.cif
29md_A,duplicate_sequence,123,0.0000,0.0000,1.2,data/all_pdb_1y/fed_split/client_4/mmcif_files/29md.cif
7h9l_A,duplicate_sequence,237,0.0000,0.0000,1.42,data/all_pdb_1y/fed_split/client_4/mmcif_files/7h9l.cif
7h9m_A,duplicate_sequence,237,0.0000,0.0000,1.49,data/all_pdb_1y/fed_split/client_4/mmcif_files/7h9m.cif
7h9o_A,duplicate_sequence,237,0.0000,0.0000,1.55,data/all_pdb_1y/fed_split/client_4/mmcif_files/7h9o.cif
7h9p_A,duplicate_sequence,237,0.0000,0.0000,1.64,data/all_pdb_1y/fed_split/client_4/mmcif_files/7h9p.cif
7h9q_A,duplicate_sequence,237,0.0000,0.0000,1.51,data/all_pdb_1y/fed_split/client_4/mmcif_files/7h9q.cif
7h9r_A,duplicate_sequence,237,0.0000,0.0000,1.69,data/all_pdb_1y/fed_split/client_4/mmcif_files/7h9r.cif
7h9u_A,duplicate_sequence,237,0.0000,0.0000,1.94,data/all_pdb_1y/fed_split/client_4/mmcif_files/7h9u.cif
7h9v_A,duplicate_sequence,237,0.0000,0.0000,1.52,data/all_pdb_1y/fed_split/client_4/mmcif_files/7h9v.cif
7h9w_A,duplicate_sequence,237,0.0000,0.0000,1.64,data/all_pdb_1y/fed_split/client_4/mmcif_files/7h9w.cif
7h9x_A,duplicate_sequence,237,0.0000,0.0000,1.47,data/all_pdb_1y/fed_split/client_4/mmcif_files/7h9x.cif
7ha0_A,duplicate_sequence,237,0.0000,0.0000,1.47,data/all_pdb_1y/fed_split/client_4/mmcif_files/7ha0.cif
7ha1_A,duplicate_sequence,237,0.0000,0.0000,1.46,data/all_pdb_1y/fed_split/client_4/mmcif_files/7ha1.cif
7ha2_A,duplicate_sequence,237,0.0000,0.0000,1.73,data/all_pdb_1y/fed_split/client_4/mmcif_files/7ha2.cif
7ha3_A,duplicate_sequence,237,0.0000,0.0000,1.98,data/all_pdb_1y/fed_split/client_4/mmcif_files/7ha3.cif
7ha4_A,duplicate_sequence,237,0.0000,0.0000,1.61,data/all_pdb_1y/fed_split/client_4/mmcif_files/7ha4.cif
7ha5_A,duplicate_sequence,237,0.0000,0.0000,1.53,data/all_pdb_1y/fed_split/client_4/mmcif_files/7ha5.cif
7ha6_A,duplicate_sequence,237,0.0000,0.0000,1.8,data/all_pdb_1y/fed_split/client_4/mmcif_files/7ha6.cif
7ha9_A,duplicate_sequence,237,0.0000,0.0000,2.0,data/all_pdb_1y/fed_split/client_4/mmcif_files/7ha9.cif
7haa_A,duplicate_sequence,237,0.0000,0.0000,1.67,data/all_pdb_1y/fed_split/client_4/mmcif_files/7haa.cif
7hab_A,duplicate_sequence,237,0.0000,0.0000,1.5,data/all_pdb_1y/fed_split/client_4/mmcif_files/7hab.cif
7hac_A,duplicate_sequence,237,0.0000,0.0000,1.68,data/all_pdb_1y/fed_split/client_4/mmcif_files/7hac.cif
7had_A,duplicate_sequence,237,0.0000,0.0000,1.59,data/all_pdb_1y/fed_split/client_4/mmcif_files/7had.cif
7hae_A,duplicate_sequence,237,0.0000,0.0000,1.73,data/all_pdb_1y/fed_split/client_4/mmcif_files/7hae.cif
7haf_A,duplicate_sequence,237,0.0000,0.0000,1.61,data/all_pdb_1y/fed_split/client_4/mmcif_files/7haf.cif
7hag_A,duplicate_sequence,237,0.0000,0.0000,1.53,data/all_pdb_1y/fed_split/client_4/mmcif_files/7hag.cif
7hah_A,duplicate_sequence,237,0.0000,0.0000,1.6,data/all_pdb_1y/fed_split/client_4/mmcif_files/7hah.cif
7hai_A,duplicate_sequence,237,0.0000,0.0000,1.65,data/all_pdb_1y/fed_split/client_4/mmcif_files/7hai.cif
7haj_A,duplicate_sequence,237,0.0000,0.0000,1.57,data/all_pdb_1y/fed_split/client_4/mmcif_files/7haj.cif
7hak_A,duplicate_sequence,237,0.0000,0.0000,1.72,data/all_pdb_1y/fed_split/client_4/mmcif_files/7hak.cif
7hal_A,duplicate_sequence,237,0.0000,0.0000,1.65,data/all_pdb_1y/fed_split/client_4/mmcif_files/7hal.cif
7ham_A,duplicate_sequence,237,0.0000,0.0000,1.77,data/all_pdb_1y/fed_split/client_4/mmcif_files/7ham.cif
7han_A,duplicate_sequence,237,0.0000,0.0000,1.61,data/all_pdb_1y/fed_split/client_4/mmcif_files/7han.cif
7hao_A,duplicate_sequence,237,0.0000,0.0000,1.83,data/all_pdb_1y/fed_split/client_4/mmcif_files/7hao.cif
7haq_A,duplicate_sequence,237,0.0000,0.0000,1.55,data/all_pdb_1y/fed_split/client_4/mmcif_files/7haq.cif
7har_A,duplicate_sequence,237,0.0000,0.0000,1.77,data/all_pdb_1y/fed_split/client_4/mmcif_files/7har.cif
7hau_A,duplicate_sequence,237,0.0000,0.0000,1.75,data/all_pdb_1y/fed_split/client_4/mmcif_files/7hau.cif
7haw_A,duplicate_sequence,237,0.0000,0.0000,1.65,data/all_pdb_1y/fed_split/client_4/mmcif_files/7haw.cif
7haz_A,duplicate_sequence,237,0.0000,0.0000,1.68,data/all_pdb_1y/fed_split/client_4/mmcif_files/7haz.cif
7hb0_A,duplicate_sequence,237,0.0000,0.0000,1.78,data/all_pdb_1y/fed_split/client_4/mmcif_files/7hb0.cif
7hb1_A,duplicate_sequence,237,0.0000,0.0000,1.66,data/all_pdb_1y/fed_split/client_4/mmcif_files/7hb1.cif
7hb2_A,duplicate_sequence,237,0.0000,0.0000,1.67,data/all_pdb_1y/fed_split/client_4/mmcif_files/7hb2.cif
7hb4_A,duplicate_sequence,237,0.0000,0.0000,1.87,data/all_pdb_1y/fed_split/client_4/mmcif_files/7hb4.cif
7hb5_A,duplicate_sequence,237,0.0000,0.0000,1.8,data/all_pdb_1y/fed_split/client_4/mmcif_files/7hb5.cif
7hb8_A,duplicate_sequence,237,0.0000,0.0000,1.85,data/all_pdb_1y/fed_split/client_4/mmcif_files/7hb8.cif
7hb9_A,duplicate_sequence,237,0.0000,0.0000,1.89,data/all_pdb_1y/fed_split/client_4/mmcif_files/7hb9.cif
7hbb_A,duplicate_sequence,237,0.0000,0.0000,1.84,data/all_pdb_1y/fed_split/client_4/mmcif_files/7hbb.cif
7hbc_A,duplicate_sequence,237,0.0000,0.0000,1.86,data/all_pdb_1y/fed_split/client_4/mmcif_files/7hbc.cif
7hbd_A,duplicate_sequence,237,0.0000,0.0000,1.8,data/all_pdb_1y/fed_split/client_4/mmcif_files/7hbd.cif
7hbe_A,duplicate_sequence,237,0.0000,0.0000,1.79,data/all_pdb_1y/fed_split/client_4/mmcif_files/7hbe.cif
7hbf_A,duplicate_sequence,237,0.0000,0.0000,1.97,data/all_pdb_1y/fed_split/client_4/mmcif_files/7hbf.cif
7hbg_A,duplicate_sequence,237,0.0000,0.0000,1.69,data/all_pdb_1y/fed_split/client_4/mmcif_files/7hbg.cif
7hbh_A,duplicate_sequence,237,0.0000,0.0000,1.8,data/all_pdb_1y/fed_split/client_4/mmcif_files/7hbh.cif
7hbl_A,duplicate_sequence,237,0.0000,0.0000,1.65,data/all_pdb_1y/fed_split/client_4/mmcif_files/7hbl.cif
7hbn_A,duplicate_sequence,237,0.0000,0.0000,1.99,data/all_pdb_1y/fed_split/client_4/mmcif_files/7hbn.cif
7hbp_A,duplicate_sequence,237,0.0000,0.0000,1.91,data/all_pdb_1y/fed_split/client_4/mmcif_files/7hbp.cif
7hbr_A,duplicate_sequence,237,0.0000,0.0000,1.91,data/all_pdb_1y/fed_split/client_4/mmcif_files/7hbr.cif
7hbs_A,duplicate_sequence,237,0.0000,0.0000,1.38,data/all_pdb_1y/fed_split/client_4/mmcif_files/7hbs.cif
7hbt_A,duplicate_sequence,237,0.0000,0.0000,1.38,data/all_pdb_1y/fed_split/client_4/mmcif_files/7hbt.cif
7hbu_A,duplicate_sequence,237,0.0000,0.0000,1.44,data/all_pdb_1y/fed_split/client_4/mmcif_files/7hbu.cif
7hbv_A,duplicate_sequence,237,0.0000,0.0000,1.56,data/all_pdb_1y/fed_split/client_4/mmcif_files/7hbv.cif
7hbw_A,duplicate_sequence,237,0.0000,0.0000,1.91,data/all_pdb_1y/fed_split/client_4/mmcif_files/7hbw.cif
7hby_A,duplicate_sequence,237,0.0000,0.0000,1.82,data/all_pdb_1y/fed_split/client_4/mmcif_files/7hby.cif
7hbz_A,duplicate_sequence,237,0.0000,0.0000,1.44,data/all_pdb_1y/fed_split/client_4/mmcif_files/7hbz.cif
7hc0_A,duplicate_sequence,237,0.0000,0.0000,1.66,data/all_pdb_1y/fed_split/client_4/mmcif_files/7hc0.cif
7hc2_A,duplicate_sequence,237,0.0000,0.0000,1.6,data/all_pdb_1y/fed_split/client_4/mmcif_files/7hc2.cif
7hiz_A,duplicate_sequence,126,0.0000,0.0000,1.3,data/all_pdb_1y/fed_split/client_4/mmcif_files/7hiz.cif
7hj0_A,duplicate_sequence,126,0.0000,0.0000,1.39,data/all_pdb_1y/fed_split/client_4/mmcif_files/7hj0.cif
7hj1_A,duplicate_sequence,126,0.0000,0.0000,1.55,data/all_pdb_1y/fed_split/client_4/mmcif_files/7hj1.cif
7hj2_A,duplicate_sequence,126,0.0000,0.0000,1.55,data/all_pdb_1y/fed_split/client_4/mmcif_files/7hj2.cif
7hj3_A,duplicate_sequence,126,0.0000,0.0000,1.54,data/all_pdb_1y/fed_split/client_4/mmcif_files/7hj3.cif
7hj4_A,duplicate_sequence,126,0.0000,0.0000,1.57,data/all_pdb_1y/fed_split/client_4/mmcif_files/7hj4.cif
7hj5_A,duplicate_sequence,126,0.0000,0.0000,1.55,data/all_pdb_1y/fed_split/client_4/mmcif_files/7hj5.cif
7hj6_A,duplicate_sequence,126,0.0000,0.0000,1.58,data/all_pdb_1y/fed_split/client_4/mmcif_files/7hj6.cif
7hj7_A,duplicate_sequence,126,0.0000,0.0000,1.6,data/all_pdb_1y/fed_split/client_4/mmcif_files/7hj7.cif
7hj8_A,duplicate_sequence,126,0.0000,0.0000,1.59,data/all_pdb_1y/fed_split/client_4/mmcif_files/7hj8.cif
7hj9_A,duplicate_sequence,126,0.0000,0.0000,1.56,data/all_pdb_1y/fed_split/client_4/mmcif_files/7hj9.cif
7hja_A,duplicate_sequence,126,0.0000,0.0000,1.59,data/all_pdb_1y/fed_split/client_4/mmcif_files/7hja.cif
7hjb_A,duplicate_sequence,126,0.0000,0.0000,1.58,data/all_pdb_1y/fed_split/client_4/mmcif_files/7hjb.cif
7hjc_A,duplicate_sequence,126,0.0000,0.0000,1.6,data/all_pdb_1y/fed_split/client_4/mmcif_files/7hjc.cif
7hjd_A,duplicate_sequence,126,0.0000,0.0000,1.58,data/all_pdb_1y/fed_split/client_4/mmcif_files/7hjd.cif
7hje_A,duplicate_sequence,126,0.0000,0.0000,1.59,data/all_pdb_1y/fed_split/client_4/mmcif_files/7hje.cif
7hjf_A,duplicate_sequence,126,0.0000,0.0000,1.58,data/all_pdb_1y/fed_split/client_4/mmcif_files/7hjf.cif
7hjg_A,duplicate_sequence,126,0.0000,0.0000,1.57,data/all_pdb_1y/fed_split/client_4/mmcif_files/7hjg.cif
7hjh_A,duplicate_sequence,126,0.0000,0.0000,1.55,data/all_pdb_1y/fed_split/client_4/mmcif_files/7hjh.cif
7hji_A,duplicate_sequence,126,0.0000,0.0000,1.55,data/all_pdb_1y/fed_split/client_4/mmcif_files/7hji.cif
7hjj_A,duplicate_sequence,126,0.0000,0.0000,1.59,data/all_pdb_1y/fed_split/client_4/mmcif_files/7hjj.cif
7hjk_A,duplicate_sequence,126,0.0000,0.0000,1.56,data/all_pdb_1y/fed_split/client_4/mmcif_files/7hjk.cif
7hjl_A,duplicate_sequence,126,0.0000,0.0000,1.6,data/all_pdb_1y/fed_split/client_4/mmcif_files/7hjl.cif
7hjm_A,duplicate_sequence,126,0.0000,0.0000,1.55,data/all_pdb_1y/fed_split/client_4/mmcif_files/7hjm.cif
7hjn_A,duplicate_sequence,126,0.0000,0.0000,1.95,data/all_pdb_1y/fed_split/client_4/mmcif_files/7hjn.cif
7hjo_A,duplicate_sequence,126,0.0000,0.0000,1.56,data/all_pdb_1y/fed_split/client_4/mmcif_files/7hjo.cif
7hjp_A,duplicate_sequence,126,0.0000,0.0000,1.6,data/all_pdb_1y/fed_split/client_4/mmcif_files/7hjp.cif
7hjq_A,duplicate_sequence,126,0.0000,0.0000,1.58,data/all_pdb_1y/fed_split/client_4/mmcif_files/7hjq.cif
7hjr_A,duplicate_sequence,126,0.0000,0.0000,1.55,data/all_pdb_1y/fed_split/client_4/mmcif_files/7hjr.cif
7hjs_A,duplicate_sequence,126,0.0000,0.0000,1.57,data/all_pdb_1y/fed_split/client_4/mmcif_files/7hjs.cif
7hjt_A,duplicate_sequence,126,0.0000,0.0000,1.58,data/all_pdb_1y/fed_split/client_4/mmcif_files/7hjt.cif
7hju_A,duplicate_sequence,126,0.0000,0.0000,1.56,data/all_pdb_1y/fed_split/client_4/mmcif_files/7hju.cif
7hjv_A,duplicate_sequence,126,0.0000,0.0000,1.58,data/all_pdb_1y/fed_split/client_4/mmcif_files/7hjv.cif
7hjw_A,duplicate_sequence,126,0.0000,0.0000,1.58,data/all_pdb_1y/fed_split/client_4/mmcif_files/7hjw.cif
7hjx_A,duplicate_sequence,126,0.0000,0.0000,1.55,data/all_pdb_1y/fed_split/client_4/mmcif_files/7hjx.cif
7hjy_A,duplicate_sequence,126,0.0000,0.0000,1.58,data/all_pdb_1y/fed_split/client_4/mmcif_files/7hjy.cif
7hjz_A,duplicate_sequence,126,0.0000,0.0000,1.6,data/all_pdb_1y/fed_split/client_4/mmcif_files/7hjz.cif
7hk0_A,duplicate_sequence,126,0.0000,0.0000,1.59,data/all_pdb_1y/fed_split/client_4/mmcif_files/7hk0.cif
7hk1_A,duplicate_sequence,126,0.0000,0.0000,1.55,data/all_pdb_1y/fed_split/client_4/mmcif_files/7hk1.cif
7hk2_A,duplicate_sequence,126,0.0000,0.0000,1.55,data/all_pdb_1y/fed_split/client_4/mmcif_files/7hk2.cif
7hk3_A,duplicate_sequence,126,0.0000,0.0000,1.55,data/all_pdb_1y/fed_split/client_4/mmcif_files/7hk3.cif
7hk4_A,duplicate_sequence,126,0.0000,0.0000,1.59,data/all_pdb_1y/fed_split/client_4/mmcif_files/7hk4.cif
7i04_B,duplicate_sequence,209,0.0000,0.0000,1.9,data/all_pdb_1y/fed_split/client_4/mmcif_files/7i04.cif
7i04_C,duplicate_sequence,209,0.0000,0.0000,1.9,data/all_pdb_1y/fed_split/client_4/mmcif_files/7i04.cif
7i05_A,duplicate_sequence,209,0.0000,0.0000,1.97,data/all_pdb_1y/fed_split/client_4/mmcif_files/7i05.cif
7i05_B,duplicate_sequence,209,0.0000,0.0000,1.97,data/all_pdb_1y/fed_split/client_4/mmcif_files/7i05.cif
7i05_C,duplicate_sequence,209,0.0000,0.0000,1.97,data/all_pdb_1y/fed_split/client_4/mmcif_files/7i05.cif
7i06_A,duplicate_sequence,209,0.0000,0.0000,1.81,data/all_pdb_1y/fed_split/client_4/mmcif_files/7i06.cif
7i06_B,duplicate_sequence,209,0.0000,0.0000,1.81,data/all_pdb_1y/fed_split/client_4/mmcif_files/7i06.cif
7i06_C,duplicate_sequence,209,0.0000,0.0000,1.81,data/all_pdb_1y/fed_split/client_4/mmcif_files/7i06.cif
7i07_A,duplicate_sequence,209,0.0000,0.0000,1.91,data/all_pdb_1y/fed_split/client_4/mmcif_files/7i07.cif
7i07_B,duplicate_sequence,209,0.0000,0.0000,1.91,data/all_pdb_1y/fed_split/client_4/mmcif_files/7i07.cif
7i07_C,duplicate_sequence,209,0.0000,0.0000,1.91,data/all_pdb_1y/fed_split/client_4/mmcif_files/7i07.cif
7i0e_A,duplicate_sequence,209,0.0000,0.0000,1.96,data/all_pdb_1y/fed_split/client_4/mmcif_files/7i0e.cif
7i0e_B,duplicate_sequence,209,0.0000,0.0000,1.96,data/all_pdb_1y/fed_split/client_4/mmcif_files/7i0e.cif
7i0e_C,duplicate_sequence,209,0.0000,0.0000,1.96,data/all_pdb_1y/fed_split/client_4/mmcif_files/7i0e.cif
7i0f_A,duplicate_sequence,209,0.0000,0.0000,1.9,data/all_pdb_1y/fed_split/client_4/mmcif_files/7i0f.cif
7i0f_B,duplicate_sequence,209,0.0000,0.0000,1.9,data/all_pdb_1y/fed_split/client_4/mmcif_files/7i0f.cif
7i0f_C,duplicate_sequence,209,0.0000,0.0000,1.9,data/all_pdb_1y/fed_split/client_4/mmcif_files/7i0f.cif
7i0h_A,duplicate_sequence,209,0.0000,0.0000,1.78,data/all_pdb_1y/fed_split/client_4/mmcif_files/7i0h.cif
7i0h_B,duplicate_sequence,209,0.0000,0.0000,1.78,data/all_pdb_1y/fed_split/client_4/mmcif_files/7i0h.cif
7i0h_C,duplicate_sequence,209,0.0000,0.0000,1.78,data/all_pdb_1y/fed_split/client_4/mmcif_files/7i0h.cif
7i0i_A,duplicate_sequence,209,0.0000,0.0000,1.88,data/all_pdb_1y/fed_split/client_4/mmcif_files/7i0i.cif
7i0i_B,duplicate_sequence,209,0.0000,0.0000,1.88,data/all_pdb_1y/fed_split/client_4/mmcif_files/7i0i.cif
7i0i_C,duplicate_sequence,209,0.0000,0.0000,1.88,data/all_pdb_1y/fed_split/client_4/mmcif_files/7i0i.cif
7i0j_A,duplicate_sequence,209,0.0000,0.0000,1.99,data/all_pdb_1y/fed_split/client_4/mmcif_files/7i0j.cif
7i0j_B,duplicate_sequence,209,0.0000,0.0000,1.99,data/all_pdb_1y/fed_split/client_4/mmcif_files/7i0j.cif
7i0j_C,duplicate_sequence,209,0.0000,0.0000,1.99,data/all_pdb_1y/fed_split/client_4/mmcif_files/7i0j.cif
7i0k_A,duplicate_sequence,209,0.0000,0.0000,1.99,data/all_pdb_1y/fed_split/client_4/mmcif_files/7i0k.cif
7i0k_B,duplicate_sequence,209,0.0000,0.0000,1.99,data/all_pdb_1y/fed_split/client_4/mmcif_files/7i0k.cif
7i0k_C,duplicate_sequence,209,0.0000,0.0000,1.99,data/all_pdb_1y/fed_split/client_4/mmcif_files/7i0k.cif
7i0l_A,duplicate_sequence,209,0.0000,0.0000,1.97,data/all_pdb_1y/fed_split/client_4/mmcif_files/7i0l.cif
7i0l_B,duplicate_sequence,209,0.0000,0.0000,1.97,data/all_pdb_1y/fed_split/client_4/mmcif_files/7i0l.cif
7i0l_C,duplicate_sequence,209,0.0000,0.0000,1.97,data/all_pdb_1y/fed_split/client_4/mmcif_files/7i0l.cif
7i0m_A,duplicate_sequence,209,0.0000,0.0000,1.85,data/all_pdb_1y/fed_split/client_4/mmcif_files/7i0m.cif
7i0m_B,duplicate_sequence,209,0.0000,0.0000,1.85,data/all_pdb_1y/fed_split/client_4/mmcif_files/7i0m.cif
7i0m_C,duplicate_sequence,209,0.0000,0.0000,1.85,data/all_pdb_1y/fed_split/client_4/mmcif_files/7i0m.cif
7i0o_A,duplicate_sequence,209,0.0000,0.0000,1.98,data/all_pdb_1y/fed_split/client_4/mmcif_files/7i0o.cif
7i0o_B,duplicate_sequence,209,0.0000,0.0000,1.98,data/all_pdb_1y/fed_split/client_4/mmcif_files/7i0o.cif
7i0o_C,duplicate_sequence,209,0.0000,0.0000,1.98,data/all_pdb_1y/fed_split/client_4/mmcif_files/7i0o.cif
7i0q_A,duplicate_sequence,209,0.0000,0.0000,1.93,data/all_pdb_1y/fed_split/client_4/mmcif_files/7i0q.cif
7i0q_B,duplicate_sequence,209,0.0000,0.0000,1.93,data/all_pdb_1y/fed_split/client_4/mmcif_files/7i0q.cif
7i0q_C,duplicate_sequence,209,0.0000,0.0000,1.93,data/all_pdb_1y/fed_split/client_4/mmcif_files/7i0q.cif
7i0r_A,duplicate_sequence,209,0.0000,0.0000,1.73,data/all_pdb_1y/fed_split/client_4/mmcif_files/7i0r.cif
7i0r_B,duplicate_sequence,209,0.0000,0.0000,1.73,data/all_pdb_1y/fed_split/client_4/mmcif_files/7i0r.cif
7i0r_C,duplicate_sequence,209,0.0000,0.0000,1.73,data/all_pdb_1y/fed_split/client_4/mmcif_files/7i0r.cif
7i0s_A,duplicate_sequence,209,0.0000,0.0000,1.88,data/all_pdb_1y/fed_split/client_4/mmcif_files/7i0s.cif
7i0s_B,duplicate_sequence,209,0.0000,0.0000,1.88,data/all_pdb_1y/fed_split/client_4/mmcif_files/7i0s.cif
7i0s_C,duplicate_sequence,209,0.0000,0.0000,1.88,data/all_pdb_1y/fed_split/client_4/mmcif_files/7i0s.cif
7i0t_A,duplicate_sequence,209,0.0000,0.0000,2.0,data/all_pdb_1y/fed_split/client_4/mmcif_files/7i0t.cif
7i0t_B,duplicate_sequence,209,0.0000,0.0000,2.0,data/all_pdb_1y/fed_split/client_4/mmcif_files/7i0t.cif
7i0t_C,duplicate_sequence,209,0.0000,0.0000,2.0,data/all_pdb_1y/fed_split/client_4/mmcif_files/7i0t.cif
7i0x_A,duplicate_sequence,209,0.0000,0.0000,1.88,data/all_pdb_1y/fed_split/client_4/mmcif_files/7i0x.cif
7i0x_B,duplicate_sequence,209,0.0000,0.0000,1.88,data/all_pdb_1y/fed_split/client_4/mmcif_files/7i0x.cif
7i0x_C,duplicate_sequence,209,0.0000,0.0000,1.88,data/all_pdb_1y/fed_split/client_4/mmcif_files/7i0x.cif
7i0y_A,duplicate_sequence,209,0.0000,0.0000,1.84,data/all_pdb_1y/fed_split/client_4/mmcif_files/7i0y.cif
7i0y_B,duplicate_sequence,209,0.0000,0.0000,1.84,data/all_pdb_1y/fed_split/client_4/mmcif_files/7i0y.cif
7i0y_C,duplicate_sequence,209,0.0000,0.0000,1.84,data/all_pdb_1y/fed_split/client_4/mmcif_files/7i0y.cif
7i0z_A,duplicate_sequence,209,0.0000,0.0000,1.87,data/all_pdb_1y/fed_split/client_4/mmcif_files/7i0z.cif
7i0z_B,duplicate_sequence,209,0.0000,0.0000,1.87,data/all_pdb_1y/fed_split/client_4/mmcif_files/7i0z.cif
7i0z_C,duplicate_sequence,209,0.0000,0.0000,1.87,data/all_pdb_1y/fed_split/client_4/mmcif_files/7i0z.cif
7i10_A,duplicate_sequence,209,0.0000,0.0000,1.84,data/all_pdb_1y/fed_split/client_4/mmcif_files/7i10.cif
7i10_B,duplicate_sequence,209,0.0000,0.0000,1.84,data/all_pdb_1y/fed_split/client_4/mmcif_files/7i10.cif
7i10_C,duplicate_sequence,209,0.0000,0.0000,1.84,data/all_pdb_1y/fed_split/client_4/mmcif_files/7i10.cif
7i11_A,duplicate_sequence,209,0.0000,0.0000,1.84,data/all_pdb_1y/fed_split/client_4/mmcif_files/7i11.cif
7i11_B,duplicate_sequence,209,0.0000,0.0000,1.84,data/all_pdb_1y/fed_split/client_4/mmcif_files/7i11.cif
7i11_C,duplicate_sequence,209,0.0000,0.0000,1.84,data/all_pdb_1y/fed_split/client_4/mmcif_files/7i11.cif
7i12_A,duplicate_sequence,209,0.0000,0.0000,1.94,data/all_pdb_1y/fed_split/client_4/mmcif_files/7i12.cif
7i12_B,duplicate_sequence,209,0.0000,0.0000,1.94,data/all_pdb_1y/fed_split/client_4/mmcif_files/7i12.cif
7i12_C,duplicate_sequence,209,0.0000,0.0000,1.94,data/all_pdb_1y/fed_split/client_4/mmcif_files/7i12.cif
8k4k_B,duplicate_sequence,206,0.0000,0.0000,1.7,data/all_pdb_1y/fed_split/client_4/mmcif_files/8k4k.cif
8py0_B,duplicate_sequence,188,0.0000,0.0000,1.75,data/all_pdb_1y/fed_split/client_4/mmcif_files/8py0.cif
8rlo_BBB,duplicate_sequence,261,0.0000,0.0000,1.55,data/all_pdb_1y/fed_split/client_4/mmcif_files/8rlo.cif
8rns_A,duplicate_sequence,260,0.0000,0.0000,1.14,data/all_pdb_1y/fed_split/client_4/mmcif_files/8rns.cif
8rnz_B,duplicate_sequence,100,0.0000,0.0000,1.98,data/all_pdb_1y/fed_split/client_4/mmcif_files/8rnz.cif
8rou_A,duplicate_sequence,260,0.0000,0.0000,1.08,data/all_pdb_1y/fed_split/client_4/mmcif_files/8rou.cif
8row_A,duplicate_sequence,260,0.0000,0.0000,1.05,data/all_pdb_1y/fed_split/client_4/mmcif_files/8row.cif
8s6s_B,duplicate_sequence,183,0.0000,0.0000,1.789,data/all_pdb_1y/fed_split/client_4/mmcif_files/8s6s.cif
8vq6_A,duplicate_sequence,260,0.0000,0.0000,1.45,data/all_pdb_1y/fed_split/client_4/mmcif_files/8vq6.cif
8vq7_A,duplicate_sequence,260,0.0000,0.0000,1.409,data/all_pdb_1y/fed_split/client_4/mmcif_files/8vq7.cif
8vrp_C,duplicate_sequence,229,0.0000,0.0000,1.8,data/all_pdb_1y/fed_split/client_4/mmcif_files/8vrp.cif
8vrp_A,duplicate_sequence,229,0.0000,0.0000,1.8,data/all_pdb_1y/fed_split/client_4/mmcif_files/8vrp.cif
8wpa_B,duplicate_sequence,96,0.0000,0.0000,1.72,data/all_pdb_1y/fed_split/client_4/mmcif_files/8wpa.cif
8wpa_C,duplicate_sequence,96,0.0000,0.0000,1.72,data/all_pdb_1y/fed_split/client_4/mmcif_files/8wpa.cif
8wpa_D,duplicate_sequence,96,0.0000,0.0000,1.72,data/all_pdb_1y/fed_split/client_4/mmcif_files/8wpa.cif
8xr5_B,duplicate_sequence,126,0.0000,0.0000,1.95,data/all_pdb_1y/fed_split/client_4/mmcif_files/8xr5.cif
8y6t_B,duplicate_sequence,262,0.0000,0.0000,1.9,data/all_pdb_1y/fed_split/client_4/mmcif_files/8y6t.cif
8y6t_C,duplicate_sequence,262,0.0000,0.0000,1.9,data/all_pdb_1y/fed_split/client_4/mmcif_files/8y6t.cif
8y6t_D,duplicate_sequence,262,0.0000,0.0000,1.9,data/all_pdb_1y/fed_split/client_4/mmcif_files/8y6t.cif
8yo6_B,duplicate_sequence,119,0.0000,0.0000,1.95,data/all_pdb_1y/fed_split/client_4/mmcif_files/8yo6.cif
8yuf_B,duplicate_sequence,139,0.0000,0.0000,1.59,data/all_pdb_1y/fed_split/client_4/mmcif_files/8yuf.cif
8yxq_B,duplicate_sequence,293,0.0000,0.0000,1.53,data/all_pdb_1y/fed_split/client_4/mmcif_files/8yxq.cif
8yxy_B,duplicate_sequence,293,0.0000,0.0000,1.13,data/all_pdb_1y/fed_split/client_4/mmcif_files/8yxy.cif
8z1i_B,duplicate_sequence,299,0.0000,0.0000,1.45,data/all_pdb_1y/fed_split/client_4/mmcif_files/8z1i.cif
8zfv_C,duplicate_sequence,175,0.0000,0.0000,2.0,data/all_pdb_1y/fed_split/client_4/mmcif_files/8zfv.cif
8zfv_B,duplicate_sequence,175,0.0000,0.0000,2.0,data/all_pdb_1y/fed_split/client_4/mmcif_files/8zfv.cif
8zfv_D,duplicate_sequence,175,0.0000,0.0000,2.0,data/all_pdb_1y/fed_split/client_4/mmcif_files/8zfv.cif
8zxj_B,duplicate_sequence,96,0.0000,0.0000,1.5,data/all_pdb_1y/fed_split/client_4/mmcif_files/8zxj.cif
8zxt_B,duplicate_sequence,96,0.0000,0.0000,1.9,data/all_pdb_1y/fed_split/client_4/mmcif_files/8zxt.cif
8zxv_B,duplicate_sequence,96,0.0000,0.0000,1.43,data/all_pdb_1y/fed_split/client_4/mmcif_files/8zxv.cif
8zxy_B,duplicate_sequence,96,0.0000,0.0000,1.43,data/all_pdb_1y/fed_split/client_4/mmcif_files/8zxy.cif
9b25_B,duplicate_sequence,251,0.0000,0.0000,1.45,data/all_pdb_1y/fed_split/client_4/mmcif_files/9b25.cif
9b25_C,duplicate_sequence,251,0.0000,0.0000,1.45,data/all_pdb_1y/fed_split/client_4/mmcif_files/9b25.cif
9b25_D,duplicate_sequence,251,0.0000,0.0000,1.45,data/all_pdb_1y/fed_split/client_4/mmcif_files/9b25.cif
9b2e_B,duplicate_sequence,121,0.0000,0.0000,1.95,data/all_pdb_1y/fed_split/client_4/mmcif_files/9b2e.cif
9bak_B,duplicate_sequence,169,0.0000,0.0000,1.67,data/all_pdb_1y/fed_split/client_4/mmcif_files/9bak.cif
9bak_C,duplicate_sequence,169,0.0000,0.0000,1.67,data/all_pdb_1y/fed_split/client_4/mmcif_files/9bak.cif
9bak_D,duplicate_sequence,169,0.0000,0.0000,1.67,data/all_pdb_1y/fed_split/client_4/mmcif_files/9bak.cif
9bl0_B,duplicate_sequence,169,0.0000,0.0000,1.66,data/all_pdb_1y/fed_split/client_4/mmcif_files/9bl0.cif
9by5_B,duplicate_sequence,271,0.0000,0.0000,1.99,data/all_pdb_1y/fed_split/client_4/mmcif_files/9by5.cif
9by5_C,duplicate_sequence,271,0.0000,0.0000,1.99,data/all_pdb_1y/fed_split/client_4/mmcif_files/9by5.cif
9c17_A,duplicate_sequence,210,0.0000,0.0000,1.63,data/all_pdb_1y/fed_split/client_4/mmcif_files/9c17.cif
9c18_A,duplicate_sequence,210,0.0000,0.0000,1.9,data/all_pdb_1y/fed_split/client_4/mmcif_files/9c18.cif
9c18_B,duplicate_sequence,210,0.0000,0.0000,1.9,data/all_pdb_1y/fed_split/client_4/mmcif_files/9c18.cif
9c3k_B,duplicate_sequence,170,0.0000,0.0000,1.7,data/all_pdb_1y/fed_split/client_4/mmcif_files/9c3k.cif
9c3m_B,duplicate_sequence,170,0.0000,0.0000,1.74,data/all_pdb_1y/fed_split/client_4/mmcif_files/9c3m.cif
9c3n_B,duplicate_sequence,170,0.0000,0.0000,1.5,data/all_pdb_1y/fed_split/client_4/mmcif_files/9c3n.cif
9c3z_B,duplicate_sequence,170,0.0000,0.0000,1.8,data/all_pdb_1y/fed_split/client_4/mmcif_files/9c3z.cif
9c40_B,duplicate_sequence,170,0.0000,0.0000,1.8,data/all_pdb_1y/fed_split/client_4/mmcif_files/9c40.cif
9c41_B,duplicate_sequence,170,0.0000,0.0000,1.94,data/all_pdb_1y/fed_split/client_4/mmcif_files/9c41.cif
9c43_B,duplicate_sequence,170,0.0000,0.0000,1.87,data/all_pdb_1y/fed_split/client_4/mmcif_files/9c43.cif
9ca3_B,duplicate_sequence,286,0.0000,0.0000,1.89,data/all_pdb_1y/fed_split/client_4/mmcif_files/9ca3.cif
9ca3_C,duplicate_sequence,286,0.0000,0.0000,1.89,data/all_pdb_1y/fed_split/client_4/mmcif_files/9ca3.cif
9ca3_D,duplicate_sequence,286,0.0000,0.0000,1.89,data/all_pdb_1y/fed_split/client_4/mmcif_files/9ca3.cif
9cfi_A,duplicate_sequence,192,0.0000,0.0000,1.77,data/all_pdb_1y/fed_split/client_4/mmcif_files/9cfi.cif
9cfm_A,duplicate_sequence,192,0.0000,0.0000,1.77,data/all_pdb_1y/fed_split/client_4/mmcif_files/9cfm.cif
9cfq_A,duplicate_sequence,192,0.0000,0.0000,1.9,data/all_pdb_1y/fed_split/client_4/mmcif_files/9cfq.cif
9cfy_A,duplicate_sequence,192,0.0052,0.0052,1.77,data/all_pdb_1y/fed_split/client_4/mmcif_files/9cfy.cif
9cfz_A,duplicate_sequence,192,0.0000,0.0000,1.77,data/all_pdb_1y/fed_split/client_4/mmcif_files/9cfz.cif
9cg0_A,duplicate_sequence,192,0.0052,0.0052,1.77,data/all_pdb_1y/fed_split/client_4/mmcif_files/9cg0.cif
9cgd_A,duplicate_sequence,192,0.0052,0.0052,1.97,data/all_pdb_1y/fed_split/client_4/mmcif_files/9cgd.cif
9cge_A,duplicate_sequence,192,0.0052,0.0052,1.9,data/all_pdb_1y/fed_split/client_4/mmcif_files/9cge.cif
9chy_B,duplicate_sequence,180,0.0000,0.0000,1.9,data/all_pdb_1y/fed_split/client_4/mmcif_files/9chy.cif
9cmx_A,duplicate_sequence,192,0.0000,0.0000,1.63,data/all_pdb_1y/fed_split/client_4/mmcif_files/9cmx.cif
9cmy_A,duplicate_sequence,192,0.0000,0.0000,1.69,data/all_pdb_1y/fed_split/client_4/mmcif_files/9cmy.cif
9csz_A,duplicate_sequence,195,0.0000,0.0000,1.65,data/all_pdb_1y/fed_split/client_4/mmcif_files/9csz.cif
9cub_B,duplicate_sequence,210,0.0000,0.0000,1.87,data/all_pdb_1y/fed_split/client_4/mmcif_files/9cub.cif
9cud_A,duplicate_sequence,210,0.0000,0.0000,1.53,data/all_pdb_1y/fed_split/client_4/mmcif_files/9cud.cif
9cud_B,duplicate_sequence,210,0.0000,0.0000,1.53,data/all_pdb_1y/fed_split/client_4/mmcif_files/9cud.cif
9cue_B,duplicate_sequence,210,0.0000,0.0000,1.95,data/all_pdb_1y/fed_split/client_4/mmcif_files/9cue.cif
9d11_B,duplicate_sequence,124,0.0000,0.0000,1.684,data/all_pdb_1y/fed_split/client_4/mmcif_files/9d11.cif
9d11_C,duplicate_sequence,124,0.0000,0.0000,1.684,data/all_pdb_1y/fed_split/client_4/mmcif_files/9d11.cif
9d8m_B,duplicate_sequence,133,0.0000,0.0000,1.201,data/all_pdb_1y/fed_split/client_4/mmcif_files/9d8m.cif
9d8n_A,duplicate_sequence,133,0.0000,0.0000,1.301,data/all_pdb_1y/fed_split/client_4/mmcif_files/9d8n.cif
9d8n_B,duplicate_sequence,133,0.0000,0.0000,1.301,data/all_pdb_1y/fed_split/client_4/mmcif_files/9d8n.cif
9d8o_A,duplicate_sequence,133,0.0000,0.0000,1.32,data/all_pdb_1y/fed_split/client_4/mmcif_files/9d8o.cif
9d9g_A,duplicate_sequence,221,0.0000,0.0000,1.68,data/all_pdb_1y/fed_split/client_4/mmcif_files/9d9g.cif
9d9i_A,duplicate_sequence,224,0.0000,0.0000,1.5,data/all_pdb_1y/fed_split/client_4/mmcif_files/9d9i.cif
9dbi_B,duplicate_sequence,229,0.0000,0.0000,1.99,data/all_pdb_1y/fed_split/client_4/mmcif_files/9dbi.cif
9dbi_C,duplicate_sequence,229,0.0000,0.0000,1.99,data/all_pdb_1y/fed_split/client_4/mmcif_files/9dbi.cif
9dbi_D,duplicate_sequence,229,0.0000,0.0000,1.99,data/all_pdb_1y/fed_split/client_4/mmcif_files/9dbi.cif
9ddl_A,duplicate_sequence,212,0.0000,0.0000,1.3,data/all_pdb_1y/fed_split/client_4/mmcif_files/9ddl.cif
9ddu_B,duplicate_sequence,133,0.0000,0.0000,1.599,data/all_pdb_1y/fed_split/client_4/mmcif_files/9ddu.cif
9ddu_A,duplicate_sequence,133,0.0000,0.0000,1.599,data/all_pdb_1y/fed_split/client_4/mmcif_files/9ddu.cif
9de1_B,duplicate_sequence,133,0.0000,0.0000,1.4,data/all_pdb_1y/fed_split/client_4/mmcif_files/9de1.cif
9de1_A,duplicate_sequence,133,0.0000,0.0000,1.4,data/all_pdb_1y/fed_split/client_4/mmcif_files/9de1.cif
9df1_B,duplicate_sequence,133,0.0000,0.0000,1.524,data/all_pdb_1y/fed_split/client_4/mmcif_files/9df1.cif
9df1_A,duplicate_sequence,133,0.0000,0.0000,1.524,data/all_pdb_1y/fed_split/client_4/mmcif_files/9df1.cif
9df8_A,duplicate_sequence,133,0.0000,0.0000,1.78,data/all_pdb_1y/fed_split/client_4/mmcif_files/9df8.cif
9dfb_B,duplicate_sequence,133,0.0000,0.0000,1.705,data/all_pdb_1y/fed_split/client_4/mmcif_files/9dfb.cif
9dfb_A,duplicate_sequence,133,0.0000,0.0000,1.705,data/all_pdb_1y/fed_split/client_4/mmcif_files/9dfb.cif
9djb_A,duplicate_sequence,164,0.0000,0.0000,1.13,data/all_pdb_1y/fed_split/client_4/mmcif_files/9djb.cif
9djd_A,duplicate_sequence,164,0.0000,0.0000,1.11,data/all_pdb_1y/fed_split/client_4/mmcif_files/9djd.cif
9djf_A,duplicate_sequence,164,0.0000,0.0000,1.73,data/all_pdb_1y/fed_split/client_4/mmcif_files/9djf.cif
9djh_A,duplicate_sequence,164,0.0000,0.0000,1.45,data/all_pdb_1y/fed_split/client_4/mmcif_files/9djh.cif
9djj_A,duplicate_sequence,164,0.0000,0.0000,1.33,data/all_pdb_1y/fed_split/client_4/mmcif_files/9djj.cif
9djl_A,duplicate_sequence,164,0.0000,0.0000,1.18,data/all_pdb_1y/fed_split/client_4/mmcif_files/9djl.cif
9djn_A,duplicate_sequence,164,0.0000,0.0000,1.26,data/all_pdb_1y/fed_split/client_4/mmcif_files/9djn.cif
9doj_B,duplicate_sequence,209,0.0000,0.0000,1.48,data/all_pdb_1y/fed_split/client_4/mmcif_files/9doj.cif
9dq0_B,duplicate_sequence,236,0.0000,0.0000,2.0,data/all_pdb_1y/fed_split/client_4/mmcif_files/9dq0.cif
9dq1_A,duplicate_sequence,236,0.0000,0.0000,1.9,data/all_pdb_1y/fed_split/client_4/mmcif_files/9dq1.cif
9dq1_B,duplicate_sequence,236,0.0000,0.0000,1.9,data/all_pdb_1y/fed_split/client_4/mmcif_files/9dq1.cif
9dq2_A,duplicate_sequence,236,0.0000,0.0000,1.55,data/all_pdb_1y/fed_split/client_4/mmcif_files/9dq2.cif
9dq2_B,duplicate_sequence,236,0.0000,0.0000,1.55,data/all_pdb_1y/fed_split/client_4/mmcif_files/9dq2.cif
9drw_B,duplicate_sequence,277,0.0000,0.0000,1.45,data/all_pdb_1y/fed_split/client_4/mmcif_files/9drw.cif
9drw_C,duplicate_sequence,277,0.0000,0.0000,1.45,data/all_pdb_1y/fed_split/client_4/mmcif_files/9drw.cif
9drw_D,duplicate_sequence,277,0.0000,0.0000,1.45,data/all_pdb_1y/fed_split/client_4/mmcif_files/9drw.cif
9dw2_A,duplicate_sequence,126,0.0000,0.0000,1.3,data/all_pdb_1y/fed_split/client_4/mmcif_files/9dw2.cif
9dwa_B,duplicate_sequence,126,0.0000,0.0000,1.85,data/all_pdb_1y/fed_split/client_4/mmcif_files/9dwa.cif
9dwb_A,duplicate_sequence,126,0.0000,0.0000,1.68,data/all_pdb_1y/fed_split/client_4/mmcif_files/9dwb.cif
9dwb_B,duplicate_sequence,126,0.0000,0.0000,1.68,data/all_pdb_1y/fed_split/client_4/mmcif_files/9dwb.cif
9dwc_A,duplicate_sequence,126,0.0000,0.0000,1.46,data/all_pdb_1y/fed_split/client_4/mmcif_files/9dwc.cif
9dwc_B,duplicate_sequence,126,0.0000,0.0000,1.46,data/all_pdb_1y/fed_split/client_4/mmcif_files/9dwc.cif
9dwc_C,duplicate_sequence,126,0.0000,0.0000,1.46,data/all_pdb_1y/fed_split/client_4/mmcif_files/9dwc.cif
9dwc_D,duplicate_sequence,126,0.0000,0.0000,1.46,data/all_pdb_1y/fed_split/client_4/mmcif_files/9dwc.cif
9e5f_A,duplicate_sequence,170,0.0000,0.0000,1.35,data/all_pdb_1y/fed_split/client_4/mmcif_files/9e5f.cif
9ebm_A,duplicate_sequence,226,0.0000,0.0000,1.92,data/all_pdb_1y/fed_split/client_4/mmcif_files/9ebm.cif
9ect_B,duplicate_sequence,215,0.0000,0.0000,1.75,data/all_pdb_1y/fed_split/client_4/mmcif_files/9ect.cif
9eee_B,duplicate_sequence,99,0.0000,0.0000,1.7,data/all_pdb_1y/fed_split/client_4/mmcif_files/9eee.cif
9eeg_A,duplicate_sequence,99,0.0000,0.0000,1.7,data/all_pdb_1y/fed_split/client_4/mmcif_files/9eeg.cif
9eeg_B,duplicate_sequence,99,0.0000,0.0000,1.7,data/all_pdb_1y/fed_split/client_4/mmcif_files/9eeg.cif
9egi_B,duplicate_sequence,277,0.0000,0.0000,1.95,data/all_pdb_1y/fed_split/client_4/mmcif_files/9egi.cif
9egj_B,duplicate_sequence,277,0.0000,0.0000,1.89,data/all_pdb_1y/fed_split/client_4/mmcif_files/9egj.cif
9egj_C,duplicate_sequence,277,0.0000,0.0000,1.89,data/all_pdb_1y/fed_split/client_4/mmcif_files/9egj.cif
9egj_D,duplicate_sequence,277,0.0000,0.0000,1.89,data/all_pdb_1y/fed_split/client_4/mmcif_files/9egj.cif
9en8_A,duplicate_sequence,260,0.0000,0.0000,1.1,data/all_pdb_1y/fed_split/client_4/mmcif_files/9en8.cif
9ep2_AAA,duplicate_sequence,261,0.0000,0.0000,1.47,data/all_pdb_1y/fed_split/client_4/mmcif_files/9ep2.cif
9ep2_BBB,duplicate_sequence,261,0.0000,0.0000,1.47,data/all_pdb_1y/fed_split/client_4/mmcif_files/9ep2.cif
9ep5_D,duplicate_sequence,300,0.0000,0.0000,1.64,data/all_pdb_1y/fed_split/client_4/mmcif_files/9ep5.cif
9eqr_A,duplicate_sequence,207,0.0000,0.0000,1.45,data/all_pdb_1y/fed_split/client_4/mmcif_files/9eqr.cif
9eqs_A,duplicate_sequence,207,0.0000,0.0000,1.46,data/all_pdb_1y/fed_split/client_4/mmcif_files/9eqs.cif
9eqt_A,duplicate_sequence,207,0.0000,0.0000,1.49,data/all_pdb_1y/fed_split/client_4/mmcif_files/9eqt.cif
9equ_A,duplicate_sequence,207,0.0000,0.0000,1.3,data/all_pdb_1y/fed_split/client_4/mmcif_files/9equ.cif
9eqv_A,duplicate_sequence,207,0.0000,0.0000,1.48,data/all_pdb_1y/fed_split/client_4/mmcif_files/9eqv.cif
9eqx_A,duplicate_sequence,207,0.0000,0.0000,1.41,data/all_pdb_1y/fed_split/client_4/mmcif_files/9eqx.cif
9eqy_A,duplicate_sequence,207,0.0000,0.0000,1.37,data/all_pdb_1y/fed_split/client_4/mmcif_files/9eqy.cif
9eqz_A,duplicate_sequence,207,0.0000,0.0000,1.48,data/all_pdb_1y/fed_split/client_4/mmcif_files/9eqz.cif
9er0_A,duplicate_sequence,207,0.0000,0.0000,1.44,data/all_pdb_1y/fed_split/client_4/mmcif_files/9er0.cif
9er1_A,duplicate_sequence,207,0.0000,0.0000,1.43,data/all_pdb_1y/fed_split/client_4/mmcif_files/9er1.cif
9f2f_B,duplicate_sequence,260,0.0000,0.0000,1.52,data/all_pdb_1y/fed_split/client_4/mmcif_files/9f2f.cif
9f2f_C,duplicate_sequence,260,0.0000,0.0000,1.52,data/all_pdb_1y/fed_split/client_4/mmcif_files/9f2f.cif
9f2f_D,duplicate_sequence,260,0.0000,0.0000,1.52,data/all_pdb_1y/fed_split/client_4/mmcif_files/9f2f.cif
9f2n_B,duplicate_sequence,263,0.0000,0.0000,1.21,data/all_pdb_1y/fed_split/client_4/mmcif_files/9f2n.cif
9f2o_A,duplicate_sequence,263,0.0000,0.0000,1.12,data/all_pdb_1y/fed_split/client_4/mmcif_files/9f2o.cif
9f2o_B,duplicate_sequence,263,0.0000,0.0000,1.12,data/all_pdb_1y/fed_split/client_4/mmcif_files/9f2o.cif
9f2o_C,duplicate_sequence,263,0.0000,0.0000,1.12,data/all_pdb_1y/fed_split/client_4/mmcif_files/9f2o.cif
9f2o_D,duplicate_sequence,263,0.0000,0.0000,1.12,data/all_pdb_1y/fed_split/client_4/mmcif_files/9f2o.cif
9f30_A,duplicate_sequence,263,0.0000,0.0000,1.12,data/all_pdb_1y/fed_split/client_4/mmcif_files/9f30.cif
9f30_B,duplicate_sequence,263,0.0000,0.0000,1.12,data/all_pdb_1y/fed_split/client_4/mmcif_files/9f30.cif
9f30_C,duplicate_sequence,263,0.0000,0.0000,1.12,data/all_pdb_1y/fed_split/client_4/mmcif_files/9f30.cif
9f30_D,duplicate_sequence,263,0.0000,0.0000,1.12,data/all_pdb_1y/fed_split/client_4/mmcif_files/9f30.cif
9f3g_A,duplicate_sequence,263,0.0000,0.0000,1.21,data/all_pdb_1y/fed_split/client_4/mmcif_files/9f3g.cif
9f3g_B,duplicate_sequence,263,0.0000,0.0000,1.21,data/all_pdb_1y/fed_split/client_4/mmcif_files/9f3g.cif
9f3g_C,duplicate_sequence,263,0.0000,0.0000,1.21,data/all_pdb_1y/fed_split/client_4/mmcif_files/9f3g.cif
9f3g_D,duplicate_sequence,263,0.0000,0.0000,1.21,data/all_pdb_1y/fed_split/client_4/mmcif_files/9f3g.cif
9f5m_AAA,duplicate_sequence,235,0.0000,0.0000,1.52,data/all_pdb_1y/fed_split/client_4/mmcif_files/9f5m.cif
9f5m_BBB,duplicate_sequence,235,0.0000,0.0000,1.52,data/all_pdb_1y/fed_split/client_4/mmcif_files/9f5m.cif
9f77_B,duplicate_sequence,106,0.0000,0.0000,1.42,data/all_pdb_1y/fed_split/client_4/mmcif_files/9f77.cif
9f77_C,duplicate_sequence,106,0.0000,0.0000,1.42,data/all_pdb_1y/fed_split/client_4/mmcif_files/9f77.cif
9f78_B,duplicate_sequence,105,0.0000,0.0000,1.7,data/all_pdb_1y/fed_split/client_4/mmcif_files/9f78.cif
9fai_AAA,duplicate_sequence,260,0.0000,0.0000,1.272,data/all_pdb_1y/fed_split/client_4/mmcif_files/9fai.cif
9fao_AAA,duplicate_sequence,260,0.0000,0.0000,1.206,data/all_pdb_1y/fed_split/client_4/mmcif_files/9fao.cif
9fjq_A,duplicate_sequence,260,0.0000,0.0000,1.1,data/all_pdb_1y/fed_split/client_4/mmcif_files/9fjq.cif
9fjv_A,duplicate_sequence,260,0.0000,0.0000,1.2,data/all_pdb_1y/fed_split/client_4/mmcif_files/9fjv.cif
9fn7_A,duplicate_sequence,263,0.0000,0.0000,1.12,data/all_pdb_1y/fed_split/client_4/mmcif_files/9fn7.cif
9fn7_B,duplicate_sequence,263,0.0000,0.0000,1.12,data/all_pdb_1y/fed_split/client_4/mmcif_files/9fn7.cif
9fn7_C,duplicate_sequence,263,0.0000,0.0000,1.12,data/all_pdb_1y/fed_split/client_4/mmcif_files/9fn7.cif
9fn7_D,duplicate_sequence,263,0.0000,0.0000,1.12,data/all_pdb_1y/fed_split/client_4/mmcif_files/9fn7.cif
9fn8_A,duplicate_sequence,263,0.0000,0.0000,1.21,data/all_pdb_1y/fed_split/client_4/mmcif_files/9fn8.cif
9fn8_B,duplicate_sequence,263,0.0000,0.0000,1.21,data/all_pdb_1y/fed_split/client_4/mmcif_files/9fn8.cif
9fn8_C,duplicate_sequence,263,0.0000,0.0000,1.21,data/all_pdb_1y/fed_split/client_4/mmcif_files/9fn8.cif
9fn8_D,duplicate_sequence,263,0.0000,0.0000,1.21,data/all_pdb_1y/fed_split/client_4/mmcif_files/9fn8.cif
9fov_B,duplicate_sequence,147,0.0000,0.0000,1.25,data/all_pdb_1y/fed_split/client_4/mmcif_files/9fov.cif
9fpq_A,duplicate_sequence,260,0.0000,0.0000,1.5,data/all_pdb_1y/fed_split/client_4/mmcif_files/9fpq.cif
9fpr_A,duplicate_sequence,260,0.0000,0.0000,1.46,data/all_pdb_1y/fed_split/client_4/mmcif_files/9fpr.cif
9fps_A,duplicate_sequence,260,0.0000,0.0000,1.39,data/all_pdb_1y/fed_split/client_4/mmcif_files/9fps.cif
9fpt_A,duplicate_sequence,260,0.0000,0.0000,1.18,data/all_pdb_1y/fed_split/client_4/mmcif_files/9fpt.cif
9fpu_A,duplicate_sequence,260,0.0000,0.0000,1.12,data/all_pdb_1y/fed_split/client_4/mmcif_files/9fpu.cif
9fpv_A,duplicate_sequence,263,0.0000,0.0000,1.7,data/all_pdb_1y/fed_split/client_4/mmcif_files/9fpv.cif
9fpw_B,duplicate_sequence,263,0.0000,0.0000,1.9,data/all_pdb_1y/fed_split/client_4/mmcif_files/9fpw.cif
9fpw_A,duplicate_sequence,263,0.0000,0.0000,1.9,data/all_pdb_1y/fed_split/client_4/mmcif_files/9fpw.cif
9frp_B,duplicate_sequence,198,0.0000,0.0000,1.4,data/all_pdb_1y/fed_split/client_4/mmcif_files/9frp.cif
9fts_A,duplicate_sequence,207,0.0000,0.0000,1.75,data/all_pdb_1y/fed_split/client_4/mmcif_files/9fts.cif
9ftu_A,duplicate_sequence,207,0.0000,0.0000,1.75,data/all_pdb_1y/fed_split/client_4/mmcif_files/9ftu.cif
9ftv_A,duplicate_sequence,207,0.0000,0.0000,1.75,data/all_pdb_1y/fed_split/client_4/mmcif_files/9ftv.cif
9fty_A,duplicate_sequence,279,0.0000,0.0000,2.0,data/all_pdb_1y/fed_split/client_4/mmcif_files/9fty.cif
9fu1_A,duplicate_sequence,279,0.0000,0.0000,2.0,data/all_pdb_1y/fed_split/client_4/mmcif_files/9fu1.cif
9fyj_B,duplicate_sequence,153,0.0000,0.0000,1.08,data/all_pdb_1y/fed_split/client_4/mmcif_files/9fyj.cif
9g4b_A,duplicate_sequence,172,0.0000,0.0000,1.14,data/all_pdb_1y/fed_split/client_4/mmcif_files/9g4b.cif
9g7q_B,duplicate_sequence,227,0.0044,0.0044,1.65,data/all_pdb_1y/fed_split/client_4/mmcif_files/9g7q.cif
9gdj_B,duplicate_sequence,291,0.0000,0.0000,1.47,data/all_pdb_1y/fed_split/client_4/mmcif_files/9gdj.cif
9gdj_C,duplicate_sequence,291,0.0000,0.0000,1.47,data/all_pdb_1y/fed_split/client_4/mmcif_files/9gdj.cif
9gee_B,duplicate_sequence,189,0.0000,0.0000,1.818,data/all_pdb_1y/fed_split/client_4/mmcif_files/9gee.cif
9gee_C,duplicate_sequence,189,0.0000,0.0000,1.818,data/all_pdb_1y/fed_split/client_4/mmcif_files/9gee.cif
9geg_A,duplicate_sequence,189,0.0000,0.0000,1.85,data/all_pdb_1y/fed_split/client_4/mmcif_files/9geg.cif
9geg_B,duplicate_sequence,189,0.0000,0.0000,1.85,data/all_pdb_1y/fed_split/client_4/mmcif_files/9geg.cif
9geg_C,duplicate_sequence,189,0.0000,0.0000,1.85,data/all_pdb_1y/fed_split/client_4/mmcif_files/9geg.cif
9ggt_A,duplicate_sequence,172,0.0000,0.0000,1.71,data/all_pdb_1y/fed_split/client_4/mmcif_files/9ggt.cif
9ggu_A,duplicate_sequence,172,0.0000,0.0000,1.6,data/all_pdb_1y/fed_split/client_4/mmcif_files/9ggu.cif
9ggv_A,duplicate_sequence,172,0.0000,0.0000,1.19,data/all_pdb_1y/fed_split/client_4/mmcif_files/9ggv.cif
9ggw_A,duplicate_sequence,172,0.0000,0.0000,1.82,data/all_pdb_1y/fed_split/client_4/mmcif_files/9ggw.cif
9ggw_B,duplicate_sequence,172,0.0000,0.0000,1.82,data/all_pdb_1y/fed_split/client_4/mmcif_files/9ggw.cif
9ggx_A,duplicate_sequence,172,0.0000,0.0000,1.3,data/all_pdb_1y/fed_split/client_4/mmcif_files/9ggx.cif
9ggy_A,duplicate_sequence,172,0.0000,0.0000,1.266,data/all_pdb_1y/fed_split/client_4/mmcif_files/9ggy.cif
9ggz_A,duplicate_sequence,172,0.0000,0.0000,1.37,data/all_pdb_1y/fed_split/client_4/mmcif_files/9ggz.cif
9gh0_A,duplicate_sequence,172,0.0000,0.0000,1.57,data/all_pdb_1y/fed_split/client_4/mmcif_files/9gh0.cif
9gh1_A,duplicate_sequence,172,0.0000,0.0000,1.33,data/all_pdb_1y/fed_split/client_4/mmcif_files/9gh1.cif
9gh2_A,duplicate_sequence,172,0.0000,0.0000,1.35,data/all_pdb_1y/fed_split/client_4/mmcif_files/9gh2.cif
9ghl_B,duplicate_sequence,225,0.0000,0.0000,2.0,data/all_pdb_1y/fed_split/client_4/mmcif_files/9ghl.cif
9ghl_C,duplicate_sequence,225,0.0000,0.0000,2.0,data/all_pdb_1y/fed_split/client_4/mmcif_files/9ghl.cif
9ghl_D,duplicate_sequence,225,0.0000,0.0000,2.0,data/all_pdb_1y/fed_split/client_4/mmcif_files/9ghl.cif
9ghl_E,duplicate_sequence,225,0.0000,0.0000,2.0,data/all_pdb_1y/fed_split/client_4/mmcif_files/9ghl.cif
9ghl_F,duplicate_sequence,225,0.0000,0.0000,2.0,data/all_pdb_1y/fed_split/client_4/mmcif_files/9ghl.cif
9gjr_C,duplicate_sequence,114,0.0000,0.0000,1.45,data/all_pdb_1y/fed_split/client_4/mmcif_files/9gjr.cif
9goo_AAA,duplicate_sequence,260,0.0000,0.0000,1.4,data/all_pdb_1y/fed_split/client_4/mmcif_files/9goo.cif
9gpk_B,duplicate_sequence,128,0.0000,0.0000,1.75,data/all_pdb_1y/fed_split/client_4/mmcif_files/9gpk.cif
9gpl_A,duplicate_sequence,128,0.0000,0.0000,1.8,data/all_pdb_1y/fed_split/client_4/mmcif_files/9gpl.cif
9gpl_B,duplicate_sequence,128,0.0000,0.0000,1.8,data/all_pdb_1y/fed_split/client_4/mmcif_files/9gpl.cif
9gpm_A,duplicate_sequence,128,0.0000,0.0000,1.55,data/all_pdb_1y/fed_split/client_4/mmcif_files/9gpm.cif
9gpm_B,duplicate_sequence,128,0.0000,0.0000,1.55,data/all_pdb_1y/fed_split/client_4/mmcif_files/9gpm.cif
9gpn_A,duplicate_sequence,128,0.0000,0.0000,1.8,data/all_pdb_1y/fed_split/client_4/mmcif_files/9gpn.cif
9gpn_B,duplicate_sequence,128,0.0000,0.0000,1.8,data/all_pdb_1y/fed_split/client_4/mmcif_files/9gpn.cif
9gpo_A,duplicate_sequence,128,0.0000,0.0000,1.68,data/all_pdb_1y/fed_split/client_4/mmcif_files/9gpo.cif
9gpo_B,duplicate_sequence,128,0.0000,0.0000,1.68,data/all_pdb_1y/fed_split/client_4/mmcif_files/9gpo.cif
9gpq_B,duplicate_sequence,128,0.0000,0.0000,1.35,data/all_pdb_1y/fed_split/client_4/mmcif_files/9gpq.cif
9gpq_A,duplicate_sequence,128,0.0000,0.0000,1.35,data/all_pdb_1y/fed_split/client_4/mmcif_files/9gpq.cif
9gpr_B,duplicate_sequence,128,0.0000,0.0000,1.75,data/all_pdb_1y/fed_split/client_4/mmcif_files/9gpr.cif
9gpr_A,duplicate_sequence,128,0.0000,0.0000,1.75,data/all_pdb_1y/fed_split/client_4/mmcif_files/9gpr.cif
9gps_A,duplicate_sequence,128,0.0000,0.0000,1.9,data/all_pdb_1y/fed_split/client_4/mmcif_files/9gps.cif
9gps_B,duplicate_sequence,128,0.0000,0.0000,1.9,data/all_pdb_1y/fed_split/client_4/mmcif_files/9gps.cif
9gpt_B,duplicate_sequence,128,0.0000,0.0000,2.0,data/all_pdb_1y/fed_split/client_4/mmcif_files/9gpt.cif
9gpt_A,duplicate_sequence,128,0.0000,0.0000,2.0,data/all_pdb_1y/fed_split/client_4/mmcif_files/9gpt.cif
9gpu_B,duplicate_sequence,128,0.0000,0.0000,1.36,data/all_pdb_1y/fed_split/client_4/mmcif_files/9gpu.cif
9gpu_A,duplicate_sequence,128,0.0000,0.0000,1.36,data/all_pdb_1y/fed_split/client_4/mmcif_files/9gpu.cif
9gpv_B,duplicate_sequence,128,0.0000,0.0000,1.7,data/all_pdb_1y/fed_split/client_4/mmcif_files/9gpv.cif
9gpv_A,duplicate_sequence,128,0.0000,0.0000,1.7,data/all_pdb_1y/fed_split/client_4/mmcif_files/9gpv.cif
9gpw_B,duplicate_sequence,128,0.0000,0.0000,1.74,data/all_pdb_1y/fed_split/client_4/mmcif_files/9gpw.cif
9gpw_A,duplicate_sequence,128,0.0000,0.0000,1.74,data/all_pdb_1y/fed_split/client_4/mmcif_files/9gpw.cif
9gpx_B,duplicate_sequence,128,0.0000,0.0000,1.8,data/all_pdb_1y/fed_split/client_4/mmcif_files/9gpx.cif
9gpx_A,duplicate_sequence,128,0.0000,0.0000,1.8,data/all_pdb_1y/fed_split/client_4/mmcif_files/9gpx.cif
9gpy_A,duplicate_sequence,128,0.0000,0.0000,1.5,data/all_pdb_1y/fed_split/client_4/mmcif_files/9gpy.cif
9gpy_B,duplicate_sequence,128,0.0000,0.0000,1.5,data/all_pdb_1y/fed_split/client_4/mmcif_files/9gpy.cif
9gpy_C,duplicate_sequence,128,0.0000,0.0000,1.5,data/all_pdb_1y/fed_split/client_4/mmcif_files/9gpy.cif
9gpz_B,duplicate_sequence,128,0.0000,0.0000,1.8,data/all_pdb_1y/fed_split/client_4/mmcif_files/9gpz.cif
9gpz_A,duplicate_sequence,128,0.0000,0.0000,1.8,data/all_pdb_1y/fed_split/client_4/mmcif_files/9gpz.cif
9gq1_B,duplicate_sequence,112,0.0000,0.0000,1.9,data/all_pdb_1y/fed_split/client_4/mmcif_files/9gq1.cif
9gq4_A,duplicate_sequence,128,0.0000,0.0000,1.8,data/all_pdb_1y/fed_split/client_4/mmcif_files/9gq4.cif
9gq4_B,duplicate_sequence,128,0.0000,0.0000,1.8,data/all_pdb_1y/fed_split/client_4/mmcif_files/9gq4.cif
9gq5_A,duplicate_sequence,128,0.0000,0.0000,1.93,data/all_pdb_1y/fed_split/client_4/mmcif_files/9gq5.cif
9gq5_B,duplicate_sequence,128,0.0000,0.0000,1.93,data/all_pdb_1y/fed_split/client_4/mmcif_files/9gq5.cif
9gq6_B,duplicate_sequence,128,0.0000,0.0000,1.88,data/all_pdb_1y/fed_split/client_4/mmcif_files/9gq6.cif
9gq6_A,duplicate_sequence,128,0.0000,0.0000,1.88,data/all_pdb_1y/fed_split/client_4/mmcif_files/9gq6.cif
9gq9_B,duplicate_sequence,128,0.0000,0.0000,2.0,data/all_pdb_1y/fed_split/client_4/mmcif_files/9gq9.cif
9gq9_A,duplicate_sequence,128,0.0000,0.0000,2.0,data/all_pdb_1y/fed_split/client_4/mmcif_files/9gq9.cif
9gqa_B,duplicate_sequence,128,0.0000,0.0000,1.93,data/all_pdb_1y/fed_split/client_4/mmcif_files/9gqa.cif
9gqa_A,duplicate_sequence,128,0.0000,0.0000,1.93,data/all_pdb_1y/fed_split/client_4/mmcif_files/9gqa.cif
9gqb_B,duplicate_sequence,128,0.0000,0.0000,2.0,data/all_pdb_1y/fed_split/client_4/mmcif_files/9gqb.cif
9gqb_A,duplicate_sequence,128,0.0000,0.0000,2.0,data/all_pdb_1y/fed_split/client_4/mmcif_files/9gqb.cif
9gqf_B,duplicate_sequence,128,0.0000,0.0000,1.8,data/all_pdb_1y/fed_split/client_4/mmcif_files/9gqf.cif
9gqf_A,duplicate_sequence,128,0.0000,0.0000,1.8,data/all_pdb_1y/fed_split/client_4/mmcif_files/9gqf.cif
9gqg_A,duplicate_sequence,128,0.0000,0.0000,2.0,data/all_pdb_1y/fed_split/client_4/mmcif_files/9gqg.cif
9gqg_B,duplicate_sequence,128,0.0000,0.0000,2.0,data/all_pdb_1y/fed_split/client_4/mmcif_files/9gqg.cif
9gqi_A,duplicate_sequence,128,0.0000,0.0000,1.5,data/all_pdb_1y/fed_split/client_4/mmcif_files/9gqi.cif
9gqi_B,duplicate_sequence,128,0.0000,0.0000,1.5,data/all_pdb_1y/fed_split/client_4/mmcif_files/9gqi.cif
9gqj_B,duplicate_sequence,128,0.0000,0.0000,1.65,data/all_pdb_1y/fed_split/client_4/mmcif_files/9gqj.cif
9gqj_A,duplicate_sequence,128,0.0000,0.0000,1.65,data/all_pdb_1y/fed_split/client_4/mmcif_files/9gqj.cif
9gqk_B,duplicate_sequence,128,0.0000,0.0000,1.7,data/all_pdb_1y/fed_split/client_4/mmcif_files/9gqk.cif
9gqk_A,duplicate_sequence,128,0.0000,0.0000,1.7,data/all_pdb_1y/fed_split/client_4/mmcif_files/9gqk.cif
9gsk_B,duplicate_sequence,110,0.0000,0.0000,1.3,data/all_pdb_1y/fed_split/client_4/mmcif_files/9gsk.cif
9gu7_AAA,duplicate_sequence,260,0.0000,0.0000,1.35,data/all_pdb_1y/fed_split/client_4/mmcif_files/9gu7.cif
9gum_AAA,duplicate_sequence,260,0.0000,0.0000,1.7,data/all_pdb_1y/fed_split/client_4/mmcif_files/9gum.cif
9guo_AAA,duplicate_sequence,260,0.0000,0.0000,1.65,data/all_pdb_1y/fed_split/client_4/mmcif_files/9guo.cif
9gvm_B,duplicate_sequence,279,0.0000,0.0000,1.67,data/all_pdb_1y/fed_split/client_4/mmcif_files/9gvm.cif
9gvw_A,duplicate_sequence,279,0.0000,0.0000,1.241,data/all_pdb_1y/fed_split/client_4/mmcif_files/9gvw.cif
9gvw_B,duplicate_sequence,279,0.0000,0.0000,1.241,data/all_pdb_1y/fed_split/client_4/mmcif_files/9gvw.cif
9gwa_B,duplicate_sequence,280,0.0000,0.0000,2.0,data/all_pdb_1y/fed_split/client_4/mmcif_files/9gwa.cif
9gzg_B,duplicate_sequence,154,0.0000,0.0000,1.47,data/all_pdb_1y/fed_split/client_4/mmcif_files/9gzg.cif
9h0d_B,duplicate_sequence,233,0.0000,0.0000,1.7,data/all_pdb_1y/fed_split/client_4/mmcif_files/9h0d.cif
9h0g_B,duplicate_sequence,222,0.0000,0.0000,1.35,data/all_pdb_1y/fed_split/client_4/mmcif_files/9h0g.cif
9h0v_A,duplicate_sequence,260,0.0000,0.0000,1.4,data/all_pdb_1y/fed_split/client_4/mmcif_files/9h0v.cif
9h0w_A,duplicate_sequence,260,0.0000,0.0000,1.44,data/all_pdb_1y/fed_split/client_4/mmcif_files/9h0w.cif
9h4z_B,duplicate_sequence,280,0.0000,0.0000,1.41,data/all_pdb_1y/fed_split/client_4/mmcif_files/9h4z.cif
9h4z_D,duplicate_sequence,280,0.0000,0.0000,1.41,data/all_pdb_1y/fed_split/client_4/mmcif_files/9h4z.cif
9h5e_A,duplicate_sequence,280,0.0000,0.0000,1.896,data/all_pdb_1y/fed_split/client_4/mmcif_files/9h5e.cif
9h5e_B,duplicate_sequence,280,0.0000,0.0000,1.896,data/all_pdb_1y/fed_split/client_4/mmcif_files/9h5e.cif
9h5e_C,duplicate_sequence,280,0.0000,0.0000,1.896,data/all_pdb_1y/fed_split/client_4/mmcif_files/9h5e.cif
9h5e_D,duplicate_sequence,280,0.0000,0.0000,1.896,data/all_pdb_1y/fed_split/client_4/mmcif_files/9h5e.cif
9h5e_E,duplicate_sequence,280,0.0000,0.0000,1.896,data/all_pdb_1y/fed_split/client_4/mmcif_files/9h5e.cif
9h5e_F,duplicate_sequence,280,0.0000,0.0000,1.896,data/all_pdb_1y/fed_split/client_4/mmcif_files/9h5e.cif
9h5o_B,duplicate_sequence,280,0.0000,0.0000,1.9,data/all_pdb_1y/fed_split/client_4/mmcif_files/9h5o.cif
9h5o_D,duplicate_sequence,280,0.0000,0.0000,1.9,data/all_pdb_1y/fed_split/client_4/mmcif_files/9h5o.cif
9hd6_AAA,duplicate_sequence,260,0.0000,0.0000,1.6,data/all_pdb_1y/fed_split/client_4/mmcif_files/9hd6.cif
9hef_B,duplicate_sequence,133,0.0000,0.0000,1.83,data/all_pdb_1y/fed_split/client_4/mmcif_files/9hef.cif
9hij_B,duplicate_sequence,101,0.0000,0.0000,1.6,data/all_pdb_1y/fed_split/client_4/mmcif_files/9hij.cif
9hmr_B,duplicate_sequence,170,0.0000,0.0000,1.5,data/all_pdb_1y/fed_split/client_4/mmcif_files/9hmr.cif
9hmr_C,duplicate_sequence,170,0.0000,0.0000,1.5,data/all_pdb_1y/fed_split/client_4/mmcif_files/9hmr.cif
9hmr_D,duplicate_sequence,170,0.0000,0.0000,1.5,data/all_pdb_1y/fed_split/client_4/mmcif_files/9hmr.cif
9hnx_AAA,duplicate_sequence,260,0.0000,0.0000,1.35,data/all_pdb_1y/fed_split/client_4/mmcif_files/9hnx.cif
9hq3_AAA,duplicate_sequence,260,0.0000,0.0000,1.5,data/all_pdb_1y/fed_split/client_4/mmcif_files/9hq3.cif
9hqg_AAA,duplicate_sequence,260,0.0000,0.0000,1.324,data/all_pdb_1y/fed_split/client_4/mmcif_files/9hqg.cif
9hrs_A,duplicate_sequence,76,0.0000,0.0000,1.92,data/all_pdb_1y/fed_split/client_4/mmcif_files/9hrs.cif
9hse_A,duplicate_sequence,180,0.0000,0.0000,1.96,data/all_pdb_1y/fed_split/client_4/mmcif_files/9hse.cif
9hsi_A,duplicate_sequence,179,0.0000,0.0000,1.97,data/all_pdb_1y/fed_split/client_4/mmcif_files/9hsi.cif
9hsj_A,duplicate_sequence,179,0.0000,0.0000,1.76,data/all_pdb_1y/fed_split/client_4/mmcif_files/9hsj.cif
9hsq_A,duplicate_sequence,179,0.0000,0.0000,1.77,data/all_pdb_1y/fed_split/client_4/mmcif_files/9hsq.cif
9hss_A,duplicate_sequence,179,0.0000,0.0000,1.78,data/all_pdb_1y/fed_split/client_4/mmcif_files/9hss.cif
9hsu_A,duplicate_sequence,179,0.0000,0.0000,1.95,data/all_pdb_1y/fed_split/client_4/mmcif_files/9hsu.cif
9hsv_A,duplicate_sequence,179,0.0000,0.0000,1.68,data/all_pdb_1y/fed_split/client_4/mmcif_files/9hsv.cif
9hsw_A,duplicate_sequence,179,0.0000,0.0000,1.76,data/all_pdb_1y/fed_split/client_4/mmcif_files/9hsw.cif
9hsz_A,duplicate_sequence,179,0.0000,0.0000,1.96,data/all_pdb_1y/fed_split/client_4/mmcif_files/9hsz.cif
9htv_B,duplicate_sequence,137,0.0000,0.0000,1.8,data/all_pdb_1y/fed_split/client_4/mmcif_files/9htv.cif
9hwm_A,duplicate_sequence,260,0.0000,0.0000,1.15,data/all_pdb_1y/fed_split/client_4/mmcif_files/9hwm.cif
9hwn_B,duplicate_sequence,260,0.0000,0.0000,1.6,data/all_pdb_1y/fed_split/client_4/mmcif_files/9hwn.cif
9hxz_AAA,duplicate_sequence,260,0.0000,0.0000,1.32,data/all_pdb_1y/fed_split/client_4/mmcif_files/9hxz.cif
9hy2_A,duplicate_sequence,269,0.0000,0.0000,1.7,data/all_pdb_1y/fed_split/client_4/mmcif_files/9hy2.cif
9hy3_A,duplicate_sequence,269,0.0000,0.0000,1.62,data/all_pdb_1y/fed_split/client_4/mmcif_files/9hy3.cif
9hy5_A,duplicate_sequence,269,0.0000,0.0000,1.6,data/all_pdb_1y/fed_split/client_4/mmcif_files/9hy5.cif
9hyg_B,duplicate_sequence,97,0.0000,0.0000,1.65,data/all_pdb_1y/fed_split/client_4/mmcif_files/9hyg.cif
9i0u_B,duplicate_sequence,131,0.0000,0.0000,1.46,data/all_pdb_1y/fed_split/client_4/mmcif_files/9i0u.cif
9i1g_B,duplicate_sequence,99,0.0000,0.0000,1.6,data/all_pdb_1y/fed_split/client_4/mmcif_files/9i1g.cif
9i1x_B,duplicate_sequence,225,0.0000,0.0000,1.91,data/all_pdb_1y/fed_split/client_4/mmcif_files/9i1x.cif
9i29_AAA,duplicate_sequence,260,0.0000,0.0000,1.62,data/all_pdb_1y/fed_split/client_4/mmcif_files/9i29.cif
9i2n_A,duplicate_sequence,97,0.0000,0.0000,1.5,data/all_pdb_1y/fed_split/client_4/mmcif_files/9i2n.cif
9i2n_B,duplicate_sequence,97,0.0000,0.0000,1.5,data/all_pdb_1y/fed_split/client_4/mmcif_files/9i2n.cif
9i2n_C,duplicate_sequence,97,0.0000,0.0000,1.5,data/all_pdb_1y/fed_split/client_4/mmcif_files/9i2n.cif
9i2n_D,duplicate_sequence,97,0.0000,0.0000,1.5,data/all_pdb_1y/fed_split/client_4/mmcif_files/9i2n.cif
9i4k_B,duplicate_sequence,136,0.0000,0.0000,1.631,data/all_pdb_1y/fed_split/client_4/mmcif_files/9i4k.cif
9i4l_A,duplicate_sequence,136,0.0000,0.0000,1.425,data/all_pdb_1y/fed_split/client_4/mmcif_files/9i4l.cif
9i4l_B,duplicate_sequence,136,0.0000,0.0000,1.425,data/all_pdb_1y/fed_split/client_4/mmcif_files/9i4l.cif
9i77_B,duplicate_sequence,236,0.0000,0.0000,1.7,data/all_pdb_1y/fed_split/client_4/mmcif_files/9i77.cif
9i7y_B,duplicate_sequence,171,0.0000,0.0000,1.85,data/all_pdb_1y/fed_split/client_4/mmcif_files/9i7y.cif
9i7y_C,duplicate_sequence,171,0.0000,0.0000,1.85,data/all_pdb_1y/fed_split/client_4/mmcif_files/9i7y.cif
9iaw_A,duplicate_sequence,170,0.0000,0.0000,0.997,data/all_pdb_1y/fed_split/client_4/mmcif_files/9iaw.cif
9iay_A,duplicate_sequence,170,0.0000,0.0000,0.953,data/all_pdb_1y/fed_split/client_4/mmcif_files/9iay.cif
9ib4_A,duplicate_sequence,170,0.0000,0.0000,1.062,data/all_pdb_1y/fed_split/client_4/mmcif_files/9ib4.cif
9ib5_A,duplicate_sequence,170,0.0000,0.0000,1.011,data/all_pdb_1y/fed_split/client_4/mmcif_files/9ib5.cif
9icz_B,duplicate_sequence,277,0.0000,0.0000,1.58,data/all_pdb_1y/fed_split/client_4/mmcif_files/9icz.cif
9iok_B,duplicate_sequence,181,0.0000,0.0000,1.8,data/all_pdb_1y/fed_split/client_4/mmcif_files/9iok.cif
9irz_B,duplicate_sequence,101,0.0000,0.0000,1.76,data/all_pdb_1y/fed_split/client_4/mmcif_files/9irz.cif
9iv0_B,duplicate_sequence,181,0.0000,0.0000,1.83,data/all_pdb_1y/fed_split/client_4/mmcif_files/9iv0.cif
9iyz_B,duplicate_sequence,90,0.0000,0.0000,1.99,data/all_pdb_1y/fed_split/client_4/mmcif_files/9iyz.cif
9iyz_C,duplicate_sequence,90,0.0000,0.0000,1.99,data/all_pdb_1y/fed_split/client_4/mmcif_files/9iyz.cif
9j0e_B,duplicate_sequence,289,0.0000,0.0000,1.46,data/all_pdb_1y/fed_split/client_4/mmcif_files/9j0e.cif
9j0t_B,duplicate_sequence,181,0.0000,0.0000,1.5,data/all_pdb_1y/fed_split/client_4/mmcif_files/9j0t.cif
9j2c_B,duplicate_sequence,289,0.0000,0.0000,1.8,data/all_pdb_1y/fed_split/client_4/mmcif_files/9j2c.cif
9jad_A,duplicate_sequence,198,0.0000,0.0000,1.55,data/all_pdb_1y/fed_split/client_4/mmcif_files/9jad.cif
9jaf_A,duplicate_sequence,198,0.0000,0.0000,1.9,data/all_pdb_1y/fed_split/client_4/mmcif_files/9jaf.cif
9jaf_B,duplicate_sequence,198,0.0000,0.0000,1.9,data/all_pdb_1y/fed_split/client_4/mmcif_files/9jaf.cif
9jag_A,duplicate_sequence,198,0.0000,0.0000,1.9,data/all_pdb_1y/fed_split/client_4/mmcif_files/9jag.cif
9jn4_D,duplicate_sequence,218,0.0000,0.0000,1.81,data/all_pdb_1y/fed_split/client_4/mmcif_files/9jn4.cif
9jn4_A,duplicate_sequence,218,0.0000,0.0000,1.81,data/all_pdb_1y/fed_split/client_4/mmcif_files/9jn4.cif
9jn4_C,duplicate_sequence,218,0.0000,0.0000,1.81,data/all_pdb_1y/fed_split/client_4/mmcif_files/9jn4.cif
9jn5_A,duplicate_sequence,218,0.0000,0.0000,2.0,data/all_pdb_1y/fed_split/client_4/mmcif_files/9jn5.cif
9jn5_B,duplicate_sequence,218,0.0000,0.0000,2.0,data/all_pdb_1y/fed_split/client_4/mmcif_files/9jn5.cif
9jn5_C,duplicate_sequence,218,0.0000,0.0000,2.0,data/all_pdb_1y/fed_split/client_4/mmcif_files/9jn5.cif
9jn5_D,duplicate_sequence,218,0.0000,0.0000,2.0,data/all_pdb_1y/fed_split/client_4/mmcif_files/9jn5.cif
9jn6_B,duplicate_sequence,218,0.0000,0.0000,1.72,data/all_pdb_1y/fed_split/client_4/mmcif_files/9jn6.cif
9jn6_C,duplicate_sequence,218,0.0000,0.0000,1.72,data/all_pdb_1y/fed_split/client_4/mmcif_files/9jn6.cif
9jn6_D,duplicate_sequence,218,0.0000,0.0000,1.72,data/all_pdb_1y/fed_split/client_4/mmcif_files/9jn6.cif
9jn6_A,duplicate_sequence,218,0.0000,0.0000,1.72,data/all_pdb_1y/fed_split/client_4/mmcif_files/9jn6.cif
9jrr_B,duplicate_sequence,158,0.0000,0.0000,1.76,data/all_pdb_1y/fed_split/client_4/mmcif_files/9jrr.cif
9jrz_A,duplicate_sequence,275,0.0000,0.0000,1.69,data/all_pdb_1y/fed_split/client_4/mmcif_files/9jrz.cif
9jss_A,duplicate_sequence,275,0.0000,0.0000,1.39,data/all_pdb_1y/fed_split/client_4/mmcif_files/9jss.cif
9jtg_A,duplicate_sequence,275,0.0000,0.0000,1.68,data/all_pdb_1y/fed_split/client_4/mmcif_files/9jtg.cif
9jww_A,duplicate_sequence,266,0.0000,0.0000,1.251,data/all_pdb_1y/fed_split/client_4/mmcif_files/9jww.cif
9jzo_B,duplicate_sequence,173,0.0000,0.0000,1.4,data/all_pdb_1y/fed_split/client_4/mmcif_files/9jzo.cif
9k4q_C,duplicate_sequence,112,0.0000,0.0000,2.0,data/all_pdb_1y/fed_split/client_4/mmcif_files/9k4q.cif
9k7x_B,duplicate_sequence,112,0.0000,0.0000,2.0,data/all_pdb_1y/fed_split/client_4/mmcif_files/9k7x.cif
9k7x_C,duplicate_sequence,112,0.0000,0.0000,2.0,data/all_pdb_1y/fed_split/client_4/mmcif_files/9k7x.cif
9k7x_D,duplicate_sequence,112,0.0000,0.0000,2.0,data/all_pdb_1y/fed_split/client_4/mmcif_files/9k7x.cif
9k7x_E,duplicate_sequence,112,0.0000,0.0000,2.0,data/all_pdb_1y/fed_split/client_4/mmcif_files/9k7x.cif
9k7x_F,duplicate_sequence,112,0.0000,0.0000,2.0,data/all_pdb_1y/fed_split/client_4/mmcif_files/9k7x.cif
9kat_B,duplicate_sequence,260,0.0000,0.0000,1.51,data/all_pdb_1y/fed_split/client_4/mmcif_files/9kat.cif
9kbo_B,duplicate_sequence,291,0.0000,0.0000,2.0,data/all_pdb_1y/fed_split/client_4/mmcif_files/9kbo.cif
9kbo_C,duplicate_sequence,291,0.0000,0.0000,2.0,data/all_pdb_1y/fed_split/client_4/mmcif_files/9kbo.cif
9kbo_D,duplicate_sequence,291,0.0000,0.0000,2.0,data/all_pdb_1y/fed_split/client_4/mmcif_files/9kbo.cif
9keg_B,duplicate_sequence,192,0.0000,0.0000,1.8,data/all_pdb_1y/fed_split/client_4/mmcif_files/9keg.cif
9keh_A,duplicate_sequence,192,0.0000,0.0000,1.72,data/all_pdb_1y/fed_split/client_4/mmcif_files/9keh.cif
9keh_B,duplicate_sequence,192,0.0000,0.0000,1.72,data/all_pdb_1y/fed_split/client_4/mmcif_files/9keh.cif
9kei_A,duplicate_sequence,192,0.0000,0.0000,1.81,data/all_pdb_1y/fed_split/client_4/mmcif_files/9kei.cif
9kei_B,duplicate_sequence,192,0.0000,0.0000,1.81,data/all_pdb_1y/fed_split/client_4/mmcif_files/9kei.cif
9kh8_A,duplicate_sequence,260,0.0000,0.0000,1.2,data/all_pdb_1y/fed_split/client_4/mmcif_files/9kh8.cif
9ki2_A,duplicate_sequence,260,0.0000,0.0000,1.2,data/all_pdb_1y/fed_split/client_4/mmcif_files/9ki2.cif
9ki3_A,duplicate_sequence,260,0.0000,0.0000,1.2,data/all_pdb_1y/fed_split/client_4/mmcif_files/9ki3.cif
9ki4_A,duplicate_sequence,260,0.0000,0.0000,1.2,data/all_pdb_1y/fed_split/client_4/mmcif_files/9ki4.cif
9ki5_A,duplicate_sequence,260,0.0000,0.0000,1.2,data/all_pdb_1y/fed_split/client_4/mmcif_files/9ki5.cif
9ki6_A,duplicate_sequence,260,0.0000,0.0000,1.2,data/all_pdb_1y/fed_split/client_4/mmcif_files/9ki6.cif
9ki7_A,duplicate_sequence,260,0.0000,0.0000,1.2,data/all_pdb_1y/fed_split/client_4/mmcif_files/9ki7.cif
9ki8_A,duplicate_sequence,260,0.0000,0.0000,1.2,data/all_pdb_1y/fed_split/client_4/mmcif_files/9ki8.cif
9ki9_A,duplicate_sequence,260,0.0000,0.0000,1.2,data/all_pdb_1y/fed_split/client_4/mmcif_files/9ki9.cif
9kia_A,duplicate_sequence,260,0.0000,0.0000,1.2,data/all_pdb_1y/fed_split/client_4/mmcif_files/9kia.cif
9kib_A,duplicate_sequence,260,0.0000,0.0000,1.2,data/all_pdb_1y/fed_split/client_4/mmcif_files/9kib.cif
9kic_A,duplicate_sequence,260,0.0000,0.0000,1.2,data/all_pdb_1y/fed_split/client_4/mmcif_files/9kic.cif
9kid_A,duplicate_sequence,260,0.0000,0.0000,1.2,data/all_pdb_1y/fed_split/client_4/mmcif_files/9kid.cif
9kie_A,duplicate_sequence,260,0.0000,0.0000,1.2,data/all_pdb_1y/fed_split/client_4/mmcif_files/9kie.cif
9kif_A,duplicate_sequence,260,0.0000,0.0000,1.2,data/all_pdb_1y/fed_split/client_4/mmcif_files/9kif.cif
9kig_A,duplicate_sequence,260,0.0000,0.0000,1.2,data/all_pdb_1y/fed_split/client_4/mmcif_files/9kig.cif
9kih_A,duplicate_sequence,260,0.0000,0.0000,1.2,data/all_pdb_1y/fed_split/client_4/mmcif_files/9kih.cif
9kii_A,duplicate_sequence,260,0.0000,0.0000,1.2,data/all_pdb_1y/fed_split/client_4/mmcif_files/9kii.cif
9kij_A,duplicate_sequence,260,0.0000,0.0000,1.2,data/all_pdb_1y/fed_split/client_4/mmcif_files/9kij.cif
9kik_A,duplicate_sequence,260,0.0000,0.0000,1.2,data/all_pdb_1y/fed_split/client_4/mmcif_files/9kik.cif
9kil_A,duplicate_sequence,260,0.0000,0.0000,1.2,data/all_pdb_1y/fed_split/client_4/mmcif_files/9kil.cif
9kim_A,duplicate_sequence,260,0.0000,0.0000,1.2,data/all_pdb_1y/fed_split/client_4/mmcif_files/9kim.cif
9kin_A,duplicate_sequence,260,0.0000,0.0000,1.2,data/all_pdb_1y/fed_split/client_4/mmcif_files/9kin.cif
9kio_A,duplicate_sequence,260,0.0000,0.0000,1.2,data/all_pdb_1y/fed_split/client_4/mmcif_files/9kio.cif
9kip_A,duplicate_sequence,260,0.0000,0.0000,1.2,data/all_pdb_1y/fed_split/client_4/mmcif_files/9kip.cif
9kiq_A,duplicate_sequence,260,0.0000,0.0000,1.2,data/all_pdb_1y/fed_split/client_4/mmcif_files/9kiq.cif
9kir_A,duplicate_sequence,260,0.0000,0.0000,1.2,data/all_pdb_1y/fed_split/client_4/mmcif_files/9kir.cif
9kis_A,duplicate_sequence,260,0.0000,0.0000,1.2,data/all_pdb_1y/fed_split/client_4/mmcif_files/9kis.cif
9kit_A,duplicate_sequence,260,0.0000,0.0000,1.2,data/all_pdb_1y/fed_split/client_4/mmcif_files/9kit.cif
9kiu_A,duplicate_sequence,260,0.0000,0.0000,1.2,data/all_pdb_1y/fed_split/client_4/mmcif_files/9kiu.cif
9kiv_A,duplicate_sequence,260,0.0000,0.0000,1.2,data/all_pdb_1y/fed_split/client_4/mmcif_files/9kiv.cif
9kiw_A,duplicate_sequence,260,0.0000,0.0000,1.2,data/all_pdb_1y/fed_split/client_4/mmcif_files/9kiw.cif
9kix_A,duplicate_sequence,260,0.0000,0.0000,1.2,data/all_pdb_1y/fed_split/client_4/mmcif_files/9kix.cif
9kiy_A,duplicate_sequence,260,0.0000,0.0000,1.2,data/all_pdb_1y/fed_split/client_4/mmcif_files/9kiy.cif
9kiz_A,duplicate_sequence,260,0.0000,0.0000,1.2,data/all_pdb_1y/fed_split/client_4/mmcif_files/9kiz.cif
9kj0_A,duplicate_sequence,260,0.0000,0.0000,1.2,data/all_pdb_1y/fed_split/client_4/mmcif_files/9kj0.cif
9kj1_A,duplicate_sequence,260,0.0000,0.0000,1.2,data/all_pdb_1y/fed_split/client_4/mmcif_files/9kj1.cif
9kj2_A,duplicate_sequence,260,0.0000,0.0000,1.2,data/all_pdb_1y/fed_split/client_4/mmcif_files/9kj2.cif
9kj3_A,duplicate_sequence,260,0.0000,0.0000,1.2,data/all_pdb_1y/fed_split/client_4/mmcif_files/9kj3.cif
9kj4_A,duplicate_sequence,260,0.0000,0.0000,1.2,data/all_pdb_1y/fed_split/client_4/mmcif_files/9kj4.cif
9kj5_A,duplicate_sequence,260,0.0000,0.0000,1.2,data/all_pdb_1y/fed_split/client_4/mmcif_files/9kj5.cif
9kl2_B,duplicate_sequence,140,0.0000,0.0000,2.0,data/all_pdb_1y/fed_split/client_4/mmcif_files/9kl2.cif
9kl2_C,duplicate_sequence,140,0.0000,0.0000,2.0,data/all_pdb_1y/fed_split/client_4/mmcif_files/9kl2.cif
9koj_A,duplicate_sequence,299,0.0000,0.0000,1.445,data/all_pdb_1y/fed_split/client_4/mmcif_files/9koj.cif
9koj_B,duplicate_sequence,299,0.0000,0.0000,1.445,data/all_pdb_1y/fed_split/client_4/mmcif_files/9koj.cif
9kpn_A,duplicate_sequence,184,0.0000,0.0000,1.29,data/all_pdb_1y/fed_split/client_4/mmcif_files/9kpn.cif
9kpn_B,duplicate_sequence,184,0.0000,0.0000,1.29,data/all_pdb_1y/fed_split/client_4/mmcif_files/9kpn.cif
9kw1_A,duplicate_sequence,279,0.0000,0.0000,1.2,data/all_pdb_1y/fed_split/client_4/mmcif_files/9kw1.cif
9kyj_A,duplicate_sequence,158,0.0000,0.0000,1.57,data/all_pdb_1y/fed_split/client_4/mmcif_files/9kyj.cif
9l2x_A,duplicate_sequence,260,0.0000,0.0000,1.14,data/all_pdb_1y/fed_split/client_4/mmcif_files/9l2x.cif
9l2y_A,duplicate_sequence,260,0.0000,0.0000,1.2,data/all_pdb_1y/fed_split/client_4/mmcif_files/9l2y.cif
9l2z_A,duplicate_sequence,260,0.0000,0.0000,1.2,data/all_pdb_1y/fed_split/client_4/mmcif_files/9l2z.cif
9l30_A,duplicate_sequence,260,0.0000,0.0000,1.2,data/all_pdb_1y/fed_split/client_4/mmcif_files/9l30.cif
9l31_A,duplicate_sequence,260,0.0000,0.0000,1.2,data/all_pdb_1y/fed_split/client_4/mmcif_files/9l31.cif
9l32_A,duplicate_sequence,260,0.0000,0.0000,1.2,data/all_pdb_1y/fed_split/client_4/mmcif_files/9l32.cif
9l33_A,duplicate_sequence,260,0.0000,0.0000,1.35,data/all_pdb_1y/fed_split/client_4/mmcif_files/9l33.cif
9l6a_A,duplicate_sequence,170,0.0000,0.0000,1.36,data/all_pdb_1y/fed_split/client_4/mmcif_files/9l6a.cif
9l6z_B,duplicate_sequence,119,0.0000,0.0000,1.8,data/all_pdb_1y/fed_split/client_4/mmcif_files/9l6z.cif
9ldo_A,duplicate_sequence,260,0.0000,0.0000,1.142,data/all_pdb_1y/fed_split/client_4/mmcif_files/9ldo.cif
9ldp_A,duplicate_sequence,260,0.0000,0.0000,1.14,data/all_pdb_1y/fed_split/client_4/mmcif_files/9ldp.cif
9lhn_B,duplicate_sequence,228,0.0000,0.0000,1.45,data/all_pdb_1y/fed_split/client_4/mmcif_files/9lhn.cif
9lhr_B,duplicate_sequence,231,0.0000,0.0000,1.8,data/all_pdb_1y/fed_split/client_4/mmcif_files/9lhr.cif
9lhr_C,duplicate_sequence,231,0.0000,0.0000,1.8,data/all_pdb_1y/fed_split/client_4/mmcif_files/9lhr.cif
9li0_B,duplicate_sequence,228,0.0000,0.0000,1.453,data/all_pdb_1y/fed_split/client_4/mmcif_files/9li0.cif
9ljk_B,duplicate_sequence,182,0.0000,0.0000,1.89,data/all_pdb_1y/fed_split/client_4/mmcif_files/9ljk.cif
9ljl_A,duplicate_sequence,182,0.0000,0.0000,1.89,data/all_pdb_1y/fed_split/client_4/mmcif_files/9ljl.cif
9ljl_B,duplicate_sequence,182,0.0000,0.0000,1.89,data/all_pdb_1y/fed_split/client_4/mmcif_files/9ljl.cif
9ljm_A,duplicate_sequence,182,0.0000,0.0000,1.9,data/all_pdb_1y/fed_split/client_4/mmcif_files/9ljm.cif
9ljm_B,duplicate_sequence,182,0.0000,0.0000,1.9,data/all_pdb_1y/fed_split/client_4/mmcif_files/9ljm.cif
9lo3_A,duplicate_sequence,198,0.0000,0.0000,1.75,data/all_pdb_1y/fed_split/client_4/mmcif_files/9lo3.cif
9lo6_A,duplicate_sequence,198,0.0000,0.0000,1.8,data/all_pdb_1y/fed_split/client_4/mmcif_files/9lo6.cif
9lp6_B,duplicate_sequence,158,0.0000,0.0000,1.91,data/all_pdb_1y/fed_split/client_4/mmcif_files/9lp6.cif
9lp6_C,duplicate_sequence,158,0.0000,0.0000,1.91,data/all_pdb_1y/fed_split/client_4/mmcif_files/9lp6.cif
9lr4_A,duplicate_sequence,275,0.0000,0.0000,1.7,data/all_pdb_1y/fed_split/client_4/mmcif_files/9lr4.cif
9lr6_A,duplicate_sequence,260,0.0000,0.0000,1.25,data/all_pdb_1y/fed_split/client_4/mmcif_files/9lr6.cif
9lu0_A,duplicate_sequence,275,0.0000,0.0000,1.55,data/all_pdb_1y/fed_split/client_4/mmcif_files/9lu0.cif
9lvz_A,duplicate_sequence,275,0.0000,0.0000,1.59,data/all_pdb_1y/fed_split/client_4/mmcif_files/9lvz.cif
9lwb_A,duplicate_sequence,275,0.0000,0.0000,1.62,data/all_pdb_1y/fed_split/client_4/mmcif_files/9lwb.cif
9lxq_A,duplicate_sequence,275,0.0000,0.0000,1.37,data/all_pdb_1y/fed_split/client_4/mmcif_files/9lxq.cif
9lye_A,duplicate_sequence,275,0.0000,0.0000,1.37,data/all_pdb_1y/fed_split/client_4/mmcif_files/9lye.cif
9lys_B,duplicate_sequence,57,0.0000,0.0000,2.0,data/all_pdb_1y/fed_split/client_4/mmcif_files/9lys.cif
9lys_C,duplicate_sequence,57,0.0000,0.0000,2.0,data/all_pdb_1y/fed_split/client_4/mmcif_files/9lys.cif
9m1q_B,duplicate_sequence,174,0.0000,0.0000,1.7,data/all_pdb_1y/fed_split/client_4/mmcif_files/9m1q.cif
9m1v_A,duplicate_sequence,174,0.0000,0.0000,1.7,data/all_pdb_1y/fed_split/client_4/mmcif_files/9m1v.cif
9m1v_B,duplicate_sequence,174,0.0000,0.0000,1.7,data/all_pdb_1y/fed_split/client_4/mmcif_files/9m1v.cif
9m1v_C,duplicate_sequence,174,0.0000,0.0000,1.7,data/all_pdb_1y/fed_split/client_4/mmcif_files/9m1v.cif
9m1v_D,duplicate_sequence,174,0.0000,0.0000,1.7,data/all_pdb_1y/fed_split/client_4/mmcif_files/9m1v.cif
9m1x_A,duplicate_sequence,133,0.0000,0.0000,0.8,data/all_pdb_1y/fed_split/client_4/mmcif_files/9m1x.cif
9m22_A,duplicate_sequence,133,0.0000,0.0000,0.8,data/all_pdb_1y/fed_split/client_4/mmcif_files/9m22.cif
9m2b_A,duplicate_sequence,133,0.0000,0.0000,1.18,data/all_pdb_1y/fed_split/client_4/mmcif_files/9m2b.cif
9m2b_B,duplicate_sequence,133,0.0000,0.0000,1.18,data/all_pdb_1y/fed_split/client_4/mmcif_files/9m2b.cif
9m2g_B,duplicate_sequence,181,0.0000,0.0000,1.3,data/all_pdb_1y/fed_split/client_4/mmcif_files/9m2g.cif
9m2n_B,duplicate_sequence,181,0.0000,0.0000,1.5,data/all_pdb_1y/fed_split/client_4/mmcif_files/9m2n.cif
9m4u_A,duplicate_sequence,181,0.0000,0.0000,1.69,data/all_pdb_1y/fed_split/client_4/mmcif_files/9m4u.cif
9m5i_A,duplicate_sequence,181,0.0000,0.0000,1.5,data/all_pdb_1y/fed_split/client_4/mmcif_files/9m5i.cif
9m5j_A,duplicate_sequence,181,0.0000,0.0000,1.6,data/all_pdb_1y/fed_split/client_4/mmcif_files/9m5j.cif
9m5w_A,duplicate_sequence,275,0.0000,0.0000,1.58,data/all_pdb_1y/fed_split/client_4/mmcif_files/9m5w.cif
9m62_B,duplicate_sequence,124,0.0000,0.0000,1.22,data/all_pdb_1y/fed_split/client_4/mmcif_files/9m62.cif
9m6n_A,duplicate_sequence,181,0.0000,0.0000,1.99,data/all_pdb_1y/fed_split/client_4/mmcif_files/9m6n.cif
9ma4_A,duplicate_sequence,275,0.0000,0.0000,1.72,data/all_pdb_1y/fed_split/client_4/mmcif_files/9ma4.cif
9mad_A,duplicate_sequence,275,0.0000,0.0000,1.59,data/all_pdb_1y/fed_split/client_4/mmcif_files/9mad.cif
9mdv_B,duplicate_sequence,251,0.0000,0.0000,2.0,data/all_pdb_1y/fed_split/client_4/mmcif_files/9mdv.cif
9mg0_B,duplicate_sequence,289,0.0000,0.0000,1.3,data/all_pdb_1y/fed_split/client_4/mmcif_files/9mg0.cif
9mg1_A,duplicate_sequence,289,0.0000,0.0000,1.33,data/all_pdb_1y/fed_split/client_4/mmcif_files/9mg1.cif
9mg1_B,duplicate_sequence,289,0.0000,0.0000,1.33,data/all_pdb_1y/fed_split/client_4/mmcif_files/9mg1.cif
9mg2_A,duplicate_sequence,289,0.0000,0.0000,1.59,data/all_pdb_1y/fed_split/client_4/mmcif_files/9mg2.cif
9mg2_B,duplicate_sequence,289,0.0000,0.0000,1.59,data/all_pdb_1y/fed_split/client_4/mmcif_files/9mg2.cif
9mg3_A,duplicate_sequence,289,0.0000,0.0000,1.42,data/all_pdb_1y/fed_split/client_4/mmcif_files/9mg3.cif
9mg3_B,duplicate_sequence,289,0.0000,0.0000,1.42,data/all_pdb_1y/fed_split/client_4/mmcif_files/9mg3.cif
9mhq_B,duplicate_sequence,243,0.0000,0.0000,1.97,data/all_pdb_1y/fed_split/client_4/mmcif_files/9mhq.cif
9mhq_C,duplicate_sequence,243,0.0000,0.0000,1.97,data/all_pdb_1y/fed_split/client_4/mmcif_files/9mhq.cif
9mhq_D,duplicate_sequence,243,0.0000,0.0000,1.97,data/all_pdb_1y/fed_split/client_4/mmcif_files/9mhq.cif
9mhq_E,duplicate_sequence,243,0.0000,0.0000,1.97,data/all_pdb_1y/fed_split/client_4/mmcif_files/9mhq.cif
9mhr_B,duplicate_sequence,243,0.0000,0.0000,1.5,data/all_pdb_1y/fed_split/client_4/mmcif_files/9mhr.cif
9mhr_C,duplicate_sequence,243,0.0000,0.0000,1.5,data/all_pdb_1y/fed_split/client_4/mmcif_files/9mhr.cif
9mhr_D,duplicate_sequence,243,0.0000,0.0000,1.5,data/all_pdb_1y/fed_split/client_4/mmcif_files/9mhr.cif
9mhr_E,duplicate_sequence,243,0.0000,0.0000,1.5,data/all_pdb_1y/fed_split/client_4/mmcif_files/9mhr.cif
9miz_A,duplicate_sequence,134,0.0000,0.0000,1.4,data/all_pdb_1y/fed_split/client_4/mmcif_files/9miz.cif
9mmi_B,duplicate_sequence,264,0.0000,0.0000,1.75,data/all_pdb_1y/fed_split/client_4/mmcif_files/9mmi.cif
9mmi_C,duplicate_sequence,264,0.0000,0.0000,1.75,data/all_pdb_1y/fed_split/client_4/mmcif_files/9mmi.cif
9mmi_D,duplicate_sequence,264,0.0000,0.0000,1.75,data/all_pdb_1y/fed_split/client_4/mmcif_files/9mmi.cif
9mp2_A,duplicate_sequence,134,0.0000,0.0000,1.35,data/all_pdb_1y/fed_split/client_4/mmcif_files/9mp2.cif
9mro_B,duplicate_sequence,285,0.0000,0.0000,1.59,data/all_pdb_1y/fed_split/client_4/mmcif_files/9mro.cif
9mro_C,duplicate_sequence,285,0.0000,0.0000,1.59,data/all_pdb_1y/fed_split/client_4/mmcif_files/9mro.cif
9mro_D,duplicate_sequence,285,0.0000,0.0000,1.59,data/all_pdb_1y/fed_split/client_4/mmcif_files/9mro.cif
9mrp_A,duplicate_sequence,285,0.0000,0.0000,1.5,data/all_pdb_1y/fed_split/client_4/mmcif_files/9mrp.cif
9mrp_B,duplicate_sequence,285,0.0000,0.0000,1.5,data/all_pdb_1y/fed_split/client_4/mmcif_files/9mrp.cif
9mrp_C,duplicate_sequence,285,0.0000,0.0000,1.5,data/all_pdb_1y/fed_split/client_4/mmcif_files/9mrp.cif
9mrp_D,duplicate_sequence,285,0.0000,0.0000,1.5,data/all_pdb_1y/fed_split/client_4/mmcif_files/9mrp.cif
9mrv_A,duplicate_sequence,285,0.0000,0.0000,1.69,data/all_pdb_1y/fed_split/client_4/mmcif_files/9mrv.cif
9mrv_B,duplicate_sequence,285,0.0000,0.0000,1.69,data/all_pdb_1y/fed_split/client_4/mmcif_files/9mrv.cif
9mrv_C,duplicate_sequence,285,0.0000,0.0000,1.69,data/all_pdb_1y/fed_split/client_4/mmcif_files/9mrv.cif
9mrv_D,duplicate_sequence,285,0.0000,0.0000,1.69,data/all_pdb_1y/fed_split/client_4/mmcif_files/9mrv.cif
9ms5_B,duplicate_sequence,201,0.0000,0.0000,1.45,data/all_pdb_1y/fed_split/client_4/mmcif_files/9ms5.cif
9ms5_C,duplicate_sequence,201,0.0000,0.0000,1.45,data/all_pdb_1y/fed_split/client_4/mmcif_files/9ms5.cif
9ms5_D,duplicate_sequence,201,0.0000,0.0000,1.45,data/all_pdb_1y/fed_split/client_4/mmcif_files/9ms5.cif
9ms7_B,duplicate_sequence,182,0.0000,0.0000,1.5,data/all_pdb_1y/fed_split/client_4/mmcif_files/9ms7.cif
9mt9_A,duplicate_sequence,232,0.0000,0.0000,1.78,data/all_pdb_1y/fed_split/client_4/mmcif_files/9mt9.cif
9n03_A,duplicate_sequence,251,0.0000,0.0000,1.8,data/all_pdb_1y/fed_split/client_4/mmcif_files/9n03.cif
9n03_B,duplicate_sequence,251,0.0000,0.0000,1.8,data/all_pdb_1y/fed_split/client_4/mmcif_files/9n03.cif
9n06_A,duplicate_sequence,251,0.0000,0.0000,1.9,data/all_pdb_1y/fed_split/client_4/mmcif_files/9n06.cif
9n06_B,duplicate_sequence,251,0.0000,0.0000,1.9,data/all_pdb_1y/fed_split/client_4/mmcif_files/9n06.cif
9n0c_A,duplicate_sequence,251,0.0000,0.0000,1.47,data/all_pdb_1y/fed_split/client_4/mmcif_files/9n0c.cif
9n0c_B,duplicate_sequence,251,0.0000,0.0000,1.47,data/all_pdb_1y/fed_split/client_4/mmcif_files/9n0c.cif
9n4a_B,duplicate_sequence,181,0.0000,0.0000,1.947,data/all_pdb_1y/fed_split/client_4/mmcif_files/9n4a.cif
9n55_B,duplicate_sequence,97,0.0000,0.0000,1.65,data/all_pdb_1y/fed_split/client_4/mmcif_files/9n55.cif
9n97_B,duplicate_sequence,277,0.0000,0.0000,1.45,data/all_pdb_1y/fed_split/client_4/mmcif_files/9n97.cif
9ncl_B,duplicate_sequence,141,0.0000,0.0000,1.7,data/all_pdb_1y/fed_split/client_4/mmcif_files/9ncl.cif
9nf2_A,duplicate_sequence,169,0.0000,0.0000,1.7,data/all_pdb_1y/fed_split/client_4/mmcif_files/9nf2.cif
9niu_B,duplicate_sequence,150,0.0000,0.0000,1.9,data/all_pdb_1y/fed_split/client_4/mmcif_files/9niu.cif
9niu_C,duplicate_sequence,150,0.0000,0.0000,1.9,data/all_pdb_1y/fed_split/client_4/mmcif_files/9niu.cif
9nk1_A,duplicate_sequence,168,0.0000,0.0000,1.23,data/all_pdb_1y/fed_split/client_4/mmcif_files/9nk1.cif
9nk2_A,duplicate_sequence,168,0.0000,0.0000,1.81,data/all_pdb_1y/fed_split/client_4/mmcif_files/9nk2.cif
9nk4_A,duplicate_sequence,168,0.0000,0.0000,1.27,data/all_pdb_1y/fed_split/client_4/mmcif_files/9nk4.cif
9nsx_A,duplicate_sequence,273,0.0000,0.0000,1.57,data/all_pdb_1y/fed_split/client_4/mmcif_files/9nsx.cif
9nsz_A,duplicate_sequence,274,0.0000,0.0000,1.8,data/all_pdb_1y/fed_split/client_4/mmcif_files/9nsz.cif
9nt0_A,duplicate_sequence,273,0.0000,0.0000,1.6,data/all_pdb_1y/fed_split/client_4/mmcif_files/9nt0.cif
9nwu_D,duplicate_sequence,229,0.0000,0.0000,1.96,data/all_pdb_1y/fed_split/client_4/mmcif_files/9nwu.cif
9nwu_A,duplicate_sequence,229,0.0000,0.0000,1.96,data/all_pdb_1y/fed_split/client_4/mmcif_files/9nwu.cif
9nwu_B,duplicate_sequence,229,0.0000,0.0000,1.96,data/all_pdb_1y/fed_split/client_4/mmcif_files/9nwu.cif
9nz7_A,duplicate_sequence,92,0.0000,0.0000,1.41,data/all_pdb_1y/fed_split/client_4/mmcif_files/9nz7.cif
9nz7_C,duplicate_sequence,92,0.0000,0.0000,1.41,data/all_pdb_1y/fed_split/client_4/mmcif_files/9nz7.cif
9nzm_A,duplicate_sequence,172,0.0000,0.0000,1.586,data/all_pdb_1y/fed_split/client_4/mmcif_files/9nzm.cif
9nzm_B,duplicate_sequence,172,0.0000,0.0000,1.586,data/all_pdb_1y/fed_split/client_4/mmcif_files/9nzm.cif
9nzn_A,duplicate_sequence,172,0.0000,0.0000,1.504,data/all_pdb_1y/fed_split/client_4/mmcif_files/9nzn.cif
9o0o_A,duplicate_sequence,170,0.0000,0.0000,1.9,data/all_pdb_1y/fed_split/client_4/mmcif_files/9o0o.cif
9o0p_B,duplicate_sequence,179,0.0000,0.0000,1.5,data/all_pdb_1y/fed_split/client_4/mmcif_files/9o0p.cif
9o0q_A,duplicate_sequence,179,0.0000,0.0000,1.9,data/all_pdb_1y/fed_split/client_4/mmcif_files/9o0q.cif
9o0q_B,duplicate_sequence,179,0.0000,0.0000,1.9,data/all_pdb_1y/fed_split/client_4/mmcif_files/9o0q.cif
9o0q_C,duplicate_sequence,179,0.0000,0.0000,1.9,data/all_pdb_1y/fed_split/client_4/mmcif_files/9o0q.cif
9o0r_A,duplicate_sequence,170,0.0000,0.0000,1.81,data/all_pdb_1y/fed_split/client_4/mmcif_files/9o0r.cif
9o0r_B,duplicate_sequence,170,0.0000,0.0000,1.81,data/all_pdb_1y/fed_split/client_4/mmcif_files/9o0r.cif
9o3m_B,duplicate_sequence,133,0.0000,0.0000,1.42,data/all_pdb_1y/fed_split/client_4/mmcif_files/9o3m.cif
9o5m_A,duplicate_sequence,168,0.0000,0.0000,1.62,data/all_pdb_1y/fed_split/client_4/mmcif_files/9o5m.cif
9o5m_B,duplicate_sequence,168,0.0000,0.0000,1.62,data/all_pdb_1y/fed_split/client_4/mmcif_files/9o5m.cif
9o5m_C,duplicate_sequence,168,0.0000,0.0000,1.62,data/all_pdb_1y/fed_split/client_4/mmcif_files/9o5m.cif
9o5m_D,duplicate_sequence,168,0.0000,0.0000,1.62,data/all_pdb_1y/fed_split/client_4/mmcif_files/9o5m.cif
9oaf_A,duplicate_sequence,260,0.0000,0.0000,1.4,data/all_pdb_1y/fed_split/client_4/mmcif_files/9oaf.cif
9oam_A,duplicate_sequence,260,0.0000,0.0000,1.4,data/all_pdb_1y/fed_split/client_4/mmcif_files/9oam.cif
9ob7_A,duplicate_sequence,134,0.0000,0.0000,1.3,data/all_pdb_1y/fed_split/client_4/mmcif_files/9ob7.cif
9ob8_A,duplicate_sequence,134,0.0000,0.0000,1.4,data/all_pdb_1y/fed_split/client_4/mmcif_files/9ob8.cif
9obi_A,duplicate_sequence,99,0.0000,0.0000,1.7,data/all_pdb_1y/fed_split/client_4/mmcif_files/9obi.cif
9obi_B,duplicate_sequence,99,0.0000,0.0000,1.7,data/all_pdb_1y/fed_split/client_4/mmcif_files/9obi.cif
9obi_C,duplicate_sequence,99,0.0000,0.0000,1.7,data/all_pdb_1y/fed_split/client_4/mmcif_files/9obi.cif
9obi_D,duplicate_sequence,99,0.0000,0.0000,1.7,data/all_pdb_1y/fed_split/client_4/mmcif_files/9obi.cif
9obi_E,duplicate_sequence,99,0.0000,0.0000,1.7,data/all_pdb_1y/fed_split/client_4/mmcif_files/9obi.cif
9obi_F,duplicate_sequence,99,0.0000,0.0000,1.7,data/all_pdb_1y/fed_split/client_4/mmcif_files/9obi.cif
9obi_G,duplicate_sequence,99,0.0000,0.0000,1.7,data/all_pdb_1y/fed_split/client_4/mmcif_files/9obi.cif
9obi_H,duplicate_sequence,99,0.0000,0.0000,1.7,data/all_pdb_1y/fed_split/client_4/mmcif_files/9obi.cif
9obj_A,duplicate_sequence,260,0.0000,0.0000,1.4,data/all_pdb_1y/fed_split/client_4/mmcif_files/9obj.cif
9oel_B,duplicate_sequence,169,0.0000,0.0000,1.5,data/all_pdb_1y/fed_split/client_4/mmcif_files/9oel.cif
9oex_B,duplicate_sequence,169,0.0000,0.0000,1.5,data/all_pdb_1y/fed_split/client_4/mmcif_files/9oex.cif
9onm_B,duplicate_sequence,140,0.0000,0.0000,1.57,data/all_pdb_1y/fed_split/client_4/mmcif_files/9onm.cif
9onm_C,duplicate_sequence,140,0.0000,0.0000,1.57,data/all_pdb_1y/fed_split/client_4/mmcif_files/9onm.cif
9onm_D,duplicate_sequence,140,0.0000,0.0000,1.57,data/all_pdb_1y/fed_split/client_4/mmcif_files/9onm.cif
9onm_E,duplicate_sequence,140,0.0000,0.0000,1.57,data/all_pdb_1y/fed_split/client_4/mmcif_files/9onm.cif
9onm_F,duplicate_sequence,140,0.0000,0.0000,1.57,data/all_pdb_1y/fed_split/client_4/mmcif_files/9onm.cif
9onn_A,duplicate_sequence,140,0.0000,0.0000,1.53,data/all_pdb_1y/fed_split/client_4/mmcif_files/9onn.cif
9onn_B,duplicate_sequence,140,0.0000,0.0000,1.53,data/all_pdb_1y/fed_split/client_4/mmcif_files/9onn.cif
9onn_C,duplicate_sequence,140,0.0000,0.0000,1.53,data/all_pdb_1y/fed_split/client_4/mmcif_files/9onn.cif
9onn_D,duplicate_sequence,140,0.0000,0.0000,1.53,data/all_pdb_1y/fed_split/client_4/mmcif_files/9onn.cif
9onn_E,duplicate_sequence,140,0.0000,0.0000,1.53,data/all_pdb_1y/fed_split/client_4/mmcif_files/9onn.cif
9onn_F,duplicate_sequence,140,0.0000,0.0000,1.53,data/all_pdb_1y/fed_split/client_4/mmcif_files/9onn.cif
9ono_A,duplicate_sequence,140,0.0000,0.0000,1.66,data/all_pdb_1y/fed_split/client_4/mmcif_files/9ono.cif
9ono_B,duplicate_sequence,140,0.0000,0.0000,1.66,data/all_pdb_1y/fed_split/client_4/mmcif_files/9ono.cif
9ono_C,duplicate_sequence,140,0.0000,0.0000,1.66,data/all_pdb_1y/fed_split/client_4/mmcif_files/9ono.cif
9ono_D,duplicate_sequence,140,0.0000,0.0000,1.66,data/all_pdb_1y/fed_split/client_4/mmcif_files/9ono.cif
9ono_E,duplicate_sequence,140,0.0000,0.0000,1.66,data/all_pdb_1y/fed_split/client_4/mmcif_files/9ono.cif
9ono_F,duplicate_sequence,140,0.0000,0.0000,1.66,data/all_pdb_1y/fed_split/client_4/mmcif_files/9ono.cif
9onq_A,duplicate_sequence,140,0.0000,0.0000,1.47,data/all_pdb_1y/fed_split/client_4/mmcif_files/9onq.cif
9onq_B,duplicate_sequence,140,0.0000,0.0000,1.47,data/all_pdb_1y/fed_split/client_4/mmcif_files/9onq.cif
9onq_C,duplicate_sequence,140,0.0000,0.0000,1.47,data/all_pdb_1y/fed_split/client_4/mmcif_files/9onq.cif
9onq_D,duplicate_sequence,140,0.0000,0.0000,1.47,data/all_pdb_1y/fed_split/client_4/mmcif_files/9onq.cif
9onq_E,duplicate_sequence,140,0.0000,0.0000,1.47,data/all_pdb_1y/fed_split/client_4/mmcif_files/9onq.cif
9onq_F,duplicate_sequence,140,0.0000,0.0000,1.47,data/all_pdb_1y/fed_split/client_4/mmcif_files/9onq.cif
9onr_B,duplicate_sequence,142,0.0000,0.0000,1.38,data/all_pdb_1y/fed_split/client_4/mmcif_files/9onr.cif
9oob_A,duplicate_sequence,295,0.0000,0.0000,1.83,data/all_pdb_1y/fed_split/client_4/mmcif_files/9oob.cif
9oof_A,duplicate_sequence,295,0.0000,0.0000,1.681,data/all_pdb_1y/fed_split/client_4/mmcif_files/9oof.cif
9ooj_A,duplicate_sequence,295,0.0000,0.0000,1.82,data/all_pdb_1y/fed_split/client_4/mmcif_files/9ooj.cif
9oqt_B,duplicate_sequence,206,0.0000,0.0000,1.82,data/all_pdb_1y/fed_split/client_4/mmcif_files/9oqt.cif
9oqu_A,duplicate_sequence,206,0.0000,0.0000,1.73,data/all_pdb_1y/fed_split/client_4/mmcif_files/9oqu.cif
9oqu_B,duplicate_sequence,206,0.0000,0.0000,1.73,data/all_pdb_1y/fed_split/client_4/mmcif_files/9oqu.cif
9oqw_B,duplicate_sequence,206,0.0000,0.0000,2.0,data/all_pdb_1y/fed_split/client_4/mmcif_files/9oqw.cif
9oqx_B,duplicate_sequence,206,0.0000,0.0000,1.68,data/all_pdb_1y/fed_split/client_4/mmcif_files/9oqx.cif
9or0_B,duplicate_sequence,206,0.0000,0.0000,1.75,data/all_pdb_1y/fed_split/client_4/mmcif_files/9or0.cif
9ou0_A,duplicate_sequence,169,0.0000,0.0000,1.81,data/all_pdb_1y/fed_split/client_4/mmcif_files/9ou0.cif
9ou0_B,duplicate_sequence,169,0.0000,0.0000,1.81,data/all_pdb_1y/fed_split/client_4/mmcif_files/9ou0.cif
9ou2_A,duplicate_sequence,169,0.0000,0.0000,1.55,data/all_pdb_1y/fed_split/client_4/mmcif_files/9ou2.cif
9ou3_A,duplicate_sequence,169,0.0000,0.0000,1.5,data/all_pdb_1y/fed_split/client_4/mmcif_files/9ou3.cif
9ou4_A,duplicate_sequence,169,0.0000,0.0000,1.89,data/all_pdb_1y/fed_split/client_4/mmcif_files/9ou4.cif
9oui_A,duplicate_sequence,169,0.0000,0.0000,1.86,data/all_pdb_1y/fed_split/client_4/mmcif_files/9oui.cif
9oui_B,duplicate_sequence,169,0.0000,0.0000,1.86,data/all_pdb_1y/fed_split/client_4/mmcif_files/9oui.cif
9ouj_A,duplicate_sequence,169,0.0000,0.0000,1.89,data/all_pdb_1y/fed_split/client_4/mmcif_files/9ouj.cif
9ouj_B,duplicate_sequence,169,0.0000,0.0000,1.89,data/all_pdb_1y/fed_split/client_4/mmcif_files/9ouj.cif
9ovi_B,duplicate_sequence,67,0.0000,0.0000,1.5,data/all_pdb_1y/fed_split/client_4/mmcif_files/9ovi.cif
9p0c_B,duplicate_sequence,179,0.0000,0.0000,1.7,data/all_pdb_1y/fed_split/client_4/mmcif_files/9p0c.cif
9p0d_A,duplicate_sequence,179,0.0000,0.0000,1.502,data/all_pdb_1y/fed_split/client_4/mmcif_files/9p0d.cif
9p0w_A,duplicate_sequence,260,0.0000,0.0000,1.88,data/all_pdb_1y/fed_split/client_4/mmcif_files/9p0w.cif
9p14_A,duplicate_sequence,207,0.0000,0.0000,1.78,data/all_pdb_1y/fed_split/client_4/mmcif_files/9p14.cif
9p15_A,duplicate_sequence,207,0.0000,0.0000,1.67,data/all_pdb_1y/fed_split/client_4/mmcif_files/9p15.cif
9p19_A,duplicate_sequence,140,0.0000,0.0000,1.93,data/all_pdb_1y/fed_split/client_4/mmcif_files/9p19.cif
9p19_B,duplicate_sequence,140,0.0000,0.0000,1.93,data/all_pdb_1y/fed_split/client_4/mmcif_files/9p19.cif
9p19_C,duplicate_sequence,140,0.0000,0.0000,1.93,data/all_pdb_1y/fed_split/client_4/mmcif_files/9p19.cif
9p19_D,duplicate_sequence,140,0.0000,0.0000,1.93,data/all_pdb_1y/fed_split/client_4/mmcif_files/9p19.cif
9p19_E,duplicate_sequence,140,0.0000,0.0000,1.93,data/all_pdb_1y/fed_split/client_4/mmcif_files/9p19.cif
9p19_F,duplicate_sequence,140,0.0000,0.0000,1.93,data/all_pdb_1y/fed_split/client_4/mmcif_files/9p19.cif
9p1a_A,duplicate_sequence,140,0.0000,0.0000,1.96,data/all_pdb_1y/fed_split/client_4/mmcif_files/9p1a.cif
9p1a_B,duplicate_sequence,140,0.0000,0.0000,1.96,data/all_pdb_1y/fed_split/client_4/mmcif_files/9p1a.cif
9p1a_C,duplicate_sequence,140,0.0000,0.0000,1.96,data/all_pdb_1y/fed_split/client_4/mmcif_files/9p1a.cif
9p1a_D,duplicate_sequence,140,0.0000,0.0000,1.96,data/all_pdb_1y/fed_split/client_4/mmcif_files/9p1a.cif
9p1a_E,duplicate_sequence,140,0.0000,0.0000,1.96,data/all_pdb_1y/fed_split/client_4/mmcif_files/9p1a.cif
9p1a_F,duplicate_sequence,140,0.0000,0.0000,1.96,data/all_pdb_1y/fed_split/client_4/mmcif_files/9p1a.cif
9p44_A,duplicate_sequence,170,0.0000,0.0000,1.7,data/all_pdb_1y/fed_split/client_4/mmcif_files/9p44.cif
9p44_B,duplicate_sequence,170,0.0000,0.0000,1.7,data/all_pdb_1y/fed_split/client_4/mmcif_files/9p44.cif
9p45_A,duplicate_sequence,170,0.0000,0.0000,1.35,data/all_pdb_1y/fed_split/client_4/mmcif_files/9p45.cif
9p6c_B,duplicate_sequence,180,0.0000,0.0000,1.99,data/all_pdb_1y/fed_split/client_4/mmcif_files/9p6c.cif
9pl2_A,duplicate_sequence,146,0.0000,0.0000,1.37,data/all_pdb_1y/fed_split/client_4/mmcif_files/9pl2.cif
9pl2_B,duplicate_sequence,146,0.0000,0.0000,1.37,data/all_pdb_1y/fed_split/client_4/mmcif_files/9pl2.cif
9pn1_C,duplicate_sequence,133,0.0000,0.0000,1.26,data/all_pdb_1y/fed_split/client_4/mmcif_files/9pn1.cif
9pno_B,duplicate_sequence,109,0.0000,0.0000,1.85,data/all_pdb_1y/fed_split/client_4/mmcif_files/9pno.cif
9psv_A,duplicate_sequence,133,0.0000,0.0000,1.51,data/all_pdb_1y/fed_split/client_4/mmcif_files/9psv.cif
9psv_B,duplicate_sequence,133,0.0000,0.0000,1.51,data/all_pdb_1y/fed_split/client_4/mmcif_files/9psv.cif
9psw_A,duplicate_sequence,133,0.0000,0.0000,1.61,data/all_pdb_1y/fed_split/client_4/mmcif_files/9psw.cif
9psy_A,duplicate_sequence,133,0.0000,0.0000,1.62,data/all_pdb_1y/fed_split/client_4/mmcif_files/9psy.cif
9psy_B,duplicate_sequence,133,0.0000,0.0000,1.62,data/all_pdb_1y/fed_split/client_4/mmcif_files/9psy.cif
9pt0_A,duplicate_sequence,133,0.0000,0.0000,1.64,data/all_pdb_1y/fed_split/client_4/mmcif_files/9pt0.cif
9pt1_A,duplicate_sequence,133,0.0000,0.0000,1.48,data/all_pdb_1y/fed_split/client_4/mmcif_files/9pt1.cif
9pt3_A,duplicate_sequence,133,0.0000,0.0000,1.79,data/all_pdb_1y/fed_split/client_4/mmcif_files/9pt3.cif
9pt3_B,duplicate_sequence,133,0.0000,0.0000,1.79,data/all_pdb_1y/fed_split/client_4/mmcif_files/9pt3.cif
9pt3_C,duplicate_sequence,133,0.0000,0.0000,1.79,data/all_pdb_1y/fed_split/client_4/mmcif_files/9pt3.cif
9pt3_D,duplicate_sequence,133,0.0000,0.0000,1.79,data/all_pdb_1y/fed_split/client_4/mmcif_files/9pt3.cif
9ptq_B,duplicate_sequence,76,0.0000,0.0000,1.56,data/all_pdb_1y/fed_split/client_4/mmcif_files/9ptq.cif
9ptq_C,duplicate_sequence,76,0.0000,0.0000,1.56,data/all_pdb_1y/fed_split/client_4/mmcif_files/9ptq.cif
9ptq_D,duplicate_sequence,76,0.0000,0.0000,1.56,data/all_pdb_1y/fed_split/client_4/mmcif_files/9ptq.cif
9ptq_E,duplicate_sequence,76,0.0000,0.0000,1.56,data/all_pdb_1y/fed_split/client_4/mmcif_files/9ptq.cif
9ptq_F,duplicate_sequence,76,0.0000,0.0000,1.56,data/all_pdb_1y/fed_split/client_4/mmcif_files/9ptq.cif
9pyx_A,duplicate_sequence,99,0.0000,0.0000,1.73,data/all_pdb_1y/fed_split/client_4/mmcif_files/9pyx.cif
9pz1_A,duplicate_sequence,99,0.0000,0.0000,1.8,data/all_pdb_1y/fed_split/client_4/mmcif_files/9pz1.cif
9pz1_B,duplicate_sequence,99,0.0000,0.0000,1.8,data/all_pdb_1y/fed_split/client_4/mmcif_files/9pz1.cif
9pzf_B,duplicate_sequence,187,0.0000,0.0000,1.84,data/all_pdb_1y/fed_split/client_4/mmcif_files/9pzf.cif
9q0t_A,duplicate_sequence,99,0.0000,0.0000,1.87,data/all_pdb_1y/fed_split/client_4/mmcif_files/9q0t.cif
9q0t_B,duplicate_sequence,99,0.0000,0.0000,1.87,data/all_pdb_1y/fed_split/client_4/mmcif_files/9q0t.cif
9q13_B,duplicate_sequence,99,0.0000,0.0000,1.72,data/all_pdb_1y/fed_split/client_4/mmcif_files/9q13.cif
9q13_A,duplicate_sequence,99,0.0000,0.0000,1.72,data/all_pdb_1y/fed_split/client_4/mmcif_files/9q13.cif
9q1c_B,duplicate_sequence,99,0.0000,0.0000,1.94,data/all_pdb_1y/fed_split/client_4/mmcif_files/9q1c.cif
9q1c_A,duplicate_sequence,99,0.0000,0.0000,1.94,data/all_pdb_1y/fed_split/client_4/mmcif_files/9q1c.cif
9q1p_B,duplicate_sequence,99,0.0000,0.0000,1.87,data/all_pdb_1y/fed_split/client_4/mmcif_files/9q1p.cif
9q1p_A,duplicate_sequence,99,0.0000,0.0000,1.87,data/all_pdb_1y/fed_split/client_4/mmcif_files/9q1p.cif
9q3p_B,duplicate_sequence,99,0.0000,0.0000,1.9,data/all_pdb_1y/fed_split/client_4/mmcif_files/9q3p.cif
9q3p_A,duplicate_sequence,99,0.0000,0.0000,1.9,data/all_pdb_1y/fed_split/client_4/mmcif_files/9q3p.cif
9q3t_A,duplicate_sequence,99,0.0000,0.0000,1.87,data/all_pdb_1y/fed_split/client_4/mmcif_files/9q3t.cif
9q3t_B,duplicate_sequence,99,0.0000,0.0000,1.87,data/all_pdb_1y/fed_split/client_4/mmcif_files/9q3t.cif
9q5d_B,duplicate_sequence,99,0.0000,0.0000,1.94,data/all_pdb_1y/fed_split/client_4/mmcif_files/9q5d.cif
9q5d_A,duplicate_sequence,99,0.0000,0.0000,1.94,data/all_pdb_1y/fed_split/client_4/mmcif_files/9q5d.cif
9qd3_C,duplicate_sequence,259,0.0000,0.0000,1.7,data/all_pdb_1y/fed_split/client_4/mmcif_files/9qd3.cif
9qd3_B,duplicate_sequence,259,0.0000,0.0000,1.7,data/all_pdb_1y/fed_split/client_4/mmcif_files/9qd3.cif
9qd3_D,duplicate_sequence,259,0.0000,0.0000,1.7,data/all_pdb_1y/fed_split/client_4/mmcif_files/9qd3.cif
9qd9_B,duplicate_sequence,128,0.0000,0.0000,1.74,data/all_pdb_1y/fed_split/client_4/mmcif_files/9qd9.cif
9qd9_A,duplicate_sequence,128,0.0000,0.0000,1.74,data/all_pdb_1y/fed_split/client_4/mmcif_files/9qd9.cif
9qda_B,duplicate_sequence,128,0.0000,0.0000,2.0,data/all_pdb_1y/fed_split/client_4/mmcif_files/9qda.cif
9qda_A,duplicate_sequence,128,0.0000,0.0000,2.0,data/all_pdb_1y/fed_split/client_4/mmcif_files/9qda.cif
9qn0_B,duplicate_sequence,241,0.0000,0.0000,1.9,data/all_pdb_1y/fed_split/client_4/mmcif_files/9qn0.cif
9qn1_B,duplicate_sequence,237,0.0000,0.0000,1.85,data/all_pdb_1y/fed_split/client_4/mmcif_files/9qn1.cif
9qn1_C,duplicate_sequence,237,0.0000,0.0000,1.85,data/all_pdb_1y/fed_split/client_4/mmcif_files/9qn1.cif
9qn1_D,duplicate_sequence,237,0.0000,0.0000,1.85,data/all_pdb_1y/fed_split/client_4/mmcif_files/9qn1.cif
9qn1_E,duplicate_sequence,237,0.0000,0.0000,1.85,data/all_pdb_1y/fed_split/client_4/mmcif_files/9qn1.cif
9qn1_F,duplicate_sequence,237,0.0000,0.0000,1.85,data/all_pdb_1y/fed_split/client_4/mmcif_files/9qn1.cif
9qn2_A,duplicate_sequence,237,0.0000,0.0000,1.9,data/all_pdb_1y/fed_split/client_4/mmcif_files/9qn2.cif
9qn2_B,duplicate_sequence,237,0.0000,0.0000,1.9,data/all_pdb_1y/fed_split/client_4/mmcif_files/9qn2.cif
9qn2_C,duplicate_sequence,237,0.0000,0.0000,1.9,data/all_pdb_1y/fed_split/client_4/mmcif_files/9qn2.cif
9qn2_D,duplicate_sequence,237,0.0000,0.0000,1.9,data/all_pdb_1y/fed_split/client_4/mmcif_files/9qn2.cif
9qn2_E,duplicate_sequence,237,0.0000,0.0000,1.9,data/all_pdb_1y/fed_split/client_4/mmcif_files/9qn2.cif
9qn2_F,duplicate_sequence,237,0.0000,0.0000,1.9,data/all_pdb_1y/fed_split/client_4/mmcif_files/9qn2.cif
9qn3_A,duplicate_sequence,237,0.0000,0.0000,1.9,data/all_pdb_1y/fed_split/client_4/mmcif_files/9qn3.cif
9qn3_B,duplicate_sequence,237,0.0000,0.0000,1.9,data/all_pdb_1y/fed_split/client_4/mmcif_files/9qn3.cif
9qn3_C,duplicate_sequence,237,0.0000,0.0000,1.9,data/all_pdb_1y/fed_split/client_4/mmcif_files/9qn3.cif
9qn3_D,duplicate_sequence,237,0.0000,0.0000,1.9,data/all_pdb_1y/fed_split/client_4/mmcif_files/9qn3.cif
9qn3_E,duplicate_sequence,237,0.0000,0.0000,1.9,data/all_pdb_1y/fed_split/client_4/mmcif_files/9qn3.cif
9qn3_F,duplicate_sequence,237,0.0000,0.0000,1.9,data/all_pdb_1y/fed_split/client_4/mmcif_files/9qn3.cif
9qn4_A,duplicate_sequence,237,0.0000,0.0000,1.85,data/all_pdb_1y/fed_split/client_4/mmcif_files/9qn4.cif
9qn4_B,duplicate_sequence,237,0.0000,0.0000,1.85,data/all_pdb_1y/fed_split/client_4/mmcif_files/9qn4.cif
9qn4_C,duplicate_sequence,237,0.0000,0.0000,1.85,data/all_pdb_1y/fed_split/client_4/mmcif_files/9qn4.cif
9qn4_D,duplicate_sequence,237,0.0000,0.0000,1.85,data/all_pdb_1y/fed_split/client_4/mmcif_files/9qn4.cif
9qn4_E,duplicate_sequence,237,0.0000,0.0000,1.85,data/all_pdb_1y/fed_split/client_4/mmcif_files/9qn4.cif
9qn4_F,duplicate_sequence,237,0.0000,0.0000,1.85,data/all_pdb_1y/fed_split/client_4/mmcif_files/9qn4.cif
9qos_B,duplicate_sequence,288,0.0000,0.0000,1.97,data/all_pdb_1y/fed_split/client_4/mmcif_files/9qos.cif
9qoy_A,duplicate_sequence,288,0.0000,0.0000,1.792,data/all_pdb_1y/fed_split/client_4/mmcif_files/9qoy.cif
9qoy_B,duplicate_sequence,288,0.0000,0.0000,1.792,data/all_pdb_1y/fed_split/client_4/mmcif_files/9qoy.cif
9qpz_A,duplicate_sequence,170,0.0000,0.0000,1.312,data/all_pdb_1y/fed_split/client_4/mmcif_files/9qpz.cif
9qq1_A,duplicate_sequence,170,0.0000,0.0000,1.3,data/all_pdb_1y/fed_split/client_4/mmcif_files/9qq1.cif
9qq3_A,duplicate_sequence,274,0.0000,0.0000,1.6,data/all_pdb_1y/fed_split/client_4/mmcif_files/9qq3.cif
9qq9_A,duplicate_sequence,234,0.0000,0.0000,1.66,data/all_pdb_1y/fed_split/client_4/mmcif_files/9qq9.cif
9qqc_A,duplicate_sequence,207,0.0000,0.0000,1.8,data/all_pdb_1y/fed_split/client_4/mmcif_files/9qqc.cif
9qsm_B,duplicate_sequence,128,0.0000,0.0000,1.75,data/all_pdb_1y/fed_split/client_4/mmcif_files/9qsm.cif
9qsm_C,duplicate_sequence,128,0.0000,0.0000,1.75,data/all_pdb_1y/fed_split/client_4/mmcif_files/9qsm.cif
9qsm_D,duplicate_sequence,128,0.0000,0.0000,1.75,data/all_pdb_1y/fed_split/client_4/mmcif_files/9qsm.cif
9qsm_E,duplicate_sequence,128,0.0000,0.0000,1.75,data/all_pdb_1y/fed_split/client_4/mmcif_files/9qsm.cif
9qsm_F,duplicate_sequence,128,0.0000,0.0000,1.75,data/all_pdb_1y/fed_split/client_4/mmcif_files/9qsm.cif
9qxy_A,duplicate_sequence,206,0.0000,0.0000,1.6,data/all_pdb_1y/fed_split/client_4/mmcif_files/9qxy.cif
9qzg_A,duplicate_sequence,166,0.0000,0.0000,1.9,data/all_pdb_1y/fed_split/client_4/mmcif_files/9qzg.cif
9qzi_A,duplicate_sequence,166,0.0000,0.0000,2.0,data/all_pdb_1y/fed_split/client_4/mmcif_files/9qzi.cif
9r0l_B,duplicate_sequence,263,0.0000,0.0000,1.45,data/all_pdb_1y/fed_split/client_4/mmcif_files/9r0l.cif
9r0l_C,duplicate_sequence,263,0.0000,0.0000,1.45,data/all_pdb_1y/fed_split/client_4/mmcif_files/9r0l.cif
9r0l_D,duplicate_sequence,263,0.0000,0.0000,1.45,data/all_pdb_1y/fed_split/client_4/mmcif_files/9r0l.cif
9r0u_A,duplicate_sequence,263,0.0000,0.0000,1.19,data/all_pdb_1y/fed_split/client_4/mmcif_files/9r0u.cif
9r0u_B,duplicate_sequence,263,0.0000,0.0000,1.19,data/all_pdb_1y/fed_split/client_4/mmcif_files/9r0u.cif
9r0u_C,duplicate_sequence,263,0.0000,0.0000,1.19,data/all_pdb_1y/fed_split/client_4/mmcif_files/9r0u.cif
9r0u_D,duplicate_sequence,263,0.0000,0.0000,1.19,data/all_pdb_1y/fed_split/client_4/mmcif_files/9r0u.cif
9r30_B,duplicate_sequence,256,0.0000,0.0000,2.0,data/all_pdb_1y/fed_split/client_4/mmcif_files/9r30.cif
9r30_C,duplicate_sequence,256,0.0000,0.0000,2.0,data/all_pdb_1y/fed_split/client_4/mmcif_files/9r30.cif
9r30_D,duplicate_sequence,256,0.0000,0.0000,2.0,data/all_pdb_1y/fed_split/client_4/mmcif_files/9r30.cif
9r31_B,duplicate_sequence,265,0.0000,0.0000,1.25,data/all_pdb_1y/fed_split/client_4/mmcif_files/9r31.cif
9r31_C,duplicate_sequence,265,0.0000,0.0000,1.25,data/all_pdb_1y/fed_split/client_4/mmcif_files/9r31.cif
9r31_D,duplicate_sequence,265,0.0000,0.0000,1.25,data/all_pdb_1y/fed_split/client_4/mmcif_files/9r31.cif
9r3p_B,duplicate_sequence,162,0.0000,0.0000,1.6,data/all_pdb_1y/fed_split/client_4/mmcif_files/9r3p.cif
9r4h_A,duplicate_sequence,163,0.0000,0.0000,1.49,data/all_pdb_1y/fed_split/client_4/mmcif_files/9r4h.cif
9r6u_B,duplicate_sequence,214,0.0000,0.0000,1.77,data/all_pdb_1y/fed_split/client_4/mmcif_files/9r6u.cif
9r6w_BBB,duplicate_sequence,138,0.0000,0.0000,1.7,data/all_pdb_1y/fed_split/client_4/mmcif_files/9r6w.cif
9r6w_CCC,duplicate_sequence,138,0.0000,0.0000,1.7,data/all_pdb_1y/fed_split/client_4/mmcif_files/9r6w.cif
9r6w_DDD,duplicate_sequence,138,0.0000,0.0000,1.7,data/all_pdb_1y/fed_split/client_4/mmcif_files/9r6w.cif
9r71_B,duplicate_sequence,214,0.0000,0.0000,1.61,data/all_pdb_1y/fed_split/client_4/mmcif_files/9r71.cif
9r76_B,duplicate_sequence,296,0.0000,0.0000,1.49,data/all_pdb_1y/fed_split/client_4/mmcif_files/9r76.cif
9r79_A,duplicate_sequence,296,0.0000,0.0000,1.8,data/all_pdb_1y/fed_split/client_4/mmcif_files/9r79.cif
9r79_B,duplicate_sequence,296,0.0000,0.0000,1.8,data/all_pdb_1y/fed_split/client_4/mmcif_files/9r79.cif
9r7a_A,duplicate_sequence,296,0.0000,0.0000,1.91,data/all_pdb_1y/fed_split/client_4/mmcif_files/9r7a.cif
9r7a_B,duplicate_sequence,296,0.0000,0.0000,1.91,data/all_pdb_1y/fed_split/client_4/mmcif_files/9r7a.cif
9r7g_B,duplicate_sequence,138,0.0000,0.0000,1.8,data/all_pdb_1y/fed_split/client_4/mmcif_files/9r7g.cif
9r7g_C,duplicate_sequence,138,0.0000,0.0000,1.8,data/all_pdb_1y/fed_split/client_4/mmcif_files/9r7g.cif
9r7g_D,duplicate_sequence,138,0.0000,0.0000,1.8,data/all_pdb_1y/fed_split/client_4/mmcif_files/9r7g.cif
9r8s_B,duplicate_sequence,243,0.0000,0.0000,1.79,data/all_pdb_1y/fed_split/client_4/mmcif_files/9r8s.cif
9r8x_A,duplicate_sequence,256,0.0000,0.0000,2.0,data/all_pdb_1y/fed_split/client_4/mmcif_files/9r8x.cif
9r8x_B,duplicate_sequence,256,0.0000,0.0000,2.0,data/all_pdb_1y/fed_split/client_4/mmcif_files/9r8x.cif
9r8x_C,duplicate_sequence,256,0.0000,0.0000,2.0,data/all_pdb_1y/fed_split/client_4/mmcif_files/9r8x.cif
9r8x_D,duplicate_sequence,256,0.0000,0.0000,2.0,data/all_pdb_1y/fed_split/client_4/mmcif_files/9r8x.cif
9r8y_A,duplicate_sequence,256,0.0000,0.0000,1.95,data/all_pdb_1y/fed_split/client_4/mmcif_files/9r8y.cif
9r8y_B,duplicate_sequence,256,0.0000,0.0000,1.95,data/all_pdb_1y/fed_split/client_4/mmcif_files/9r8y.cif
9r8y_C,duplicate_sequence,256,0.0000,0.0000,1.95,data/all_pdb_1y/fed_split/client_4/mmcif_files/9r8y.cif
9r8y_D,duplicate_sequence,256,0.0000,0.0000,1.95,data/all_pdb_1y/fed_split/client_4/mmcif_files/9r8y.cif
9ray_AAA,duplicate_sequence,260,0.0000,0.0000,1.31,data/all_pdb_1y/fed_split/client_4/mmcif_files/9ray.cif
9rbm_A,duplicate_sequence,256,0.0000,0.0000,1.95,data/all_pdb_1y/fed_split/client_4/mmcif_files/9rbm.cif
9rbm_B,duplicate_sequence,256,0.0000,0.0000,1.95,data/all_pdb_1y/fed_split/client_4/mmcif_files/9rbm.cif
9rbm_C,duplicate_sequence,256,0.0000,0.0000,1.95,data/all_pdb_1y/fed_split/client_4/mmcif_files/9rbm.cif
9rbm_D,duplicate_sequence,256,0.0000,0.0000,1.95,data/all_pdb_1y/fed_split/client_4/mmcif_files/9rbm.cif
9rfl_AAA,duplicate_sequence,260,0.0000,0.0000,1.3,data/all_pdb_1y/fed_split/client_4/mmcif_files/9rfl.cif
9rfo_AAA,duplicate_sequence,260,0.0000,0.0000,1.75,data/all_pdb_1y/fed_split/client_4/mmcif_files/9rfo.cif
9rjg_B,duplicate_sequence,272,0.0000,0.0000,1.711,data/all_pdb_1y/fed_split/client_4/mmcif_files/9rjg.cif
9rjg_C,duplicate_sequence,272,0.0000,0.0000,1.711,data/all_pdb_1y/fed_split/client_4/mmcif_files/9rjg.cif
9rjg_D,duplicate_sequence,272,0.0000,0.0000,1.711,data/all_pdb_1y/fed_split/client_4/mmcif_files/9rjg.cif
9rjg_E,duplicate_sequence,272,0.0000,0.0000,1.711,data/all_pdb_1y/fed_split/client_4/mmcif_files/9rjg.cif
9rjg_F,duplicate_sequence,272,0.0000,0.0000,1.711,data/all_pdb_1y/fed_split/client_4/mmcif_files/9rjg.cif
9rjh_A,duplicate_sequence,272,0.0000,0.0000,1.712,data/all_pdb_1y/fed_split/client_4/mmcif_files/9rjh.cif
9rjh_B,duplicate_sequence,272,0.0000,0.0000,1.712,data/all_pdb_1y/fed_split/client_4/mmcif_files/9rjh.cif
9rjh_C,duplicate_sequence,272,0.0000,0.0000,1.712,data/all_pdb_1y/fed_split/client_4/mmcif_files/9rjh.cif
9rjh_D,duplicate_sequence,272,0.0000,0.0000,1.712,data/all_pdb_1y/fed_split/client_4/mmcif_files/9rjh.cif
9rjh_E,duplicate_sequence,272,0.0000,0.0000,1.712,data/all_pdb_1y/fed_split/client_4/mmcif_files/9rjh.cif
9rjh_F,duplicate_sequence,272,0.0000,0.0000,1.712,data/all_pdb_1y/fed_split/client_4/mmcif_files/9rjh.cif
9rji_A,duplicate_sequence,272,0.0000,0.0000,1.766,data/all_pdb_1y/fed_split/client_4/mmcif_files/9rji.cif
9rji_B,duplicate_sequence,272,0.0000,0.0000,1.766,data/all_pdb_1y/fed_split/client_4/mmcif_files/9rji.cif
9rji_C,duplicate_sequence,272,0.0000,0.0000,1.766,data/all_pdb_1y/fed_split/client_4/mmcif_files/9rji.cif
9rji_D,duplicate_sequence,272,0.0000,0.0000,1.766,data/all_pdb_1y/fed_split/client_4/mmcif_files/9rji.cif
9rji_E,duplicate_sequence,272,0.0000,0.0000,1.766,data/all_pdb_1y/fed_split/client_4/mmcif_files/9rji.cif
9rji_F,duplicate_sequence,272,0.0000,0.0000,1.766,data/all_pdb_1y/fed_split/client_4/mmcif_files/9rji.cif
9rjk_A,duplicate_sequence,272,0.0000,0.0000,1.658,data/all_pdb_1y/fed_split/client_4/mmcif_files/9rjk.cif
9rjk_B,duplicate_sequence,272,0.0000,0.0000,1.658,data/all_pdb_1y/fed_split/client_4/mmcif_files/9rjk.cif
9rjk_C,duplicate_sequence,272,0.0000,0.0000,1.658,data/all_pdb_1y/fed_split/client_4/mmcif_files/9rjk.cif
9rjk_D,duplicate_sequence,272,0.0000,0.0000,1.658,data/all_pdb_1y/fed_split/client_4/mmcif_files/9rjk.cif
9rjl_A,duplicate_sequence,272,0.0000,0.0000,1.699,data/all_pdb_1y/fed_split/client_4/mmcif_files/9rjl.cif
9rjl_B,duplicate_sequence,272,0.0000,0.0000,1.699,data/all_pdb_1y/fed_split/client_4/mmcif_files/9rjl.cif
9rjl_C,duplicate_sequence,272,0.0000,0.0000,1.699,data/all_pdb_1y/fed_split/client_4/mmcif_files/9rjl.cif
9rjl_D,duplicate_sequence,272,0.0000,0.0000,1.699,data/all_pdb_1y/fed_split/client_4/mmcif_files/9rjl.cif
9rjl_E,duplicate_sequence,272,0.0000,0.0000,1.699,data/all_pdb_1y/fed_split/client_4/mmcif_files/9rjl.cif
9rjl_F,duplicate_sequence,272,0.0000,0.0000,1.699,data/all_pdb_1y/fed_split/client_4/mmcif_files/9rjl.cif
9rjm_A,duplicate_sequence,272,0.0000,0.0000,1.986,data/all_pdb_1y/fed_split/client_4/mmcif_files/9rjm.cif
9rjm_B,duplicate_sequence,272,0.0000,0.0000,1.986,data/all_pdb_1y/fed_split/client_4/mmcif_files/9rjm.cif
9rjm_C,duplicate_sequence,272,0.0000,0.0000,1.986,data/all_pdb_1y/fed_split/client_4/mmcif_files/9rjm.cif
9rjm_D,duplicate_sequence,272,0.0000,0.0000,1.986,data/all_pdb_1y/fed_split/client_4/mmcif_files/9rjm.cif
9rjm_E,duplicate_sequence,272,0.0000,0.0000,1.986,data/all_pdb_1y/fed_split/client_4/mmcif_files/9rjm.cif
9rjm_F,duplicate_sequence,272,0.0000,0.0000,1.986,data/all_pdb_1y/fed_split/client_4/mmcif_files/9rjm.cif
9rxf_B,duplicate_sequence,169,0.0000,0.0000,1.4,data/all_pdb_1y/fed_split/client_4/mmcif_files/9rxf.cif
9s3w_B,duplicate_sequence,144,0.0000,0.0000,1.44,data/all_pdb_1y/fed_split/client_4/mmcif_files/9s3w.cif
9s4c_B,duplicate_sequence,144,0.0000,0.0000,1.46,data/all_pdb_1y/fed_split/client_4/mmcif_files/9s4c.cif
9s4o_B,duplicate_sequence,146,0.0000,0.0000,1.55,data/all_pdb_1y/fed_split/client_4/mmcif_files/9s4o.cif
9s4o_C,duplicate_sequence,146,0.0000,0.0000,1.55,data/all_pdb_1y/fed_split/client_4/mmcif_files/9s4o.cif
9s4o_D,duplicate_sequence,146,0.0000,0.0000,1.55,data/all_pdb_1y/fed_split/client_4/mmcif_files/9s4o.cif
9s4o_E,duplicate_sequence,146,0.0000,0.0000,1.55,data/all_pdb_1y/fed_split/client_4/mmcif_files/9s4o.cif
9s4o_F,duplicate_sequence,146,0.0000,0.0000,1.55,data/all_pdb_1y/fed_split/client_4/mmcif_files/9s4o.cif
9s4p_B,duplicate_sequence,145,0.0000,0.0000,1.45,data/all_pdb_1y/fed_split/client_4/mmcif_files/9s4p.cif
9s4p_C,duplicate_sequence,145,0.0000,0.0000,1.45,data/all_pdb_1y/fed_split/client_4/mmcif_files/9s4p.cif
9s4p_D,duplicate_sequence,145,0.0000,0.0000,1.45,data/all_pdb_1y/fed_split/client_4/mmcif_files/9s4p.cif
9s4p_E,duplicate_sequence,145,0.0000,0.0000,1.45,data/all_pdb_1y/fed_split/client_4/mmcif_files/9s4p.cif
9s4p_F,duplicate_sequence,145,0.0000,0.0000,1.45,data/all_pdb_1y/fed_split/client_4/mmcif_files/9s4p.cif
9s4r_B,duplicate_sequence,145,0.0000,0.0000,1.75,data/all_pdb_1y/fed_split/client_4/mmcif_files/9s4r.cif
9s4r_C,duplicate_sequence,145,0.0000,0.0000,1.75,data/all_pdb_1y/fed_split/client_4/mmcif_files/9s4r.cif
9s59_B,duplicate_sequence,145,0.0000,0.0000,1.76,data/all_pdb_1y/fed_split/client_4/mmcif_files/9s59.cif
9s5d_B,duplicate_sequence,145,0.0000,0.0000,1.7,data/all_pdb_1y/fed_split/client_4/mmcif_files/9s5d.cif
9s5d_C,duplicate_sequence,145,0.0000,0.0000,1.7,data/all_pdb_1y/fed_split/client_4/mmcif_files/9s5d.cif
9s5x_B,duplicate_sequence,281,0.0000,0.0000,1.34,data/all_pdb_1y/fed_split/client_4/mmcif_files/9s5x.cif
9s66_A,duplicate_sequence,144,0.0000,0.0000,1.83,data/all_pdb_1y/fed_split/client_4/mmcif_files/9s66.cif
9s66_B,duplicate_sequence,144,0.0000,0.0000,1.83,data/all_pdb_1y/fed_split/client_4/mmcif_files/9s66.cif
9s66_C,duplicate_sequence,144,0.0000,0.0000,1.83,data/all_pdb_1y/fed_split/client_4/mmcif_files/9s66.cif
9s66_D,duplicate_sequence,144,0.0000,0.0000,1.83,data/all_pdb_1y/fed_split/client_4/mmcif_files/9s66.cif
9s66_E,duplicate_sequence,144,0.0000,0.0000,1.83,data/all_pdb_1y/fed_split/client_4/mmcif_files/9s66.cif
9s66_F,duplicate_sequence,144,0.0000,0.0000,1.83,data/all_pdb_1y/fed_split/client_4/mmcif_files/9s66.cif
9sng_B,duplicate_sequence,148,0.0000,0.0000,1.74,data/all_pdb_1y/fed_split/client_4/mmcif_files/9sng.cif
9sop_B,duplicate_sequence,180,0.0000,0.0000,1.95,data/all_pdb_1y/fed_split/client_4/mmcif_files/9sop.cif
9srj_A,duplicate_sequence,163,0.0000,0.0000,1.42,data/all_pdb_1y/fed_split/client_4/mmcif_files/9srj.cif
9srj_B,duplicate_sequence,163,0.0000,0.0000,1.42,data/all_pdb_1y/fed_split/client_4/mmcif_files/9srj.cif
9t2e_B,duplicate_sequence,135,0.0000,0.0000,1.71,data/all_pdb_1y/fed_split/client_4/mmcif_files/9t2e.cif
9t9f_A,duplicate_sequence,174,0.0000,0.0000,1.35,data/all_pdb_1y/fed_split/client_4/mmcif_files/9t9f.cif
9t9g_A,duplicate_sequence,174,0.0000,0.0000,1.7,data/all_pdb_1y/fed_split/client_4/mmcif_files/9t9g.cif
9t9h_A,duplicate_sequence,174,0.0000,0.0000,1.45,data/all_pdb_1y/fed_split/client_4/mmcif_files/9t9h.cif
9t9i_A,duplicate_sequence,174,0.0000,0.0000,1.55,data/all_pdb_1y/fed_split/client_4/mmcif_files/9t9i.cif
9taq_B,duplicate_sequence,126,0.0000,0.0000,1.4,data/all_pdb_1y/fed_split/client_4/mmcif_files/9taq.cif
9taq_C,duplicate_sequence,126,0.0000,0.0000,1.4,data/all_pdb_1y/fed_split/client_4/mmcif_files/9taq.cif
9taq_D,duplicate_sequence,126,0.0000,0.0000,1.4,data/all_pdb_1y/fed_split/client_4/mmcif_files/9taq.cif
9tar_A,duplicate_sequence,126,0.0000,0.0000,1.5,data/all_pdb_1y/fed_split/client_4/mmcif_files/9tar.cif
9tar_B,duplicate_sequence,126,0.0000,0.0000,1.5,data/all_pdb_1y/fed_split/client_4/mmcif_files/9tar.cif
9tat_A,duplicate_sequence,126,0.0000,0.0000,1.15,data/all_pdb_1y/fed_split/client_4/mmcif_files/9tat.cif
9tat_B,duplicate_sequence,126,0.0000,0.0000,1.15,data/all_pdb_1y/fed_split/client_4/mmcif_files/9tat.cif
9tav_B,duplicate_sequence,126,0.0000,0.0000,1.55,data/all_pdb_1y/fed_split/client_4/mmcif_files/9tav.cif
9tbm_B,duplicate_sequence,189,0.0000,0.0000,1.6,data/all_pdb_1y/fed_split/client_4/mmcif_files/9tbm.cif
9tbm_C,duplicate_sequence,189,0.0000,0.0000,1.6,data/all_pdb_1y/fed_split/client_4/mmcif_files/9tbm.cif
9tbw_A,duplicate_sequence,189,0.0000,0.0000,1.54,data/all_pdb_1y/fed_split/client_4/mmcif_files/9tbw.cif
9tc0_A,duplicate_sequence,189,0.0000,0.0000,1.6,data/all_pdb_1y/fed_split/client_4/mmcif_files/9tc0.cif
9tc2_A,duplicate_sequence,189,0.0000,0.0000,1.3,data/all_pdb_1y/fed_split/client_4/mmcif_files/9tc2.cif
9tc5_A,duplicate_sequence,189,0.0000,0.0000,1.35,data/all_pdb_1y/fed_split/client_4/mmcif_files/9tc5.cif
9tc6_A,duplicate_sequence,187,0.0000,0.0000,1.63,data/all_pdb_1y/fed_split/client_4/mmcif_files/9tc6.cif
9tnf_B,duplicate_sequence,104,0.0000,0.0000,1.45,data/all_pdb_1y/fed_split/client_4/mmcif_files/9tnf.cif
9tye_A,duplicate_sequence,260,0.0000,0.0000,1.65,data/all_pdb_1y/fed_split/client_4/mmcif_files/9tye.cif
9u01_A,duplicate_sequence,223,0.0000,0.0000,1.25,data/all_pdb_1y/fed_split/client_4/mmcif_files/9u01.cif
9u50_B,duplicate_sequence,175,0.0000,0.0000,1.87,data/all_pdb_1y/fed_split/client_4/mmcif_files/9u50.cif
9u50_C,duplicate_sequence,175,0.0000,0.0000,1.87,data/all_pdb_1y/fed_split/client_4/mmcif_files/9u50.cif
9u5b_A,duplicate_sequence,266,0.0000,0.0000,1.25,data/all_pdb_1y/fed_split/client_4/mmcif_files/9u5b.cif
9u5h_A,duplicate_sequence,275,0.0000,0.0000,1.67,data/all_pdb_1y/fed_split/client_4/mmcif_files/9u5h.cif
9u5i_A,duplicate_sequence,275,0.0000,0.0000,1.64,data/all_pdb_1y/fed_split/client_4/mmcif_files/9u5i.cif
9u76_A,duplicate_sequence,275,0.0000,0.0000,1.77,data/all_pdb_1y/fed_split/client_4/mmcif_files/9u76.cif
9u79_A,duplicate_sequence,275,0.0000,0.0000,1.19,data/all_pdb_1y/fed_split/client_4/mmcif_files/9u79.cif
9u8v_A,duplicate_sequence,189,0.0000,0.0000,1.57,data/all_pdb_1y/fed_split/client_4/mmcif_files/9u8v.cif
9u8w_B,duplicate_sequence,189,0.0000,0.0000,1.5,data/all_pdb_1y/fed_split/client_4/mmcif_files/9u8w.cif
9u8x_A,duplicate_sequence,189,0.0000,0.0000,1.65,data/all_pdb_1y/fed_split/client_4/mmcif_files/9u8x.cif
9u8z_A,duplicate_sequence,189,0.0000,0.0000,1.2,data/all_pdb_1y/fed_split/client_4/mmcif_files/9u8z.cif
9u95_A,duplicate_sequence,189,0.0000,0.0000,1.75,data/all_pdb_1y/fed_split/client_4/mmcif_files/9u95.cif
9u95_B,duplicate_sequence,189,0.0000,0.0000,1.75,data/all_pdb_1y/fed_split/client_4/mmcif_files/9u95.cif
9u97_A,duplicate_sequence,189,0.0000,0.0000,1.79,data/all_pdb_1y/fed_split/client_4/mmcif_files/9u97.cif
9uc5_B,duplicate_sequence,99,0.0000,0.0000,1.8,data/all_pdb_1y/fed_split/client_4/mmcif_files/9uc5.cif
9udo_A,duplicate_sequence,245,0.0000,0.0000,1.88,data/all_pdb_1y/fed_split/client_4/mmcif_files/9udo.cif
9udr_A,duplicate_sequence,245,0.0000,0.0000,1.34,data/all_pdb_1y/fed_split/client_4/mmcif_files/9udr.cif
9uds_B,duplicate_sequence,247,0.0000,0.0000,1.99,data/all_pdb_1y/fed_split/client_4/mmcif_files/9uds.cif
9uds_C,duplicate_sequence,247,0.0000,0.0000,1.99,data/all_pdb_1y/fed_split/client_4/mmcif_files/9uds.cif
9uds_D,duplicate_sequence,247,0.0000,0.0000,1.99,data/all_pdb_1y/fed_split/client_4/mmcif_files/9uds.cif
9udt_A,duplicate_sequence,247,0.0000,0.0000,1.08,data/all_pdb_1y/fed_split/client_4/mmcif_files/9udt.cif
9uu1_A,x_ratio_too_high,112,0.0982,0.0982,2.0,data/all_pdb_1y/fed_split/client_4/mmcif_files/9uu1.cif
9uuv_B,duplicate_sequence,172,0.0000,0.0000,1.87,data/all_pdb_1y/fed_split/client_4/mmcif_files/9uuv.cif
9v90_B,duplicate_sequence,163,0.0000,0.0000,1.4,data/all_pdb_1y/fed_split/client_4/mmcif_files/9v90.cif
9v9a_B,duplicate_sequence,118,0.0000,0.0000,1.75,data/all_pdb_1y/fed_split/client_4/mmcif_files/9v9a.cif
9va9_B,duplicate_sequence,166,0.0000,0.0000,1.81,data/all_pdb_1y/fed_split/client_4/mmcif_files/9va9.cif
9vaf_A,duplicate_sequence,166,0.0000,0.0000,1.85,data/all_pdb_1y/fed_split/client_4/mmcif_files/9vaf.cif
9vaf_B,duplicate_sequence,166,0.0000,0.0000,1.85,data/all_pdb_1y/fed_split/client_4/mmcif_files/9vaf.cif
9vai_A,duplicate_sequence,166,0.0000,0.0000,1.86,data/all_pdb_1y/fed_split/client_4/mmcif_files/9vai.cif
9vai_B,duplicate_sequence,166,0.0000,0.0000,1.86,data/all_pdb_1y/fed_split/client_4/mmcif_files/9vai.cif
9vbb_A,duplicate_sequence,166,0.0000,0.0000,1.9,data/all_pdb_1y/fed_split/client_4/mmcif_files/9vbb.cif
9vbb_B,duplicate_sequence,166,0.0000,0.0000,1.9,data/all_pdb_1y/fed_split/client_4/mmcif_files/9vbb.cif
9vng_A,duplicate_sequence,182,0.0000,0.0000,1.43,data/all_pdb_1y/fed_split/client_4/mmcif_files/9vng.cif
9vni_A,duplicate_sequence,182,0.0000,0.0000,1.83,data/all_pdb_1y/fed_split/client_4/mmcif_files/9vni.cif
9vta_B,duplicate_sequence,283,0.0000,0.0000,1.57,data/all_pdb_1y/fed_split/client_4/mmcif_files/9vta.cif
9vtb_B,duplicate_sequence,283,0.0000,0.0000,1.52,data/all_pdb_1y/fed_split/client_4/mmcif_files/9vtb.cif
9vtv_A,duplicate_sequence,262,0.0000,0.0000,1.9,data/all_pdb_1y/fed_split/client_4/mmcif_files/9vtv.cif
9vtv_B,duplicate_sequence,262,0.0000,0.0000,1.9,data/all_pdb_1y/fed_split/client_4/mmcif_files/9vtv.cif
9w11_B,duplicate_sequence,263,0.0000,0.0000,1.83,data/all_pdb_1y/fed_split/client_4/mmcif_files/9w11.cif
9w12_A,duplicate_sequence,263,0.0000,0.0000,1.75,data/all_pdb_1y/fed_split/client_4/mmcif_files/9w12.cif
9w12_B,duplicate_sequence,263,0.0000,0.0000,1.75,data/all_pdb_1y/fed_split/client_4/mmcif_files/9w12.cif
9wfi_B,duplicate_sequence,250,0.0000,0.0000,1.75,data/all_pdb_1y/fed_split/client_4/mmcif_files/9wfi.cif
9wx3_A,duplicate_sequence,197,0.0000,0.0000,1.8,data/all_pdb_1y/fed_split/client_4/mmcif_files/9wx3.cif
9x56_A,duplicate_sequence,141,0.0000,0.0000,1.7,data/all_pdb_1y/fed_split/client_4/mmcif_files/9x56.cif
9x59_A,duplicate_sequence,141,0.0000,0.0000,1.65,data/all_pdb_1y/fed_split/client_4/mmcif_files/9x59.cif
9x6i_B,duplicate_sequence,255,0.0000,0.0000,1.9,data/all_pdb_1y/fed_split/client_4/mmcif_files/9x6i.cif
9x6i_C,duplicate_sequence,255,0.0000,0.0000,1.9,data/all_pdb_1y/fed_split/client_4/mmcif_files/9x6i.cif
9x6i_D,duplicate_sequence,255,0.0000,0.0000,1.9,data/all_pdb_1y/fed_split/client_4/mmcif_files/9x6i.cif
9x6i_E,duplicate_sequence,255,0.0000,0.0000,1.9,data/all_pdb_1y/fed_split/client_4/mmcif_files/9x6i.cif
9x6i_F,duplicate_sequence,255,0.0000,0.0000,1.9,data/all_pdb_1y/fed_split/client_4/mmcif_files/9x6i.cif
9x6i_G,duplicate_sequence,255,0.0000,0.0000,1.9,data/all_pdb_1y/fed_split/client_4/mmcif_files/9x6i.cif
9x6i_H,duplicate_sequence,255,0.0000,0.0000,1.9,data/all_pdb_1y/fed_split/client_4/mmcif_files/9x6i.cif
9x6i_I,duplicate_sequence,255,0.0000,0.0000,1.9,data/all_pdb_1y/fed_split/client_4/mmcif_files/9x6i.cif
9x6i_J,duplicate_sequence,255,0.0000,0.0000,1.9,data/all_pdb_1y/fed_split/client_4/mmcif_files/9x6i.cif
9x6i_K,duplicate_sequence,255,0.0000,0.0000,1.9,data/all_pdb_1y/fed_split/client_4/mmcif_files/9x6i.cif
9x6i_L,duplicate_sequence,255,0.0000,0.0000,1.9,data/all_pdb_1y/fed_split/client_4/mmcif_files/9x6i.cif
9xhn_B,duplicate_sequence,212,0.0000,0.0000,1.83,data/all_pdb_1y/fed_split/client_4/mmcif_files/9xhn.cif
9xhn_C,duplicate_sequence,212,0.0000,0.0000,1.83,data/all_pdb_1y/fed_split/client_4/mmcif_files/9xhn.cif
9xhn_D,duplicate_sequence,212,0.0000,0.0000,1.83,data/all_pdb_1y/fed_split/client_4/mmcif_files/9xhn.cif
9y0g_B,duplicate_sequence,171,0.0000,0.0000,1.8,data/all_pdb_1y/fed_split/client_4/mmcif_files/9y0g.cif
9y1w_A,duplicate_sequence,171,0.0000,0.0000,1.95,data/all_pdb_1y/fed_split/client_4/mmcif_files/9y1w.cif
9y1w_B,duplicate_sequence,171,0.0000,0.0000,1.95,data/all_pdb_1y/fed_split/client_4/mmcif_files/9y1w.cif
9y1x_A,duplicate_sequence,171,0.0000,0.0000,1.72,data/all_pdb_1y/fed_split/client_4/mmcif_files/9y1x.cif
9y1x_B,duplicate_sequence,171,0.0000,0.0000,1.72,data/all_pdb_1y/fed_split/client_4/mmcif_files/9y1x.cif
9y1y_A,duplicate_sequence,171,0.0000,0.0000,1.7,data/all_pdb_1y/fed_split/client_4/mmcif_files/9y1y.cif
9y1y_B,duplicate_sequence,171,0.0000,0.0000,1.7,data/all_pdb_1y/fed_split/client_4/mmcif_files/9y1y.cif
9y1z_A,duplicate_sequence,171,0.0000,0.0000,1.92,data/all_pdb_1y/fed_split/client_4/mmcif_files/9y1z.cif
9y1z_B,duplicate_sequence,171,0.0000,0.0000,1.92,data/all_pdb_1y/fed_split/client_4/mmcif_files/9y1z.cif
9y3w_A,duplicate_sequence,171,0.0000,0.0000,1.56,data/all_pdb_1y/fed_split/client_4/mmcif_files/9y3w.cif
9y3w_B,duplicate_sequence,171,0.0000,0.0000,1.56,data/all_pdb_1y/fed_split/client_4/mmcif_files/9y3w.cif
9yaa_A,duplicate_sequence,146,0.0000,0.0000,1.36,data/all_pdb_1y/fed_split/client_4/mmcif_files/9yaa.cif
9yfr_A,duplicate_sequence,193,0.0000,0.0000,0.92,data/all_pdb_1y/fed_split/client_4/mmcif_files/9yfr.cif
9yfs_A,duplicate_sequence,199,0.0000,0.0000,0.94,data/all_pdb_1y/fed_split/client_4/mmcif_files/9yfs.cif
9ygw_A,duplicate_sequence,200,0.0000,0.0000,0.88,data/all_pdb_1y/fed_split/client_4/mmcif_files/9ygw.cif
9ykf_B,duplicate_sequence,200,0.0000,0.0000,0.98,data/all_pdb_1y/fed_split/client_4/mmcif_files/9ykf.cif
9ykp_B,duplicate_sequence,99,0.0000,0.0000,1.96,data/all_pdb_1y/fed_split/client_4/mmcif_files/9ykp.cif
9ykp_A,duplicate_sequence,99,0.0000,0.0000,1.96,data/all_pdb_1y/fed_split/client_4/mmcif_files/9ykp.cif
9yra_B,duplicate_sequence,99,0.0000,0.0000,1.91,data/all_pdb_1y/fed_split/client_4/mmcif_files/9yra.cif
9yra_A,duplicate_sequence,99,0.0000,0.0000,1.91,data/all_pdb_1y/fed_split/client_4/mmcif_files/9yra.cif
9yrr_B,duplicate_sequence,99,0.0000,0.0000,1.89,data/all_pdb_1y/fed_split/client_4/mmcif_files/9yrr.cif
9yrr_A,duplicate_sequence,99,0.0000,0.0000,1.89,data/all_pdb_1y/fed_split/client_4/mmcif_files/9yrr.cif
9yry_B,duplicate_sequence,99,0.0000,0.0000,1.95,data/all_pdb_1y/fed_split/client_4/mmcif_files/9yry.cif
9yry_A,duplicate_sequence,99,0.0000,0.0000,1.95,data/all_pdb_1y/fed_split/client_4/mmcif_files/9yry.cif
9yzv_A,duplicate_sequence,193,0.0000,0.0000,1.63,data/all_pdb_1y/fed_split/client_4/mmcif_files/9yzv.cif
9yzw_A,duplicate_sequence,199,0.0000,0.0000,1.65,data/all_pdb_1y/fed_split/client_4/mmcif_files/9yzw.cif
9yzw_B,duplicate_sequence,199,0.0000,0.0000,1.65,data/all_pdb_1y/fed_split/client_4/mmcif_files/9yzw.cif
9z73_B,duplicate_sequence,185,0.0000,0.0000,1.84,data/all_pdb_1y/fed_split/client_4/mmcif_files/9z73.cif
9z73_C,duplicate_sequence,185,0.0000,0.0000,1.84,data/all_pdb_1y/fed_split/client_4/mmcif_files/9z73.cif
9z73_D,duplicate_sequence,185,0.0000,0.0000,1.84,data/all_pdb_1y/fed_split/client_4/mmcif_files/9z73.cif
9z73_E,duplicate_sequence,185,0.0000,0.0000,1.84,data/all_pdb_1y/fed_split/client_4/mmcif_files/9z73.cif
9zmy_B,duplicate_sequence,116,0.0000,0.0000,1.619,data/all_pdb_1y/fed_split/client_4/mmcif_files/9zmy.cif
9zop_A,duplicate_sequence,273,0.0000,0.0000,1.9,data/all_pdb_1y/fed_split/client_4/mmcif_files/9zop.cif
9zoq_A,duplicate_sequence,273,0.0000,0.0000,1.65,data/all_pdb_1y/fed_split/client_4/mmcif_files/9zoq.cif
9zor_A,duplicate_sequence,273,0.0000,0.0000,1.65,data/all_pdb_1y/fed_split/client_4/mmcif_files/9zor.cif
9zos_A,duplicate_sequence,274,0.0000,0.0000,1.6,data/all_pdb_1y/fed_split/client_4/mmcif_files/9zos.cif
9zot_A,duplicate_sequence,274,0.0000,0.0000,1.75,data/all_pdb_1y/fed_split/client_4/mmcif_files/9zot.cif
9zou_A,duplicate_sequence,274,0.0000,0.0000,1.5,data/all_pdb_1y/fed_split/client_4/mmcif_files/9zou.cif
9zov_A,duplicate_sequence,273,0.0000,0.0000,1.5,data/all_pdb_1y/fed_split/client_4/mmcif_files/9zov.cif
9zow_A,duplicate_sequence,273,0.0000,0.0000,1.7,data/all_pdb_1y/fed_split/client_4/mmcif_files/9zow.cif
9zpa_B,duplicate_sequence,171,0.0000,0.0000,1.68,data/all_pdb_1y/fed_split/client_4/mmcif_files/9zpa.cif
9zpe_A,duplicate_sequence,171,0.0000,0.0000,1.91,data/all_pdb_1y/fed_split/client_4/mmcif_files/9zpe.cif
9zpe_B,duplicate_sequence,171,0.0000,0.0000,1.91,data/all_pdb_1y/fed_split/client_4/mmcif_files/9zpe.cif
