label,reason,length,x_ratio,noncanonical_ratio,resolution,source_file
10ia_A,duplicate_sequence,297,0.0000,0.0000,1.739,data/all_pdb_1y/fed_split/client_0/mmcif_files/10ia.cif
10xe_B,duplicate_sequence,91,0.0000,0.0000,0.96,data/all_pdb_1y/fed_split/client_0/mmcif_files/10xe.cif
10xl_A,duplicate_sequence,89,0.0000,0.0000,1.65,data/all_pdb_1y/fed_split/client_0/mmcif_files/10xl.cif
10xp_A,duplicate_sequence,93,0.0000,0.0000,2.0,data/all_pdb_1y/fed_split/client_0/mmcif_files/10xp.cif
10xp_B,duplicate_sequence,93,0.0000,0.0000,2.0,data/all_pdb_1y/fed_split/client_0/mmcif_files/10xp.cif
11if_A,duplicate_sequence,189,0.0000,0.0000,1.51,data/all_pdb_1y/fed_split/client_0/mmcif_files/11if.cif
12td_B,duplicate_sequence,146,0.0000,0.0000,1.99,data/all_pdb_1y/fed_split/client_0/mmcif_files/12td.cif
12xx_A,duplicate_sequence,146,0.0000,0.0000,1.66,data/all_pdb_1y/fed_split/client_0/mmcif_files/12xx.cif
12xx_B,duplicate_sequence,146,0.0000,0.0000,1.66,data/all_pdb_1y/fed_split/client_0/mmcif_files/12xx.cif
13jg_A,duplicate_sequence,219,0.0000,0.0000,1.52,data/all_pdb_1y/fed_split/client_0/mmcif_files/13jg.cif
21ej_B,duplicate_sequence,118,0.0000,0.0000,1.035,data/all_pdb_1y/fed_split/client_0/mmcif_files/21ej.cif
21el_A,duplicate_sequence,118,0.0000,0.0000,1.253,data/all_pdb_1y/fed_split/client_0/mmcif_files/21el.cif
21el_B,duplicate_sequence,118,0.0000,0.0000,1.253,data/all_pdb_1y/fed_split/client_0/mmcif_files/21el.cif
21em_B,duplicate_sequence,118,0.0000,0.0000,1.595,data/all_pdb_1y/fed_split/client_0/mmcif_files/21em.cif
21jm_A,duplicate_sequence,266,0.0000,0.0000,1.35,data/all_pdb_1y/fed_split/client_0/mmcif_files/21jm.cif
23es_B,duplicate_sequence,286,0.0000,0.0000,1.74,data/all_pdb_1y/fed_split/client_0/mmcif_files/23es.cif
23fw_A,duplicate_sequence,286,0.0000,0.0000,1.59,data/all_pdb_1y/fed_split/client_0/mmcif_files/23fw.cif
23fw_B,duplicate_sequence,286,0.0000,0.0000,1.59,data/all_pdb_1y/fed_split/client_0/mmcif_files/23fw.cif
25yr_A,duplicate_sequence,216,0.0000,0.0000,1.65,data/all_pdb_1y/fed_split/client_0/mmcif_files/25yr.cif
26ui_B,duplicate_sequence,111,0.0000,0.0000,1.85,data/all_pdb_1y/fed_split/client_0/mmcif_files/26ui.cif
28pb_B,duplicate_sequence,278,0.0000,0.0000,1.91,data/all_pdb_1y/fed_split/client_0/mmcif_files/28pb.cif
28vw_A,duplicate_sequence,141,0.0000,0.0000,1.09,data/all_pdb_1y/fed_split/client_0/mmcif_files/28vw.cif
29jc_B,duplicate_sequence,144,0.0000,0.0000,1.801,data/all_pdb_1y/fed_split/client_0/mmcif_files/29jc.cif
29lw_B,duplicate_sequence,142,0.0000,0.0000,1.54,data/all_pdb_1y/fed_split/client_0/mmcif_files/29lw.cif
29lx_A,duplicate_sequence,142,0.0000,0.0000,1.57,data/all_pdb_1y/fed_split/client_0/mmcif_files/29lx.cif
29lx_B,duplicate_sequence,142,0.0000,0.0000,1.57,data/all_pdb_1y/fed_split/client_0/mmcif_files/29lx.cif
7huf_A,duplicate_sequence,144,0.0000,0.0000,1.55,data/all_pdb_1y/fed_split/client_0/mmcif_files/7huf.cif
7hug_A,duplicate_sequence,144,0.0000,0.0000,1.64,data/all_pdb_1y/fed_split/client_0/mmcif_files/7hug.cif
7huh_A,duplicate_sequence,144,0.0000,0.0000,1.516,data/all_pdb_1y/fed_split/client_0/mmcif_files/7huh.cif
7huh_C,duplicate_sequence,144,0.0000,0.0000,1.516,data/all_pdb_1y/fed_split/client_0/mmcif_files/7huh.cif
7hui_A,duplicate_sequence,144,0.0000,0.0000,1.575,data/all_pdb_1y/fed_split/client_0/mmcif_files/7hui.cif
7hui_C,duplicate_sequence,144,0.0000,0.0000,1.575,data/all_pdb_1y/fed_split/client_0/mmcif_files/7hui.cif
7huj_A,duplicate_sequence,144,0.0000,0.0000,1.559,data/all_pdb_1y/fed_split/client_0/mmcif_files/7huj.cif
7huj_C,duplicate_sequence,144,0.0000,0.0000,1.559,data/all_pdb_1y/fed_split/client_0/mmcif_files/7huj.cif
7huk_A,duplicate_sequence,144,0.0000,0.0000,1.149,data/all_pdb_1y/fed_split/client_0/mmcif_files/7huk.cif
7huk_C,duplicate_sequence,144,0.0000,0.0000,1.149,data/all_pdb_1y/fed_split/client_0/mmcif_files/7huk.cif
7hul_A,duplicate_sequence,144,0.0000,0.0000,1.26,data/all_pdb_1y/fed_split/client_0/mmcif_files/7hul.cif
7huo_A,duplicate_sequence,144,0.0000,0.0000,1.536,data/all_pdb_1y/fed_split/client_0/mmcif_files/7huo.cif
7hup_A,duplicate_sequence,144,0.0000,0.0000,1.769,data/all_pdb_1y/fed_split/client_0/mmcif_files/7hup.cif
7huq_A,duplicate_sequence,144,0.0000,0.0000,1.588,data/all_pdb_1y/fed_split/client_0/mmcif_files/7huq.cif
7hus_A,duplicate_sequence,144,0.0000,0.0000,1.687,data/all_pdb_1y/fed_split/client_0/mmcif_files/7hus.cif
7hut_A,duplicate_sequence,144,0.0000,0.0000,1.47,data/all_pdb_1y/fed_split/client_0/mmcif_files/7hut.cif
7hut_C,duplicate_sequence,144,0.0000,0.0000,1.47,data/all_pdb_1y/fed_split/client_0/mmcif_files/7hut.cif
7huu_A,duplicate_sequence,144,0.0000,0.0000,1.672,data/all_pdb_1y/fed_split/client_0/mmcif_files/7huu.cif
7huv_A,duplicate_sequence,144,0.0000,0.0000,1.528,data/all_pdb_1y/fed_split/client_0/mmcif_files/7huv.cif
7huw_A,duplicate_sequence,144,0.0000,0.0000,1.64,data/all_pdb_1y/fed_split/client_0/mmcif_files/7huw.cif
7hux_A,duplicate_sequence,144,0.0000,0.0000,1.891,data/all_pdb_1y/fed_split/client_0/mmcif_files/7hux.cif
7huy_A,duplicate_sequence,144,0.0000,0.0000,1.79,data/all_pdb_1y/fed_split/client_0/mmcif_files/7huy.cif
7huz_A,duplicate_sequence,144,0.0000,0.0000,1.442,data/all_pdb_1y/fed_split/client_0/mmcif_files/7huz.cif
7hv0_A,duplicate_sequence,144,0.0000,0.0000,1.42,data/all_pdb_1y/fed_split/client_0/mmcif_files/7hv0.cif
7hv0_C,duplicate_sequence,144,0.0000,0.0000,1.42,data/all_pdb_1y/fed_split/client_0/mmcif_files/7hv0.cif
7hv1_A,duplicate_sequence,144,0.0000,0.0000,1.182,data/all_pdb_1y/fed_split/client_0/mmcif_files/7hv1.cif
7hv2_A,duplicate_sequence,144,0.0000,0.0000,1.374,data/all_pdb_1y/fed_split/client_0/mmcif_files/7hv2.cif
7hv3_A,duplicate_sequence,144,0.0000,0.0000,1.907,data/all_pdb_1y/fed_split/client_0/mmcif_files/7hv3.cif
7hv4_A,duplicate_sequence,144,0.0000,0.0000,1.44,data/all_pdb_1y/fed_split/client_0/mmcif_files/7hv4.cif
7hv5_A,duplicate_sequence,144,0.0000,0.0000,1.419,data/all_pdb_1y/fed_split/client_0/mmcif_files/7hv5.cif
7hv5_C,duplicate_sequence,144,0.0000,0.0000,1.419,data/all_pdb_1y/fed_split/client_0/mmcif_files/7hv5.cif
7hv6_A,duplicate_sequence,144,0.0000,0.0000,1.368,data/all_pdb_1y/fed_split/client_0/mmcif_files/7hv6.cif
7hv7_A,duplicate_sequence,144,0.0000,0.0000,1.29,data/all_pdb_1y/fed_split/client_0/mmcif_files/7hv7.cif
7hv7_C,duplicate_sequence,144,0.0000,0.0000,1.29,data/all_pdb_1y/fed_split/client_0/mmcif_files/7hv7.cif
7hv8_A,duplicate_sequence,144,0.0000,0.0000,1.415,data/all_pdb_1y/fed_split/client_0/mmcif_files/7hv8.cif
7hv9_A,duplicate_sequence,144,0.0000,0.0000,1.54,data/all_pdb_1y/fed_split/client_0/mmcif_files/7hv9.cif
7hva_A,duplicate_sequence,144,0.0000,0.0000,1.19,data/all_pdb_1y/fed_split/client_0/mmcif_files/7hva.cif
7hva_C,duplicate_sequence,144,0.0000,0.0000,1.19,data/all_pdb_1y/fed_split/client_0/mmcif_files/7hva.cif
7hvb_A,duplicate_sequence,144,0.0000,0.0000,1.461,data/all_pdb_1y/fed_split/client_0/mmcif_files/7hvb.cif
7hvc_A,duplicate_sequence,144,0.0000,0.0000,1.355,data/all_pdb_1y/fed_split/client_0/mmcif_files/7hvc.cif
7hvd_A,duplicate_sequence,144,0.0000,0.0000,1.523,data/all_pdb_1y/fed_split/client_0/mmcif_files/7hvd.cif
7hve_A,duplicate_sequence,144,0.0000,0.0000,1.617,data/all_pdb_1y/fed_split/client_0/mmcif_files/7hve.cif
7hvf_A,duplicate_sequence,144,0.0000,0.0000,1.489,data/all_pdb_1y/fed_split/client_0/mmcif_files/7hvf.cif
7hvf_C,duplicate_sequence,144,0.0000,0.0000,1.489,data/all_pdb_1y/fed_split/client_0/mmcif_files/7hvf.cif
7hvg_A,duplicate_sequence,144,0.0000,0.0000,1.988,data/all_pdb_1y/fed_split/client_0/mmcif_files/7hvg.cif
7hvh_A,duplicate_sequence,144,0.0000,0.0000,1.608,data/all_pdb_1y/fed_split/client_0/mmcif_files/7hvh.cif
7hvi_A,duplicate_sequence,144,0.0000,0.0000,1.855,data/all_pdb_1y/fed_split/client_0/mmcif_files/7hvi.cif
7hvj_A,duplicate_sequence,144,0.0000,0.0000,1.339,data/all_pdb_1y/fed_split/client_0/mmcif_files/7hvj.cif
7hvk_A,duplicate_sequence,144,0.0000,0.0000,1.734,data/all_pdb_1y/fed_split/client_0/mmcif_files/7hvk.cif
7hvl_A,duplicate_sequence,144,0.0000,0.0000,1.396,data/all_pdb_1y/fed_split/client_0/mmcif_files/7hvl.cif
7hvl_C,duplicate_sequence,144,0.0000,0.0000,1.396,data/all_pdb_1y/fed_split/client_0/mmcif_files/7hvl.cif
7hvm_A,duplicate_sequence,144,0.0000,0.0000,1.378,data/all_pdb_1y/fed_split/client_0/mmcif_files/7hvm.cif
7hvn_A,duplicate_sequence,144,0.0000,0.0000,1.38,data/all_pdb_1y/fed_split/client_0/mmcif_files/7hvn.cif
7hvn_C,duplicate_sequence,144,0.0000,0.0000,1.38,data/all_pdb_1y/fed_split/client_0/mmcif_files/7hvn.cif
7hvo_A,duplicate_sequence,144,0.0000,0.0000,1.361,data/all_pdb_1y/fed_split/client_0/mmcif_files/7hvo.cif
7hvo_C,duplicate_sequence,144,0.0000,0.0000,1.361,data/all_pdb_1y/fed_split/client_0/mmcif_files/7hvo.cif
7hvq_A,duplicate_sequence,144,0.0000,0.0000,1.455,data/all_pdb_1y/fed_split/client_0/mmcif_files/7hvq.cif
7hvr_A,duplicate_sequence,144,0.0000,0.0000,1.558,data/all_pdb_1y/fed_split/client_0/mmcif_files/7hvr.cif
7hvs_A,duplicate_sequence,144,0.0000,0.0000,1.42,data/all_pdb_1y/fed_split/client_0/mmcif_files/7hvs.cif
7hvt_A,duplicate_sequence,144,0.0000,0.0000,1.16,data/all_pdb_1y/fed_split/client_0/mmcif_files/7hvt.cif
7hvt_C,duplicate_sequence,144,0.0000,0.0000,1.16,data/all_pdb_1y/fed_split/client_0/mmcif_files/7hvt.cif
7hvu_A,duplicate_sequence,144,0.0000,0.0000,1.429,data/all_pdb_1y/fed_split/client_0/mmcif_files/7hvu.cif
7hvu_C,duplicate_sequence,144,0.0000,0.0000,1.429,data/all_pdb_1y/fed_split/client_0/mmcif_files/7hvu.cif
7hvv_A,duplicate_sequence,144,0.0000,0.0000,1.496,data/all_pdb_1y/fed_split/client_0/mmcif_files/7hvv.cif
7hvw_A,duplicate_sequence,144,0.0000,0.0000,1.339,data/all_pdb_1y/fed_split/client_0/mmcif_files/7hvw.cif
7hvw_C,duplicate_sequence,144,0.0000,0.0000,1.339,data/all_pdb_1y/fed_split/client_0/mmcif_files/7hvw.cif
7hvx_A,duplicate_sequence,144,0.0000,0.0000,1.15,data/all_pdb_1y/fed_split/client_0/mmcif_files/7hvx.cif
7hvx_C,duplicate_sequence,144,0.0000,0.0000,1.15,data/all_pdb_1y/fed_split/client_0/mmcif_files/7hvx.cif
7hvy_A,duplicate_sequence,144,0.0000,0.0000,1.19,data/all_pdb_1y/fed_split/client_0/mmcif_files/7hvy.cif
7hvy_C,duplicate_sequence,144,0.0000,0.0000,1.19,data/all_pdb_1y/fed_split/client_0/mmcif_files/7hvy.cif
7hvz_A,duplicate_sequence,144,0.0000,0.0000,1.208,data/all_pdb_1y/fed_split/client_0/mmcif_files/7hvz.cif
7hvz_C,duplicate_sequence,144,0.0000,0.0000,1.208,data/all_pdb_1y/fed_split/client_0/mmcif_files/7hvz.cif
7hw0_A,duplicate_sequence,144,0.0000,0.0000,1.576,data/all_pdb_1y/fed_split/client_0/mmcif_files/7hw0.cif
7hw1_A,duplicate_sequence,144,0.0000,0.0000,1.179,data/all_pdb_1y/fed_split/client_0/mmcif_files/7hw1.cif
7hw1_C,duplicate_sequence,144,0.0000,0.0000,1.179,data/all_pdb_1y/fed_split/client_0/mmcif_files/7hw1.cif
7hw3_A,duplicate_sequence,144,0.0000,0.0000,1.539,data/all_pdb_1y/fed_split/client_0/mmcif_files/7hw3.cif
7hw4_A,duplicate_sequence,144,0.0000,0.0000,1.55,data/all_pdb_1y/fed_split/client_0/mmcif_files/7hw4.cif
7hw4_C,duplicate_sequence,144,0.0000,0.0000,1.55,data/all_pdb_1y/fed_split/client_0/mmcif_files/7hw4.cif
7hw5_A,duplicate_sequence,144,0.0000,0.0000,1.409,data/all_pdb_1y/fed_split/client_0/mmcif_files/7hw5.cif
7hw6_A,duplicate_sequence,144,0.0000,0.0000,1.72,data/all_pdb_1y/fed_split/client_0/mmcif_files/7hw6.cif
7hw8_A,duplicate_sequence,144,0.0000,0.0000,1.38,data/all_pdb_1y/fed_split/client_0/mmcif_files/7hw8.cif
7hw8_C,duplicate_sequence,144,0.0000,0.0000,1.38,data/all_pdb_1y/fed_split/client_0/mmcif_files/7hw8.cif
7hw9_A,duplicate_sequence,144,0.0000,0.0000,1.529,data/all_pdb_1y/fed_split/client_0/mmcif_files/7hw9.cif
7hw9_C,duplicate_sequence,144,0.0000,0.0000,1.529,data/all_pdb_1y/fed_split/client_0/mmcif_files/7hw9.cif
7hwa_A,duplicate_sequence,144,0.0000,0.0000,1.381,data/all_pdb_1y/fed_split/client_0/mmcif_files/7hwa.cif
7hwb_A,duplicate_sequence,144,0.0000,0.0000,1.229,data/all_pdb_1y/fed_split/client_0/mmcif_files/7hwb.cif
7hwb_C,duplicate_sequence,144,0.0000,0.0000,1.229,data/all_pdb_1y/fed_split/client_0/mmcif_files/7hwb.cif
7hwc_A,duplicate_sequence,144,0.0000,0.0000,1.457,data/all_pdb_1y/fed_split/client_0/mmcif_files/7hwc.cif
7hwc_C,duplicate_sequence,144,0.0000,0.0000,1.457,data/all_pdb_1y/fed_split/client_0/mmcif_files/7hwc.cif
7hwd_A,duplicate_sequence,144,0.0000,0.0000,1.702,data/all_pdb_1y/fed_split/client_0/mmcif_files/7hwd.cif
7hwf_A,duplicate_sequence,144,0.0000,0.0000,1.25,data/all_pdb_1y/fed_split/client_0/mmcif_files/7hwf.cif
7hwf_C,duplicate_sequence,144,0.0000,0.0000,1.25,data/all_pdb_1y/fed_split/client_0/mmcif_files/7hwf.cif
7hwg_A,duplicate_sequence,144,0.0000,0.0000,1.29,data/all_pdb_1y/fed_split/client_0/mmcif_files/7hwg.cif
7hwg_C,duplicate_sequence,144,0.0000,0.0000,1.29,data/all_pdb_1y/fed_split/client_0/mmcif_files/7hwg.cif
7hwi_A,duplicate_sequence,144,0.0000,0.0000,1.919,data/all_pdb_1y/fed_split/client_0/mmcif_files/7hwi.cif
7hwj_A,duplicate_sequence,144,0.0000,0.0000,1.37,data/all_pdb_1y/fed_split/client_0/mmcif_files/7hwj.cif
7hwk_A,duplicate_sequence,144,0.0000,0.0000,1.943,data/all_pdb_1y/fed_split/client_0/mmcif_files/7hwk.cif
7hwl_A,duplicate_sequence,144,0.0000,0.0000,1.306,data/all_pdb_1y/fed_split/client_0/mmcif_files/7hwl.cif
7hwl_C,duplicate_sequence,144,0.0000,0.0000,1.306,data/all_pdb_1y/fed_split/client_0/mmcif_files/7hwl.cif
7hwm_A,duplicate_sequence,144,0.0000,0.0000,1.409,data/all_pdb_1y/fed_split/client_0/mmcif_files/7hwm.cif
7hwm_C,duplicate_sequence,144,0.0000,0.0000,1.409,data/all_pdb_1y/fed_split/client_0/mmcif_files/7hwm.cif
7hwn_A,duplicate_sequence,144,0.0000,0.0000,1.38,data/all_pdb_1y/fed_split/client_0/mmcif_files/7hwn.cif
7hwo_A,duplicate_sequence,144,0.0000,0.0000,1.43,data/all_pdb_1y/fed_split/client_0/mmcif_files/7hwo.cif
7hwp_A,duplicate_sequence,144,0.0000,0.0000,1.56,data/all_pdb_1y/fed_split/client_0/mmcif_files/7hwp.cif
7hwq_A,duplicate_sequence,144,0.0000,0.0000,1.53,data/all_pdb_1y/fed_split/client_0/mmcif_files/7hwq.cif
7hwr_A,duplicate_sequence,144,0.0000,0.0000,1.683,data/all_pdb_1y/fed_split/client_0/mmcif_files/7hwr.cif
7hws_A,duplicate_sequence,144,0.0000,0.0000,1.29,data/all_pdb_1y/fed_split/client_0/mmcif_files/7hws.cif
7hws_C,duplicate_sequence,144,0.0000,0.0000,1.29,data/all_pdb_1y/fed_split/client_0/mmcif_files/7hws.cif
7hwt_A,duplicate_sequence,144,0.0000,0.0000,1.41,data/all_pdb_1y/fed_split/client_0/mmcif_files/7hwt.cif
7hwu_A,duplicate_sequence,144,0.0000,0.0000,1.521,data/all_pdb_1y/fed_split/client_0/mmcif_files/7hwu.cif
7hwv_A,duplicate_sequence,144,0.0000,0.0000,1.359,data/all_pdb_1y/fed_split/client_0/mmcif_files/7hwv.cif
7hwv_C,duplicate_sequence,144,0.0000,0.0000,1.359,data/all_pdb_1y/fed_split/client_0/mmcif_files/7hwv.cif
7hww_A,duplicate_sequence,144,0.0000,0.0000,1.6,data/all_pdb_1y/fed_split/client_0/mmcif_files/7hww.cif
7hww_C,duplicate_sequence,144,0.0000,0.0000,1.6,data/all_pdb_1y/fed_split/client_0/mmcif_files/7hww.cif
7hwx_A,duplicate_sequence,144,0.0000,0.0000,1.29,data/all_pdb_1y/fed_split/client_0/mmcif_files/7hwx.cif
7hwx_C,duplicate_sequence,144,0.0000,0.0000,1.29,data/all_pdb_1y/fed_split/client_0/mmcif_files/7hwx.cif
7hwy_A,duplicate_sequence,144,0.0000,0.0000,1.397,data/all_pdb_1y/fed_split/client_0/mmcif_files/7hwy.cif
7hwy_C,duplicate_sequence,144,0.0000,0.0000,1.397,data/all_pdb_1y/fed_split/client_0/mmcif_files/7hwy.cif
7hwz_A,duplicate_sequence,144,0.0000,0.0000,1.389,data/all_pdb_1y/fed_split/client_0/mmcif_files/7hwz.cif
7hwz_C,duplicate_sequence,144,0.0000,0.0000,1.389,data/all_pdb_1y/fed_split/client_0/mmcif_files/7hwz.cif
7hx0_A,duplicate_sequence,144,0.0000,0.0000,1.36,data/all_pdb_1y/fed_split/client_0/mmcif_files/7hx0.cif
7hx0_C,duplicate_sequence,144,0.0000,0.0000,1.36,data/all_pdb_1y/fed_split/client_0/mmcif_files/7hx0.cif
7hx1_A,duplicate_sequence,144,0.0000,0.0000,1.534,data/all_pdb_1y/fed_split/client_0/mmcif_files/7hx1.cif
7hx2_A,duplicate_sequence,144,0.0000,0.0000,1.48,data/all_pdb_1y/fed_split/client_0/mmcif_files/7hx2.cif
7hx3_A,duplicate_sequence,144,0.0000,0.0000,1.25,data/all_pdb_1y/fed_split/client_0/mmcif_files/7hx3.cif
7hx3_C,duplicate_sequence,144,0.0000,0.0000,1.25,data/all_pdb_1y/fed_split/client_0/mmcif_files/7hx3.cif
7hx4_A,duplicate_sequence,144,0.0000,0.0000,1.449,data/all_pdb_1y/fed_split/client_0/mmcif_files/7hx4.cif
7hx4_C,duplicate_sequence,144,0.0000,0.0000,1.449,data/all_pdb_1y/fed_split/client_0/mmcif_files/7hx4.cif
7hx5_A,duplicate_sequence,144,0.0000,0.0000,1.619,data/all_pdb_1y/fed_split/client_0/mmcif_files/7hx5.cif
7hx5_C,duplicate_sequence,144,0.0000,0.0000,1.619,data/all_pdb_1y/fed_split/client_0/mmcif_files/7hx5.cif
7hx6_A,duplicate_sequence,144,0.0000,0.0000,1.3,data/all_pdb_1y/fed_split/client_0/mmcif_files/7hx6.cif
7hx6_C,duplicate_sequence,144,0.0000,0.0000,1.3,data/all_pdb_1y/fed_split/client_0/mmcif_files/7hx6.cif
7hx7_A,duplicate_sequence,144,0.0000,0.0000,1.908,data/all_pdb_1y/fed_split/client_0/mmcif_files/7hx7.cif
7hx8_A,duplicate_sequence,144,0.0000,0.0000,1.696,data/all_pdb_1y/fed_split/client_0/mmcif_files/7hx8.cif
7hx8_C,duplicate_sequence,144,0.0000,0.0000,1.696,data/all_pdb_1y/fed_split/client_0/mmcif_files/7hx8.cif
7hx9_A,duplicate_sequence,144,0.0000,0.0000,1.691,data/all_pdb_1y/fed_split/client_0/mmcif_files/7hx9.cif
7hxa_A,duplicate_sequence,144,0.0000,0.0000,1.521,data/all_pdb_1y/fed_split/client_0/mmcif_files/7hxa.cif
7hxa_C,duplicate_sequence,144,0.0000,0.0000,1.521,data/all_pdb_1y/fed_split/client_0/mmcif_files/7hxa.cif
7hxb_A,duplicate_sequence,144,0.0000,0.0000,1.49,data/all_pdb_1y/fed_split/client_0/mmcif_files/7hxb.cif
7hxb_C,duplicate_sequence,144,0.0000,0.0000,1.49,data/all_pdb_1y/fed_split/client_0/mmcif_files/7hxb.cif
7hxc_A,duplicate_sequence,144,0.0000,0.0000,1.381,data/all_pdb_1y/fed_split/client_0/mmcif_files/7hxc.cif
7hxd_A,duplicate_sequence,144,0.0000,0.0000,1.841,data/all_pdb_1y/fed_split/client_0/mmcif_files/7hxd.cif
7hxe_A,duplicate_sequence,144,0.0000,0.0000,1.778,data/all_pdb_1y/fed_split/client_0/mmcif_files/7hxe.cif
7hxf_A,duplicate_sequence,144,0.0000,0.0000,1.21,data/all_pdb_1y/fed_split/client_0/mmcif_files/7hxf.cif
7hxf_C,duplicate_sequence,144,0.0000,0.0000,1.21,data/all_pdb_1y/fed_split/client_0/mmcif_files/7hxf.cif
7hxg_A,duplicate_sequence,144,0.0000,0.0000,1.539,data/all_pdb_1y/fed_split/client_0/mmcif_files/7hxg.cif
7hxg_C,duplicate_sequence,144,0.0000,0.0000,1.539,data/all_pdb_1y/fed_split/client_0/mmcif_files/7hxg.cif
7hxh_A,duplicate_sequence,144,0.0000,0.0000,1.708,data/all_pdb_1y/fed_split/client_0/mmcif_files/7hxh.cif
7hxi_A,duplicate_sequence,144,0.0000,0.0000,1.42,data/all_pdb_1y/fed_split/client_0/mmcif_files/7hxi.cif
7hxi_C,duplicate_sequence,144,0.0000,0.0000,1.42,data/all_pdb_1y/fed_split/client_0/mmcif_files/7hxi.cif
7hxj_A,duplicate_sequence,144,0.0000,0.0000,1.537,data/all_pdb_1y/fed_split/client_0/mmcif_files/7hxj.cif
7hxk_A,duplicate_sequence,144,0.0000,0.0000,1.22,data/all_pdb_1y/fed_split/client_0/mmcif_files/7hxk.cif
7hxk_C,duplicate_sequence,144,0.0000,0.0000,1.22,data/all_pdb_1y/fed_split/client_0/mmcif_files/7hxk.cif
7hxl_A,duplicate_sequence,144,0.0000,0.0000,1.4,data/all_pdb_1y/fed_split/client_0/mmcif_files/7hxl.cif
7hxl_C,duplicate_sequence,144,0.0000,0.0000,1.4,data/all_pdb_1y/fed_split/client_0/mmcif_files/7hxl.cif
7hxm_A,duplicate_sequence,144,0.0000,0.0000,1.615,data/all_pdb_1y/fed_split/client_0/mmcif_files/7hxm.cif
7hxm_C,duplicate_sequence,144,0.0000,0.0000,1.615,data/all_pdb_1y/fed_split/client_0/mmcif_files/7hxm.cif
7hxn_A,duplicate_sequence,144,0.0000,0.0000,1.52,data/all_pdb_1y/fed_split/client_0/mmcif_files/7hxn.cif
7hxn_C,duplicate_sequence,144,0.0000,0.0000,1.52,data/all_pdb_1y/fed_split/client_0/mmcif_files/7hxn.cif
7hxo_A,duplicate_sequence,144,0.0000,0.0000,1.552,data/all_pdb_1y/fed_split/client_0/mmcif_files/7hxo.cif
7hxp_A,duplicate_sequence,144,0.0000,0.0000,1.684,data/all_pdb_1y/fed_split/client_0/mmcif_files/7hxp.cif
7hxq_A,duplicate_sequence,144,0.0000,0.0000,1.596,data/all_pdb_1y/fed_split/client_0/mmcif_files/7hxq.cif
7hxq_C,duplicate_sequence,144,0.0000,0.0000,1.596,data/all_pdb_1y/fed_split/client_0/mmcif_files/7hxq.cif
7hxr_A,duplicate_sequence,144,0.0000,0.0000,1.345,data/all_pdb_1y/fed_split/client_0/mmcif_files/7hxr.cif
7hxr_C,duplicate_sequence,144,0.0000,0.0000,1.345,data/all_pdb_1y/fed_split/client_0/mmcif_files/7hxr.cif
7hxs_A,duplicate_sequence,144,0.0000,0.0000,1.29,data/all_pdb_1y/fed_split/client_0/mmcif_files/7hxs.cif
7hxs_C,duplicate_sequence,144,0.0000,0.0000,1.29,data/all_pdb_1y/fed_split/client_0/mmcif_files/7hxs.cif
7hxt_A,duplicate_sequence,144,0.0000,0.0000,1.51,data/all_pdb_1y/fed_split/client_0/mmcif_files/7hxt.cif
7hxt_C,duplicate_sequence,144,0.0000,0.0000,1.51,data/all_pdb_1y/fed_split/client_0/mmcif_files/7hxt.cif
7hxu_A,duplicate_sequence,144,0.0000,0.0000,1.38,data/all_pdb_1y/fed_split/client_0/mmcif_files/7hxu.cif
7hxu_C,duplicate_sequence,144,0.0000,0.0000,1.38,data/all_pdb_1y/fed_split/client_0/mmcif_files/7hxu.cif
7hxv_A,duplicate_sequence,144,0.0000,0.0000,1.528,data/all_pdb_1y/fed_split/client_0/mmcif_files/7hxv.cif
7hxw_A,duplicate_sequence,144,0.0000,0.0000,1.279,data/all_pdb_1y/fed_split/client_0/mmcif_files/7hxw.cif
7hxw_C,duplicate_sequence,144,0.0000,0.0000,1.279,data/all_pdb_1y/fed_split/client_0/mmcif_files/7hxw.cif
7hxx_A,duplicate_sequence,144,0.0000,0.0000,1.32,data/all_pdb_1y/fed_split/client_0/mmcif_files/7hxx.cif
7hxx_C,duplicate_sequence,144,0.0000,0.0000,1.32,data/all_pdb_1y/fed_split/client_0/mmcif_files/7hxx.cif
7hxy_A,duplicate_sequence,144,0.0000,0.0000,1.687,data/all_pdb_1y/fed_split/client_0/mmcif_files/7hxy.cif
7hxz_A,duplicate_sequence,144,0.0000,0.0000,1.577,data/all_pdb_1y/fed_split/client_0/mmcif_files/7hxz.cif
7hxz_C,duplicate_sequence,144,0.0000,0.0000,1.577,data/all_pdb_1y/fed_split/client_0/mmcif_files/7hxz.cif
7hy0_A,duplicate_sequence,144,0.0000,0.0000,1.23,data/all_pdb_1y/fed_split/client_0/mmcif_files/7hy0.cif
7hy0_C,duplicate_sequence,144,0.0000,0.0000,1.23,data/all_pdb_1y/fed_split/client_0/mmcif_files/7hy0.cif
7hy1_A,duplicate_sequence,144,0.0000,0.0000,1.44,data/all_pdb_1y/fed_split/client_0/mmcif_files/7hy1.cif
7hy2_A,duplicate_sequence,144,0.0000,0.0000,1.68,data/all_pdb_1y/fed_split/client_0/mmcif_files/7hy2.cif
7hy2_C,duplicate_sequence,144,0.0000,0.0000,1.68,data/all_pdb_1y/fed_split/client_0/mmcif_files/7hy2.cif
7hy3_A,duplicate_sequence,144,0.0000,0.0000,1.614,data/all_pdb_1y/fed_split/client_0/mmcif_files/7hy3.cif
7hy4_A,duplicate_sequence,144,0.0000,0.0000,1.436,data/all_pdb_1y/fed_split/client_0/mmcif_files/7hy4.cif
7hy4_C,duplicate_sequence,144,0.0000,0.0000,1.436,data/all_pdb_1y/fed_split/client_0/mmcif_files/7hy4.cif
7hy5_A,duplicate_sequence,144,0.0000,0.0000,1.92,data/all_pdb_1y/fed_split/client_0/mmcif_files/7hy5.cif
7hy6_A,duplicate_sequence,144,0.0000,0.0000,1.477,data/all_pdb_1y/fed_split/client_0/mmcif_files/7hy6.cif
7hy7_A,duplicate_sequence,144,0.0000,0.0000,1.697,data/all_pdb_1y/fed_split/client_0/mmcif_files/7hy7.cif
7hy8_A,duplicate_sequence,144,0.0000,0.0000,1.537,data/all_pdb_1y/fed_split/client_0/mmcif_files/7hy8.cif
7hy8_C,duplicate_sequence,144,0.0000,0.0000,1.537,data/all_pdb_1y/fed_split/client_0/mmcif_files/7hy8.cif
7hy9_A,duplicate_sequence,144,0.0000,0.0000,1.639,data/all_pdb_1y/fed_split/client_0/mmcif_files/7hy9.cif
7hya_A,duplicate_sequence,144,0.0000,0.0000,1.802,data/all_pdb_1y/fed_split/client_0/mmcif_files/7hya.cif
7hyb_A,duplicate_sequence,144,0.0000,0.0000,1.574,data/all_pdb_1y/fed_split/client_0/mmcif_files/7hyb.cif
7hyc_A,duplicate_sequence,144,0.0000,0.0000,1.702,data/all_pdb_1y/fed_split/client_0/mmcif_files/7hyc.cif
7hyd_A,duplicate_sequence,144,0.0000,0.0000,1.44,data/all_pdb_1y/fed_split/client_0/mmcif_files/7hyd.cif
7hyd_C,duplicate_sequence,144,0.0000,0.0000,1.44,data/all_pdb_1y/fed_split/client_0/mmcif_files/7hyd.cif
7hye_A,duplicate_sequence,144,0.0000,0.0000,1.501,data/all_pdb_1y/fed_split/client_0/mmcif_files/7hye.cif
7hye_C,duplicate_sequence,144,0.0000,0.0000,1.501,data/all_pdb_1y/fed_split/client_0/mmcif_files/7hye.cif
7hyf_A,duplicate_sequence,144,0.0000,0.0000,1.82,data/all_pdb_1y/fed_split/client_0/mmcif_files/7hyf.cif
7hyg_A,duplicate_sequence,144,0.0000,0.0000,1.746,data/all_pdb_1y/fed_split/client_0/mmcif_files/7hyg.cif
7hyh_A,duplicate_sequence,144,0.0000,0.0000,1.492,data/all_pdb_1y/fed_split/client_0/mmcif_files/7hyh.cif
7hyi_A,duplicate_sequence,144,0.0000,0.0000,1.56,data/all_pdb_1y/fed_split/client_0/mmcif_files/7hyi.cif
7hyi_C,duplicate_sequence,144,0.0000,0.0000,1.56,data/all_pdb_1y/fed_split/client_0/mmcif_files/7hyi.cif
7hyj_A,duplicate_sequence,144,0.0000,0.0000,1.837,data/all_pdb_1y/fed_split/client_0/mmcif_files/7hyj.cif
7hyk_A,duplicate_sequence,144,0.0000,0.0000,1.832,data/all_pdb_1y/fed_split/client_0/mmcif_files/7hyk.cif
7hyl_A,duplicate_sequence,144,0.0000,0.0000,1.383,data/all_pdb_1y/fed_split/client_0/mmcif_files/7hyl.cif
7hym_A,duplicate_sequence,144,0.0000,0.0000,1.504,data/all_pdb_1y/fed_split/client_0/mmcif_files/7hym.cif
7hyn_A,duplicate_sequence,144,0.0000,0.0000,1.29,data/all_pdb_1y/fed_split/client_0/mmcif_files/7hyn.cif
7hyn_C,duplicate_sequence,144,0.0000,0.0000,1.29,data/all_pdb_1y/fed_split/client_0/mmcif_files/7hyn.cif
7hyo_A,duplicate_sequence,144,0.0000,0.0000,1.17,data/all_pdb_1y/fed_split/client_0/mmcif_files/7hyo.cif
7hyo_C,duplicate_sequence,144,0.0000,0.0000,1.17,data/all_pdb_1y/fed_split/client_0/mmcif_files/7hyo.cif
7hyp_A,duplicate_sequence,144,0.0000,0.0000,1.569,data/all_pdb_1y/fed_split/client_0/mmcif_files/7hyp.cif
7hyq_A,duplicate_sequence,144,0.0000,0.0000,1.298,data/all_pdb_1y/fed_split/client_0/mmcif_files/7hyq.cif
7hyq_C,duplicate_sequence,144,0.0000,0.0000,1.298,data/all_pdb_1y/fed_split/client_0/mmcif_files/7hyq.cif
7hyr_A,duplicate_sequence,144,0.0000,0.0000,1.57,data/all_pdb_1y/fed_split/client_0/mmcif_files/7hyr.cif
7hys_A,duplicate_sequence,144,0.0000,0.0000,1.151,data/all_pdb_1y/fed_split/client_0/mmcif_files/7hys.cif
7hys_C,duplicate_sequence,144,0.0000,0.0000,1.151,data/all_pdb_1y/fed_split/client_0/mmcif_files/7hys.cif
7hyt_A,duplicate_sequence,144,0.0000,0.0000,1.604,data/all_pdb_1y/fed_split/client_0/mmcif_files/7hyt.cif
7hyu_A,duplicate_sequence,144,0.0000,0.0000,1.385,data/all_pdb_1y/fed_split/client_0/mmcif_files/7hyu.cif
7hyv_A,duplicate_sequence,144,0.0000,0.0000,1.66,data/all_pdb_1y/fed_split/client_0/mmcif_files/7hyv.cif
7hyw_A,duplicate_sequence,144,0.0000,0.0000,1.48,data/all_pdb_1y/fed_split/client_0/mmcif_files/7hyw.cif
7hyx_A,duplicate_sequence,144,0.0000,0.0000,1.761,data/all_pdb_1y/fed_split/client_0/mmcif_files/7hyx.cif
7hyy_A,duplicate_sequence,144,0.0000,0.0000,1.24,data/all_pdb_1y/fed_split/client_0/mmcif_files/7hyy.cif
7hyy_C,duplicate_sequence,144,0.0000,0.0000,1.24,data/all_pdb_1y/fed_split/client_0/mmcif_files/7hyy.cif
7hyz_A,duplicate_sequence,144,0.0000,0.0000,1.522,data/all_pdb_1y/fed_split/client_0/mmcif_files/7hyz.cif
7hyz_C,duplicate_sequence,144,0.0000,0.0000,1.522,data/all_pdb_1y/fed_split/client_0/mmcif_files/7hyz.cif
7hz0_A,duplicate_sequence,144,0.0000,0.0000,1.49,data/all_pdb_1y/fed_split/client_0/mmcif_files/7hz0.cif
7hz0_C,duplicate_sequence,144,0.0000,0.0000,1.49,data/all_pdb_1y/fed_split/client_0/mmcif_files/7hz0.cif
7hz1_A,duplicate_sequence,144,0.0000,0.0000,1.45,data/all_pdb_1y/fed_split/client_0/mmcif_files/7hz1.cif
7hz1_C,duplicate_sequence,144,0.0000,0.0000,1.45,data/all_pdb_1y/fed_split/client_0/mmcif_files/7hz1.cif
7hz2_A,duplicate_sequence,144,0.0000,0.0000,1.2,data/all_pdb_1y/fed_split/client_0/mmcif_files/7hz2.cif
7hz2_C,duplicate_sequence,144,0.0000,0.0000,1.2,data/all_pdb_1y/fed_split/client_0/mmcif_files/7hz2.cif
7hz3_A,duplicate_sequence,144,0.0000,0.0000,1.754,data/all_pdb_1y/fed_split/client_0/mmcif_files/7hz3.cif
7hz4_A,duplicate_sequence,144,0.0000,0.0000,1.584,data/all_pdb_1y/fed_split/client_0/mmcif_files/7hz4.cif
7hz5_A,duplicate_sequence,144,0.0000,0.0000,1.38,data/all_pdb_1y/fed_split/client_0/mmcif_files/7hz5.cif
7hz5_C,duplicate_sequence,144,0.0000,0.0000,1.38,data/all_pdb_1y/fed_split/client_0/mmcif_files/7hz5.cif
7hz6_A,duplicate_sequence,144,0.0000,0.0000,1.3,data/all_pdb_1y/fed_split/client_0/mmcif_files/7hz6.cif
7hz6_C,duplicate_sequence,144,0.0000,0.0000,1.3,data/all_pdb_1y/fed_split/client_0/mmcif_files/7hz6.cif
7hz7_A,duplicate_sequence,144,0.0000,0.0000,1.51,data/all_pdb_1y/fed_split/client_0/mmcif_files/7hz7.cif
7hz8_A,duplicate_sequence,144,0.0000,0.0000,1.531,data/all_pdb_1y/fed_split/client_0/mmcif_files/7hz8.cif
7hz9_A,duplicate_sequence,144,0.0000,0.0000,1.54,data/all_pdb_1y/fed_split/client_0/mmcif_files/7hz9.cif
7hza_A,duplicate_sequence,144,0.0000,0.0000,1.489,data/all_pdb_1y/fed_split/client_0/mmcif_files/7hza.cif
7hza_C,duplicate_sequence,144,0.0000,0.0000,1.489,data/all_pdb_1y/fed_split/client_0/mmcif_files/7hza.cif
7hzb_A,duplicate_sequence,144,0.0000,0.0000,1.473,data/all_pdb_1y/fed_split/client_0/mmcif_files/7hzb.cif
7hzb_C,duplicate_sequence,144,0.0000,0.0000,1.473,data/all_pdb_1y/fed_split/client_0/mmcif_files/7hzb.cif
7hzc_A,duplicate_sequence,144,0.0000,0.0000,1.387,data/all_pdb_1y/fed_split/client_0/mmcif_files/7hzc.cif
7hzd_A,duplicate_sequence,144,0.0000,0.0000,1.762,data/all_pdb_1y/fed_split/client_0/mmcif_files/7hzd.cif
7hze_A,duplicate_sequence,144,0.0000,0.0000,1.983,data/all_pdb_1y/fed_split/client_0/mmcif_files/7hze.cif
7hzf_A,duplicate_sequence,144,0.0000,0.0000,1.543,data/all_pdb_1y/fed_split/client_0/mmcif_files/7hzf.cif
7hzf_C,duplicate_sequence,144,0.0000,0.0000,1.543,data/all_pdb_1y/fed_split/client_0/mmcif_files/7hzf.cif
7hzg_A,duplicate_sequence,144,0.0000,0.0000,1.689,data/all_pdb_1y/fed_split/client_0/mmcif_files/7hzg.cif
7hzh_A,duplicate_sequence,144,0.0000,0.0000,1.411,data/all_pdb_1y/fed_split/client_0/mmcif_files/7hzh.cif
7hzi_A,duplicate_sequence,144,0.0000,0.0000,1.815,data/all_pdb_1y/fed_split/client_0/mmcif_files/7hzi.cif
7hzj_A,duplicate_sequence,144,0.0000,0.0000,1.28,data/all_pdb_1y/fed_split/client_0/mmcif_files/7hzj.cif
7hzk_A,duplicate_sequence,144,0.0000,0.0000,1.27,data/all_pdb_1y/fed_split/client_0/mmcif_files/7hzk.cif
7hzl_A,duplicate_sequence,144,0.0000,0.0000,1.66,data/all_pdb_1y/fed_split/client_0/mmcif_files/7hzl.cif
7hzm_A,duplicate_sequence,144,0.0000,0.0000,1.19,data/all_pdb_1y/fed_split/client_0/mmcif_files/7hzm.cif
7hzn_A,duplicate_sequence,144,0.0000,0.0000,1.33,data/all_pdb_1y/fed_split/client_0/mmcif_files/7hzn.cif
7hzo_A,duplicate_sequence,144,0.0000,0.0000,1.54,data/all_pdb_1y/fed_split/client_0/mmcif_files/7hzo.cif
7hzp_A,duplicate_sequence,144,0.0000,0.0000,1.6,data/all_pdb_1y/fed_split/client_0/mmcif_files/7hzp.cif
7hzr_A,duplicate_sequence,144,0.0000,0.0000,1.31,data/all_pdb_1y/fed_split/client_0/mmcif_files/7hzr.cif
7hzr_C,duplicate_sequence,144,0.0000,0.0000,1.31,data/all_pdb_1y/fed_split/client_0/mmcif_files/7hzr.cif
7hzs_A,duplicate_sequence,144,0.0000,0.0000,1.23,data/all_pdb_1y/fed_split/client_0/mmcif_files/7hzs.cif
7hzs_C,duplicate_sequence,144,0.0000,0.0000,1.23,data/all_pdb_1y/fed_split/client_0/mmcif_files/7hzs.cif
7hzt_A,duplicate_sequence,144,0.0000,0.0000,1.2,data/all_pdb_1y/fed_split/client_0/mmcif_files/7hzt.cif
7hzt_C,duplicate_sequence,144,0.0000,0.0000,1.2,data/all_pdb_1y/fed_split/client_0/mmcif_files/7hzt.cif
7hzu_A,duplicate_sequence,144,0.0000,0.0000,1.34,data/all_pdb_1y/fed_split/client_0/mmcif_files/7hzu.cif
7hzu_C,duplicate_sequence,144,0.0000,0.0000,1.34,data/all_pdb_1y/fed_split/client_0/mmcif_files/7hzu.cif
7i2y_A,duplicate_sequence,144,0.0000,0.0000,1.15,data/all_pdb_1y/fed_split/client_0/mmcif_files/7i2y.cif
7i2y_C,duplicate_sequence,144,0.0000,0.0000,1.15,data/all_pdb_1y/fed_split/client_0/mmcif_files/7i2y.cif
7i2z_A,duplicate_sequence,144,0.0000,0.0000,1.15,data/all_pdb_1y/fed_split/client_0/mmcif_files/7i2z.cif
7i2z_C,duplicate_sequence,144,0.0000,0.0000,1.15,data/all_pdb_1y/fed_split/client_0/mmcif_files/7i2z.cif
7i30_A,duplicate_sequence,144,0.0000,0.0000,1.15,data/all_pdb_1y/fed_split/client_0/mmcif_files/7i30.cif
7i30_C,duplicate_sequence,144,0.0000,0.0000,1.15,data/all_pdb_1y/fed_split/client_0/mmcif_files/7i30.cif
7i31_A,duplicate_sequence,144,0.0000,0.0000,1.15,data/all_pdb_1y/fed_split/client_0/mmcif_files/7i31.cif
7i31_C,duplicate_sequence,144,0.0000,0.0000,1.15,data/all_pdb_1y/fed_split/client_0/mmcif_files/7i31.cif
7i32_A,duplicate_sequence,144,0.0000,0.0000,1.151,data/all_pdb_1y/fed_split/client_0/mmcif_files/7i32.cif
7i32_C,duplicate_sequence,144,0.0000,0.0000,1.151,data/all_pdb_1y/fed_split/client_0/mmcif_files/7i32.cif
7i33_A,duplicate_sequence,144,0.0000,0.0000,1.15,data/all_pdb_1y/fed_split/client_0/mmcif_files/7i33.cif
7i33_C,duplicate_sequence,144,0.0000,0.0000,1.15,data/all_pdb_1y/fed_split/client_0/mmcif_files/7i33.cif
7i34_A,duplicate_sequence,144,0.0000,0.0000,1.15,data/all_pdb_1y/fed_split/client_0/mmcif_files/7i34.cif
7i34_C,duplicate_sequence,144,0.0000,0.0000,1.15,data/all_pdb_1y/fed_split/client_0/mmcif_files/7i34.cif
7i35_A,duplicate_sequence,144,0.0000,0.0000,1.147,data/all_pdb_1y/fed_split/client_0/mmcif_files/7i35.cif
7i35_C,duplicate_sequence,144,0.0000,0.0000,1.147,data/all_pdb_1y/fed_split/client_0/mmcif_files/7i35.cif
7i36_A,duplicate_sequence,144,0.0000,0.0000,1.15,data/all_pdb_1y/fed_split/client_0/mmcif_files/7i36.cif
7i36_C,duplicate_sequence,144,0.0000,0.0000,1.15,data/all_pdb_1y/fed_split/client_0/mmcif_files/7i36.cif
7i37_A,duplicate_sequence,144,0.0000,0.0000,1.151,data/all_pdb_1y/fed_split/client_0/mmcif_files/7i37.cif
7i37_C,duplicate_sequence,144,0.0000,0.0000,1.151,data/all_pdb_1y/fed_split/client_0/mmcif_files/7i37.cif
7i38_A,duplicate_sequence,144,0.0000,0.0000,1.151,data/all_pdb_1y/fed_split/client_0/mmcif_files/7i38.cif
7i38_C,duplicate_sequence,144,0.0000,0.0000,1.151,data/all_pdb_1y/fed_split/client_0/mmcif_files/7i38.cif
7i39_A,duplicate_sequence,144,0.0000,0.0000,1.15,data/all_pdb_1y/fed_split/client_0/mmcif_files/7i39.cif
7i39_C,duplicate_sequence,144,0.0000,0.0000,1.15,data/all_pdb_1y/fed_split/client_0/mmcif_files/7i39.cif
7i3a_A,duplicate_sequence,144,0.0000,0.0000,1.15,data/all_pdb_1y/fed_split/client_0/mmcif_files/7i3a.cif
7i3b_A,duplicate_sequence,144,0.0000,0.0000,1.15,data/all_pdb_1y/fed_split/client_0/mmcif_files/7i3b.cif
7i3b_C,duplicate_sequence,144,0.0000,0.0000,1.15,data/all_pdb_1y/fed_split/client_0/mmcif_files/7i3b.cif
7i3c_A,duplicate_sequence,144,0.0000,0.0000,1.15,data/all_pdb_1y/fed_split/client_0/mmcif_files/7i3c.cif
7i3c_C,duplicate_sequence,144,0.0000,0.0000,1.15,data/all_pdb_1y/fed_split/client_0/mmcif_files/7i3c.cif
7i3d_A,duplicate_sequence,144,0.0000,0.0000,1.148,data/all_pdb_1y/fed_split/client_0/mmcif_files/7i3d.cif
7i3d_C,duplicate_sequence,144,0.0000,0.0000,1.148,data/all_pdb_1y/fed_split/client_0/mmcif_files/7i3d.cif
7i3e_A,duplicate_sequence,144,0.0000,0.0000,1.151,data/all_pdb_1y/fed_split/client_0/mmcif_files/7i3e.cif
7i3e_C,duplicate_sequence,144,0.0000,0.0000,1.151,data/all_pdb_1y/fed_split/client_0/mmcif_files/7i3e.cif
7i3f_A,duplicate_sequence,144,0.0000,0.0000,1.15,data/all_pdb_1y/fed_split/client_0/mmcif_files/7i3f.cif
7i3f_C,duplicate_sequence,144,0.0000,0.0000,1.15,data/all_pdb_1y/fed_split/client_0/mmcif_files/7i3f.cif
7i3g_A,duplicate_sequence,144,0.0000,0.0000,1.62,data/all_pdb_1y/fed_split/client_0/mmcif_files/7i3g.cif
7i3h_A,duplicate_sequence,144,0.0000,0.0000,1.617,data/all_pdb_1y/fed_split/client_0/mmcif_files/7i3h.cif
7i3i_A,duplicate_sequence,144,0.0000,0.0000,1.41,data/all_pdb_1y/fed_split/client_0/mmcif_files/7i3i.cif
7i3i_C,duplicate_sequence,144,0.0000,0.0000,1.41,data/all_pdb_1y/fed_split/client_0/mmcif_files/7i3i.cif
7i3j_A,duplicate_sequence,144,0.0000,0.0000,1.15,data/all_pdb_1y/fed_split/client_0/mmcif_files/7i3j.cif
7i3j_C,duplicate_sequence,144,0.0000,0.0000,1.15,data/all_pdb_1y/fed_split/client_0/mmcif_files/7i3j.cif
7i3k_A,duplicate_sequence,144,0.0000,0.0000,1.675,data/all_pdb_1y/fed_split/client_0/mmcif_files/7i3k.cif
7i3l_A,duplicate_sequence,144,0.0000,0.0000,1.357,data/all_pdb_1y/fed_split/client_0/mmcif_files/7i3l.cif
7i3l_C,duplicate_sequence,144,0.0000,0.0000,1.357,data/all_pdb_1y/fed_split/client_0/mmcif_files/7i3l.cif
7i3m_A,duplicate_sequence,144,0.0000,0.0000,1.305,data/all_pdb_1y/fed_split/client_0/mmcif_files/7i3m.cif
7i3m_C,duplicate_sequence,144,0.0000,0.0000,1.305,data/all_pdb_1y/fed_split/client_0/mmcif_files/7i3m.cif
7i3n_A,duplicate_sequence,144,0.0000,0.0000,1.859,data/all_pdb_1y/fed_split/client_0/mmcif_files/7i3n.cif
7i3o_A,duplicate_sequence,144,0.0000,0.0000,1.686,data/all_pdb_1y/fed_split/client_0/mmcif_files/7i3o.cif
7i3q_A,duplicate_sequence,144,0.0000,0.0000,1.49,data/all_pdb_1y/fed_split/client_0/mmcif_files/7i3q.cif
7i3q_C,duplicate_sequence,144,0.0000,0.0000,1.49,data/all_pdb_1y/fed_split/client_0/mmcif_files/7i3q.cif
7i3r_A,duplicate_sequence,144,0.0000,0.0000,1.41,data/all_pdb_1y/fed_split/client_0/mmcif_files/7i3r.cif
7i3s_A,duplicate_sequence,144,0.0000,0.0000,1.581,data/all_pdb_1y/fed_split/client_0/mmcif_files/7i3s.cif
7i3t_A,duplicate_sequence,144,0.0000,0.0000,1.48,data/all_pdb_1y/fed_split/client_0/mmcif_files/7i3t.cif
7i3u_A,duplicate_sequence,144,0.0000,0.0000,1.78,data/all_pdb_1y/fed_split/client_0/mmcif_files/7i3u.cif
7i3v_A,duplicate_sequence,144,0.0000,0.0000,1.151,data/all_pdb_1y/fed_split/client_0/mmcif_files/7i3v.cif
7i3v_C,duplicate_sequence,144,0.0000,0.0000,1.151,data/all_pdb_1y/fed_split/client_0/mmcif_files/7i3v.cif
7i3w_A,duplicate_sequence,144,0.0000,0.0000,1.377,data/all_pdb_1y/fed_split/client_0/mmcif_files/7i3w.cif
7i3w_C,duplicate_sequence,144,0.0000,0.0000,1.377,data/all_pdb_1y/fed_split/client_0/mmcif_files/7i3w.cif
7i3x_A,duplicate_sequence,144,0.0000,0.0000,1.896,data/all_pdb_1y/fed_split/client_0/mmcif_files/7i3x.cif
7i3y_A,duplicate_sequence,144,0.0000,0.0000,1.29,data/all_pdb_1y/fed_split/client_0/mmcif_files/7i3y.cif
7i3y_C,duplicate_sequence,144,0.0000,0.0000,1.29,data/all_pdb_1y/fed_split/client_0/mmcif_files/7i3y.cif
7i3z_A,duplicate_sequence,144,0.0000,0.0000,1.41,data/all_pdb_1y/fed_split/client_0/mmcif_files/7i3z.cif
7i3z_C,duplicate_sequence,144,0.0000,0.0000,1.41,data/all_pdb_1y/fed_split/client_0/mmcif_files/7i3z.cif
7i40_A,duplicate_sequence,144,0.0000,0.0000,1.789,data/all_pdb_1y/fed_split/client_0/mmcif_files/7i40.cif
7i41_A,duplicate_sequence,144,0.0000,0.0000,1.639,data/all_pdb_1y/fed_split/client_0/mmcif_files/7i41.cif
7i41_C,duplicate_sequence,144,0.0000,0.0000,1.639,data/all_pdb_1y/fed_split/client_0/mmcif_files/7i41.cif
7i42_A,duplicate_sequence,144,0.0000,0.0000,1.61,data/all_pdb_1y/fed_split/client_0/mmcif_files/7i42.cif
7i42_C,duplicate_sequence,144,0.0000,0.0000,1.61,data/all_pdb_1y/fed_split/client_0/mmcif_files/7i42.cif
7i43_A,duplicate_sequence,144,0.0000,0.0000,1.783,data/all_pdb_1y/fed_split/client_0/mmcif_files/7i43.cif
7i44_A,duplicate_sequence,144,0.0000,0.0000,1.331,data/all_pdb_1y/fed_split/client_0/mmcif_files/7i44.cif
7i45_A,duplicate_sequence,144,0.0000,0.0000,1.39,data/all_pdb_1y/fed_split/client_0/mmcif_files/7i45.cif
7i45_C,duplicate_sequence,144,0.0000,0.0000,1.39,data/all_pdb_1y/fed_split/client_0/mmcif_files/7i45.cif
7i47_A,duplicate_sequence,144,0.0000,0.0000,1.36,data/all_pdb_1y/fed_split/client_0/mmcif_files/7i47.cif
7i47_C,duplicate_sequence,144,0.0000,0.0000,1.36,data/all_pdb_1y/fed_split/client_0/mmcif_files/7i47.cif
7i48_A,duplicate_sequence,144,0.0000,0.0000,1.595,data/all_pdb_1y/fed_split/client_0/mmcif_files/7i48.cif
7i48_C,duplicate_sequence,144,0.0000,0.0000,1.595,data/all_pdb_1y/fed_split/client_0/mmcif_files/7i48.cif
7i49_A,duplicate_sequence,144,0.0000,0.0000,1.857,data/all_pdb_1y/fed_split/client_0/mmcif_files/7i49.cif
7i4a_A,duplicate_sequence,144,0.0000,0.0000,1.499,data/all_pdb_1y/fed_split/client_0/mmcif_files/7i4a.cif
7i4b_A,duplicate_sequence,144,0.0000,0.0000,1.997,data/all_pdb_1y/fed_split/client_0/mmcif_files/7i4b.cif
7i4c_A,duplicate_sequence,144,0.0000,0.0000,1.557,data/all_pdb_1y/fed_split/client_0/mmcif_files/7i4c.cif
7i4d_A,duplicate_sequence,144,0.0000,0.0000,1.876,data/all_pdb_1y/fed_split/client_0/mmcif_files/7i4d.cif
7i4e_A,duplicate_sequence,144,0.0000,0.0000,1.183,data/all_pdb_1y/fed_split/client_0/mmcif_files/7i4e.cif
7i4e_C,duplicate_sequence,144,0.0000,0.0000,1.183,data/all_pdb_1y/fed_split/client_0/mmcif_files/7i4e.cif
7i4f_A,duplicate_sequence,144,0.0000,0.0000,1.722,data/all_pdb_1y/fed_split/client_0/mmcif_files/7i4f.cif
7i4g_A,duplicate_sequence,144,0.0000,0.0000,1.299,data/all_pdb_1y/fed_split/client_0/mmcif_files/7i4g.cif
7i4g_C,duplicate_sequence,144,0.0000,0.0000,1.299,data/all_pdb_1y/fed_split/client_0/mmcif_files/7i4g.cif
7i4h_A,duplicate_sequence,144,0.0000,0.0000,1.151,data/all_pdb_1y/fed_split/client_0/mmcif_files/7i4h.cif
7i4h_C,duplicate_sequence,144,0.0000,0.0000,1.151,data/all_pdb_1y/fed_split/client_0/mmcif_files/7i4h.cif
7i4i_A,duplicate_sequence,144,0.0000,0.0000,1.4,data/all_pdb_1y/fed_split/client_0/mmcif_files/7i4i.cif
7i4i_C,duplicate_sequence,144,0.0000,0.0000,1.4,data/all_pdb_1y/fed_split/client_0/mmcif_files/7i4i.cif
7i4j_A,duplicate_sequence,144,0.0000,0.0000,1.445,data/all_pdb_1y/fed_split/client_0/mmcif_files/7i4j.cif
7i4k_A,duplicate_sequence,144,0.0000,0.0000,1.542,data/all_pdb_1y/fed_split/client_0/mmcif_files/7i4k.cif
7i4l_A,duplicate_sequence,144,0.0000,0.0000,1.47,data/all_pdb_1y/fed_split/client_0/mmcif_files/7i4l.cif
7i4m_A,duplicate_sequence,144,0.0000,0.0000,1.23,data/all_pdb_1y/fed_split/client_0/mmcif_files/7i4m.cif
7i4m_C,duplicate_sequence,144,0.0000,0.0000,1.23,data/all_pdb_1y/fed_split/client_0/mmcif_files/7i4m.cif
7i4n_A,duplicate_sequence,144,0.0000,0.0000,1.31,data/all_pdb_1y/fed_split/client_0/mmcif_files/7i4n.cif
7i4n_C,duplicate_sequence,144,0.0000,0.0000,1.31,data/all_pdb_1y/fed_split/client_0/mmcif_files/7i4n.cif
7i4o_A,duplicate_sequence,144,0.0000,0.0000,1.623,data/all_pdb_1y/fed_split/client_0/mmcif_files/7i4o.cif
7i4p_A,duplicate_sequence,144,0.0000,0.0000,1.636,data/all_pdb_1y/fed_split/client_0/mmcif_files/7i4p.cif
7i4q_A,duplicate_sequence,144,0.0000,0.0000,1.219,data/all_pdb_1y/fed_split/client_0/mmcif_files/7i4q.cif
7i4q_C,duplicate_sequence,144,0.0000,0.0000,1.219,data/all_pdb_1y/fed_split/client_0/mmcif_files/7i4q.cif
7i4r_A,duplicate_sequence,144,0.0000,0.0000,1.489,data/all_pdb_1y/fed_split/client_0/mmcif_files/7i4r.cif
7i4s_A,duplicate_sequence,144,0.0000,0.0000,1.41,data/all_pdb_1y/fed_split/client_0/mmcif_files/7i4s.cif
7i4t_A,duplicate_sequence,144,0.0000,0.0000,1.507,data/all_pdb_1y/fed_split/client_0/mmcif_files/7i4t.cif
7i4t_C,duplicate_sequence,144,0.0000,0.0000,1.507,data/all_pdb_1y/fed_split/client_0/mmcif_files/7i4t.cif
7i4u_A,duplicate_sequence,144,0.0000,0.0000,1.27,data/all_pdb_1y/fed_split/client_0/mmcif_files/7i4u.cif
7i4u_C,duplicate_sequence,144,0.0000,0.0000,1.27,data/all_pdb_1y/fed_split/client_0/mmcif_files/7i4u.cif
7i4v_A,duplicate_sequence,144,0.0000,0.0000,1.15,data/all_pdb_1y/fed_split/client_0/mmcif_files/7i4v.cif
7i4v_C,duplicate_sequence,144,0.0000,0.0000,1.15,data/all_pdb_1y/fed_split/client_0/mmcif_files/7i4v.cif
7i4w_A,duplicate_sequence,144,0.0000,0.0000,1.592,data/all_pdb_1y/fed_split/client_0/mmcif_files/7i4w.cif
7i4x_A,duplicate_sequence,144,0.0000,0.0000,1.147,data/all_pdb_1y/fed_split/client_0/mmcif_files/7i4x.cif
7i4x_C,duplicate_sequence,144,0.0000,0.0000,1.147,data/all_pdb_1y/fed_split/client_0/mmcif_files/7i4x.cif
7i4y_A,duplicate_sequence,144,0.0000,0.0000,1.631,data/all_pdb_1y/fed_split/client_0/mmcif_files/7i4y.cif
7i4y_C,duplicate_sequence,144,0.0000,0.0000,1.631,data/all_pdb_1y/fed_split/client_0/mmcif_files/7i4y.cif
7i4z_A,duplicate_sequence,144,0.0000,0.0000,1.603,data/all_pdb_1y/fed_split/client_0/mmcif_files/7i4z.cif
7i50_A,duplicate_sequence,144,0.0000,0.0000,1.22,data/all_pdb_1y/fed_split/client_0/mmcif_files/7i50.cif
7i50_C,duplicate_sequence,144,0.0000,0.0000,1.22,data/all_pdb_1y/fed_split/client_0/mmcif_files/7i50.cif
7i51_A,duplicate_sequence,144,0.0000,0.0000,1.737,data/all_pdb_1y/fed_split/client_0/mmcif_files/7i51.cif
7i52_A,duplicate_sequence,144,0.0000,0.0000,1.15,data/all_pdb_1y/fed_split/client_0/mmcif_files/7i52.cif
7i52_C,duplicate_sequence,144,0.0000,0.0000,1.15,data/all_pdb_1y/fed_split/client_0/mmcif_files/7i52.cif
7i53_A,duplicate_sequence,144,0.0000,0.0000,1.538,data/all_pdb_1y/fed_split/client_0/mmcif_files/7i53.cif
7i54_A,duplicate_sequence,144,0.0000,0.0000,1.21,data/all_pdb_1y/fed_split/client_0/mmcif_files/7i54.cif
7i54_C,duplicate_sequence,144,0.0000,0.0000,1.21,data/all_pdb_1y/fed_split/client_0/mmcif_files/7i54.cif
7i55_A,duplicate_sequence,144,0.0000,0.0000,1.239,data/all_pdb_1y/fed_split/client_0/mmcif_files/7i55.cif
7i55_C,duplicate_sequence,144,0.0000,0.0000,1.239,data/all_pdb_1y/fed_split/client_0/mmcif_files/7i55.cif
7i56_A,duplicate_sequence,144,0.0000,0.0000,1.21,data/all_pdb_1y/fed_split/client_0/mmcif_files/7i56.cif
7i56_C,duplicate_sequence,144,0.0000,0.0000,1.21,data/all_pdb_1y/fed_split/client_0/mmcif_files/7i56.cif
7i57_A,duplicate_sequence,144,0.0000,0.0000,1.151,data/all_pdb_1y/fed_split/client_0/mmcif_files/7i57.cif
7i57_C,duplicate_sequence,144,0.0000,0.0000,1.151,data/all_pdb_1y/fed_split/client_0/mmcif_files/7i57.cif
7i58_A,duplicate_sequence,144,0.0000,0.0000,1.454,data/all_pdb_1y/fed_split/client_0/mmcif_files/7i58.cif
7i59_A,duplicate_sequence,144,0.0000,0.0000,1.94,data/all_pdb_1y/fed_split/client_0/mmcif_files/7i59.cif
7i59_C,duplicate_sequence,144,0.0000,0.0000,1.94,data/all_pdb_1y/fed_split/client_0/mmcif_files/7i59.cif
7i5a_A,duplicate_sequence,144,0.0000,0.0000,1.449,data/all_pdb_1y/fed_split/client_0/mmcif_files/7i5a.cif
7i5b_A,duplicate_sequence,144,0.0000,0.0000,1.981,data/all_pdb_1y/fed_split/client_0/mmcif_files/7i5b.cif
7i5c_A,duplicate_sequence,144,0.0000,0.0000,1.32,data/all_pdb_1y/fed_split/client_0/mmcif_files/7i5c.cif
7i5c_C,duplicate_sequence,144,0.0000,0.0000,1.32,data/all_pdb_1y/fed_split/client_0/mmcif_files/7i5c.cif
7i5d_A,duplicate_sequence,144,0.0000,0.0000,1.31,data/all_pdb_1y/fed_split/client_0/mmcif_files/7i5d.cif
7i5d_C,duplicate_sequence,144,0.0000,0.0000,1.31,data/all_pdb_1y/fed_split/client_0/mmcif_files/7i5d.cif
7i5e_A,duplicate_sequence,144,0.0000,0.0000,1.5,data/all_pdb_1y/fed_split/client_0/mmcif_files/7i5e.cif
7i5e_C,duplicate_sequence,144,0.0000,0.0000,1.5,data/all_pdb_1y/fed_split/client_0/mmcif_files/7i5e.cif
7i5f_A,duplicate_sequence,144,0.0000,0.0000,1.28,data/all_pdb_1y/fed_split/client_0/mmcif_files/7i5f.cif
7i5f_C,duplicate_sequence,144,0.0000,0.0000,1.28,data/all_pdb_1y/fed_split/client_0/mmcif_files/7i5f.cif
7i5g_A,duplicate_sequence,144,0.0000,0.0000,1.576,data/all_pdb_1y/fed_split/client_0/mmcif_files/7i5g.cif
7i5h_A,duplicate_sequence,144,0.0000,0.0000,1.549,data/all_pdb_1y/fed_split/client_0/mmcif_files/7i5h.cif
7i5i_A,duplicate_sequence,144,0.0000,0.0000,1.414,data/all_pdb_1y/fed_split/client_0/mmcif_files/7i5i.cif
7i5j_A,duplicate_sequence,144,0.0000,0.0000,1.516,data/all_pdb_1y/fed_split/client_0/mmcif_files/7i5j.cif
7i5j_C,duplicate_sequence,144,0.0000,0.0000,1.516,data/all_pdb_1y/fed_split/client_0/mmcif_files/7i5j.cif
7i5k_A,duplicate_sequence,144,0.0000,0.0000,1.499,data/all_pdb_1y/fed_split/client_0/mmcif_files/7i5k.cif
7i5l_A,duplicate_sequence,144,0.0000,0.0000,1.337,data/all_pdb_1y/fed_split/client_0/mmcif_files/7i5l.cif
7i5l_C,duplicate_sequence,144,0.0000,0.0000,1.337,data/all_pdb_1y/fed_split/client_0/mmcif_files/7i5l.cif
7i5m_A,duplicate_sequence,144,0.0000,0.0000,1.402,data/all_pdb_1y/fed_split/client_0/mmcif_files/7i5m.cif
7i5n_A,duplicate_sequence,144,0.0000,0.0000,1.34,data/all_pdb_1y/fed_split/client_0/mmcif_files/7i5n.cif
7i5o_A,duplicate_sequence,144,0.0000,0.0000,1.55,data/all_pdb_1y/fed_split/client_0/mmcif_files/7i5o.cif
7i5p_A,duplicate_sequence,144,0.0000,0.0000,1.512,data/all_pdb_1y/fed_split/client_0/mmcif_files/7i5p.cif
7i5r_A,duplicate_sequence,144,0.0000,0.0000,1.381,data/all_pdb_1y/fed_split/client_0/mmcif_files/7i5r.cif
7i5r_C,duplicate_sequence,144,0.0000,0.0000,1.381,data/all_pdb_1y/fed_split/client_0/mmcif_files/7i5r.cif
7i5s_A,duplicate_sequence,144,0.0000,0.0000,1.416,data/all_pdb_1y/fed_split/client_0/mmcif_files/7i5s.cif
7i5s_C,duplicate_sequence,144,0.0000,0.0000,1.416,data/all_pdb_1y/fed_split/client_0/mmcif_files/7i5s.cif
7i5t_A,duplicate_sequence,144,0.0000,0.0000,1.194,data/all_pdb_1y/fed_split/client_0/mmcif_files/7i5t.cif
7i5t_C,duplicate_sequence,144,0.0000,0.0000,1.194,data/all_pdb_1y/fed_split/client_0/mmcif_files/7i5t.cif
7i5u_A,duplicate_sequence,144,0.0000,0.0000,1.199,data/all_pdb_1y/fed_split/client_0/mmcif_files/7i5u.cif
7i5u_C,duplicate_sequence,144,0.0000,0.0000,1.199,data/all_pdb_1y/fed_split/client_0/mmcif_files/7i5u.cif
7i5v_A,duplicate_sequence,144,0.0000,0.0000,1.38,data/all_pdb_1y/fed_split/client_0/mmcif_files/7i5v.cif
7i5v_C,duplicate_sequence,144,0.0000,0.0000,1.38,data/all_pdb_1y/fed_split/client_0/mmcif_files/7i5v.cif
7i5w_A,duplicate_sequence,144,0.0000,0.0000,1.397,data/all_pdb_1y/fed_split/client_0/mmcif_files/7i5w.cif
7i5w_C,duplicate_sequence,144,0.0000,0.0000,1.397,data/all_pdb_1y/fed_split/client_0/mmcif_files/7i5w.cif
7i5x_A,duplicate_sequence,144,0.0000,0.0000,1.27,data/all_pdb_1y/fed_split/client_0/mmcif_files/7i5x.cif
7i5x_C,duplicate_sequence,144,0.0000,0.0000,1.27,data/all_pdb_1y/fed_split/client_0/mmcif_files/7i5x.cif
7i5y_A,duplicate_sequence,144,0.0000,0.0000,1.841,data/all_pdb_1y/fed_split/client_0/mmcif_files/7i5y.cif
7i5z_A,duplicate_sequence,144,0.0000,0.0000,1.342,data/all_pdb_1y/fed_split/client_0/mmcif_files/7i5z.cif
7i5z_C,duplicate_sequence,144,0.0000,0.0000,1.342,data/all_pdb_1y/fed_split/client_0/mmcif_files/7i5z.cif
7i60_A,duplicate_sequence,144,0.0000,0.0000,1.429,data/all_pdb_1y/fed_split/client_0/mmcif_files/7i60.cif
7i60_C,duplicate_sequence,144,0.0000,0.0000,1.429,data/all_pdb_1y/fed_split/client_0/mmcif_files/7i60.cif
7i61_A,duplicate_sequence,144,0.0000,0.0000,1.151,data/all_pdb_1y/fed_split/client_0/mmcif_files/7i61.cif
7i61_C,duplicate_sequence,144,0.0000,0.0000,1.151,data/all_pdb_1y/fed_split/client_0/mmcif_files/7i61.cif
7i62_A,duplicate_sequence,144,0.0000,0.0000,1.654,data/all_pdb_1y/fed_split/client_0/mmcif_files/7i62.cif
7i64_A,duplicate_sequence,144,0.0000,0.0000,1.46,data/all_pdb_1y/fed_split/client_0/mmcif_files/7i64.cif
7i65_A,duplicate_sequence,144,0.0000,0.0000,1.41,data/all_pdb_1y/fed_split/client_0/mmcif_files/7i65.cif
7i66_A,duplicate_sequence,144,0.0000,0.0000,1.464,data/all_pdb_1y/fed_split/client_0/mmcif_files/7i66.cif
7i67_A,duplicate_sequence,144,0.0000,0.0000,1.349,data/all_pdb_1y/fed_split/client_0/mmcif_files/7i67.cif
7i67_C,duplicate_sequence,144,0.0000,0.0000,1.349,data/all_pdb_1y/fed_split/client_0/mmcif_files/7i67.cif
7i68_A,duplicate_sequence,144,0.0000,0.0000,1.65,data/all_pdb_1y/fed_split/client_0/mmcif_files/7i68.cif
7i69_A,duplicate_sequence,144,0.0000,0.0000,1.316,data/all_pdb_1y/fed_split/client_0/mmcif_files/7i69.cif
7i6a_A,duplicate_sequence,144,0.0000,0.0000,1.596,data/all_pdb_1y/fed_split/client_0/mmcif_files/7i6a.cif
7i6b_A,duplicate_sequence,144,0.0000,0.0000,1.177,data/all_pdb_1y/fed_split/client_0/mmcif_files/7i6b.cif
7i6b_C,duplicate_sequence,144,0.0000,0.0000,1.177,data/all_pdb_1y/fed_split/client_0/mmcif_files/7i6b.cif
7i6c_A,duplicate_sequence,144,0.0000,0.0000,1.407,data/all_pdb_1y/fed_split/client_0/mmcif_files/7i6c.cif
7i6c_C,duplicate_sequence,144,0.0000,0.0000,1.407,data/all_pdb_1y/fed_split/client_0/mmcif_files/7i6c.cif
7i6d_A,duplicate_sequence,144,0.0000,0.0000,1.648,data/all_pdb_1y/fed_split/client_0/mmcif_files/7i6d.cif
7i6e_A,duplicate_sequence,144,0.0000,0.0000,1.536,data/all_pdb_1y/fed_split/client_0/mmcif_files/7i6e.cif
7i6f_A,duplicate_sequence,144,0.0000,0.0000,1.557,data/all_pdb_1y/fed_split/client_0/mmcif_files/7i6f.cif
7i6f_C,duplicate_sequence,144,0.0000,0.0000,1.557,data/all_pdb_1y/fed_split/client_0/mmcif_files/7i6f.cif
7i6g_A,duplicate_sequence,144,0.0000,0.0000,1.56,data/all_pdb_1y/fed_split/client_0/mmcif_files/7i6g.cif
7i6g_C,duplicate_sequence,144,0.0000,0.0000,1.56,data/all_pdb_1y/fed_split/client_0/mmcif_files/7i6g.cif
7i6h_A,duplicate_sequence,144,0.0000,0.0000,1.39,data/all_pdb_1y/fed_split/client_0/mmcif_files/7i6h.cif
7i6h_C,duplicate_sequence,144,0.0000,0.0000,1.39,data/all_pdb_1y/fed_split/client_0/mmcif_files/7i6h.cif
7i6i_A,duplicate_sequence,144,0.0000,0.0000,1.6,data/all_pdb_1y/fed_split/client_0/mmcif_files/7i6i.cif
7i6j_A,duplicate_sequence,144,0.0000,0.0000,1.511,data/all_pdb_1y/fed_split/client_0/mmcif_files/7i6j.cif
7i6j_C,duplicate_sequence,144,0.0000,0.0000,1.511,data/all_pdb_1y/fed_split/client_0/mmcif_files/7i6j.cif
7i6k_A,duplicate_sequence,144,0.0000,0.0000,1.31,data/all_pdb_1y/fed_split/client_0/mmcif_files/7i6k.cif
7i6k_C,duplicate_sequence,144,0.0000,0.0000,1.31,data/all_pdb_1y/fed_split/client_0/mmcif_files/7i6k.cif
7i6l_A,duplicate_sequence,144,0.0000,0.0000,1.274,data/all_pdb_1y/fed_split/client_0/mmcif_files/7i6l.cif
7i6m_A,duplicate_sequence,144,0.0000,0.0000,1.44,data/all_pdb_1y/fed_split/client_0/mmcif_files/7i6m.cif
7i6m_C,duplicate_sequence,144,0.0000,0.0000,1.44,data/all_pdb_1y/fed_split/client_0/mmcif_files/7i6m.cif
7i6n_A,duplicate_sequence,144,0.0000,0.0000,1.385,data/all_pdb_1y/fed_split/client_0/mmcif_files/7i6n.cif
7i6o_A,duplicate_sequence,144,0.0000,0.0000,1.39,data/all_pdb_1y/fed_split/client_0/mmcif_files/7i6o.cif
7i6o_C,duplicate_sequence,144,0.0000,0.0000,1.39,data/all_pdb_1y/fed_split/client_0/mmcif_files/7i6o.cif
7i6p_A,duplicate_sequence,144,0.0000,0.0000,1.37,data/all_pdb_1y/fed_split/client_0/mmcif_files/7i6p.cif
7i6p_C,duplicate_sequence,144,0.0000,0.0000,1.37,data/all_pdb_1y/fed_split/client_0/mmcif_files/7i6p.cif
7i6q_A,duplicate_sequence,144,0.0000,0.0000,1.532,data/all_pdb_1y/fed_split/client_0/mmcif_files/7i6q.cif
7i6q_C,duplicate_sequence,144,0.0000,0.0000,1.532,data/all_pdb_1y/fed_split/client_0/mmcif_files/7i6q.cif
7i6r_A,duplicate_sequence,144,0.0000,0.0000,1.961,data/all_pdb_1y/fed_split/client_0/mmcif_files/7i6r.cif
7i6s_A,duplicate_sequence,144,0.0000,0.0000,1.35,data/all_pdb_1y/fed_split/client_0/mmcif_files/7i6s.cif
7i6s_C,duplicate_sequence,144,0.0000,0.0000,1.35,data/all_pdb_1y/fed_split/client_0/mmcif_files/7i6s.cif
7i6t_A,duplicate_sequence,144,0.0000,0.0000,1.743,data/all_pdb_1y/fed_split/client_0/mmcif_files/7i6t.cif
7i6t_C,duplicate_sequence,144,0.0000,0.0000,1.743,data/all_pdb_1y/fed_split/client_0/mmcif_files/7i6t.cif
7i6u_A,duplicate_sequence,144,0.0000,0.0000,1.456,data/all_pdb_1y/fed_split/client_0/mmcif_files/7i6u.cif
7i6u_C,duplicate_sequence,144,0.0000,0.0000,1.456,data/all_pdb_1y/fed_split/client_0/mmcif_files/7i6u.cif
7i6v_A,duplicate_sequence,144,0.0000,0.0000,1.489,data/all_pdb_1y/fed_split/client_0/mmcif_files/7i6v.cif
7i6v_C,duplicate_sequence,144,0.0000,0.0000,1.489,data/all_pdb_1y/fed_split/client_0/mmcif_files/7i6v.cif
7i6w_A,duplicate_sequence,144,0.0000,0.0000,1.31,data/all_pdb_1y/fed_split/client_0/mmcif_files/7i6w.cif
7i6w_C,duplicate_sequence,144,0.0000,0.0000,1.31,data/all_pdb_1y/fed_split/client_0/mmcif_files/7i6w.cif
7i6x_A,duplicate_sequence,144,0.0000,0.0000,1.84,data/all_pdb_1y/fed_split/client_0/mmcif_files/7i6x.cif
7i6y_A,duplicate_sequence,144,0.0000,0.0000,1.478,data/all_pdb_1y/fed_split/client_0/mmcif_files/7i6y.cif
7i6y_C,duplicate_sequence,144,0.0000,0.0000,1.478,data/all_pdb_1y/fed_split/client_0/mmcif_files/7i6y.cif
7i6z_A,duplicate_sequence,144,0.0000,0.0000,1.624,data/all_pdb_1y/fed_split/client_0/mmcif_files/7i6z.cif
7i6z_C,duplicate_sequence,144,0.0000,0.0000,1.624,data/all_pdb_1y/fed_split/client_0/mmcif_files/7i6z.cif
7i70_A,duplicate_sequence,144,0.0000,0.0000,1.29,data/all_pdb_1y/fed_split/client_0/mmcif_files/7i70.cif
7i70_C,duplicate_sequence,144,0.0000,0.0000,1.29,data/all_pdb_1y/fed_split/client_0/mmcif_files/7i70.cif
7i71_A,duplicate_sequence,144,0.0000,0.0000,1.34,data/all_pdb_1y/fed_split/client_0/mmcif_files/7i71.cif
7i72_A,duplicate_sequence,144,0.0000,0.0000,1.51,data/all_pdb_1y/fed_split/client_0/mmcif_files/7i72.cif
7i72_C,duplicate_sequence,144,0.0000,0.0000,1.51,data/all_pdb_1y/fed_split/client_0/mmcif_files/7i72.cif
7i73_A,duplicate_sequence,144,0.0000,0.0000,1.47,data/all_pdb_1y/fed_split/client_0/mmcif_files/7i73.cif
7i73_C,duplicate_sequence,144,0.0000,0.0000,1.47,data/all_pdb_1y/fed_split/client_0/mmcif_files/7i73.cif
7i74_A,duplicate_sequence,144,0.0000,0.0000,1.59,data/all_pdb_1y/fed_split/client_0/mmcif_files/7i74.cif
7i75_A,duplicate_sequence,144,0.0000,0.0000,1.76,data/all_pdb_1y/fed_split/client_0/mmcif_files/7i75.cif
7i76_A,duplicate_sequence,144,0.0000,0.0000,1.772,data/all_pdb_1y/fed_split/client_0/mmcif_files/7i76.cif
7i77_A,duplicate_sequence,144,0.0000,0.0000,1.32,data/all_pdb_1y/fed_split/client_0/mmcif_files/7i77.cif
7i77_C,duplicate_sequence,144,0.0000,0.0000,1.32,data/all_pdb_1y/fed_split/client_0/mmcif_files/7i77.cif
7i79_A,duplicate_sequence,144,0.0000,0.0000,1.29,data/all_pdb_1y/fed_split/client_0/mmcif_files/7i79.cif
7i79_C,duplicate_sequence,144,0.0000,0.0000,1.29,data/all_pdb_1y/fed_split/client_0/mmcif_files/7i79.cif
7i7a_A,duplicate_sequence,144,0.0000,0.0000,1.641,data/all_pdb_1y/fed_split/client_0/mmcif_files/7i7a.cif
7i7b_A,duplicate_sequence,144,0.0000,0.0000,1.36,data/all_pdb_1y/fed_split/client_0/mmcif_files/7i7b.cif
7i7b_C,duplicate_sequence,144,0.0000,0.0000,1.36,data/all_pdb_1y/fed_split/client_0/mmcif_files/7i7b.cif
7i7c_A,duplicate_sequence,144,0.0000,0.0000,1.27,data/all_pdb_1y/fed_split/client_0/mmcif_files/7i7c.cif
7i7c_C,duplicate_sequence,144,0.0000,0.0000,1.27,data/all_pdb_1y/fed_split/client_0/mmcif_files/7i7c.cif
7i7d_A,duplicate_sequence,144,0.0000,0.0000,1.53,data/all_pdb_1y/fed_split/client_0/mmcif_files/7i7d.cif
7i7e_A,duplicate_sequence,144,0.0000,0.0000,1.497,data/all_pdb_1y/fed_split/client_0/mmcif_files/7i7e.cif
7i7e_C,duplicate_sequence,144,0.0000,0.0000,1.497,data/all_pdb_1y/fed_split/client_0/mmcif_files/7i7e.cif
7i7f_A,duplicate_sequence,144,0.0000,0.0000,1.48,data/all_pdb_1y/fed_split/client_0/mmcif_files/7i7f.cif
7i7f_C,duplicate_sequence,144,0.0000,0.0000,1.48,data/all_pdb_1y/fed_split/client_0/mmcif_files/7i7f.cif
7i7g_A,duplicate_sequence,144,0.0000,0.0000,1.643,data/all_pdb_1y/fed_split/client_0/mmcif_files/7i7g.cif
7i7h_A,duplicate_sequence,144,0.0000,0.0000,1.303,data/all_pdb_1y/fed_split/client_0/mmcif_files/7i7h.cif
7i7i_A,duplicate_sequence,144,0.0000,0.0000,1.29,data/all_pdb_1y/fed_split/client_0/mmcif_files/7i7i.cif
7i7i_C,duplicate_sequence,144,0.0000,0.0000,1.29,data/all_pdb_1y/fed_split/client_0/mmcif_files/7i7i.cif
7i7j_A,duplicate_sequence,144,0.0000,0.0000,1.328,data/all_pdb_1y/fed_split/client_0/mmcif_files/7i7j.cif
7i7j_C,duplicate_sequence,144,0.0000,0.0000,1.328,data/all_pdb_1y/fed_split/client_0/mmcif_files/7i7j.cif
7i7k_A,duplicate_sequence,144,0.0000,0.0000,1.49,data/all_pdb_1y/fed_split/client_0/mmcif_files/7i7k.cif
7i7l_A,duplicate_sequence,144,0.0000,0.0000,1.59,data/all_pdb_1y/fed_split/client_0/mmcif_files/7i7l.cif
7i7m_A,duplicate_sequence,144,0.0000,0.0000,1.754,data/all_pdb_1y/fed_split/client_0/mmcif_files/7i7m.cif
7i7n_A,duplicate_sequence,144,0.0000,0.0000,1.38,data/all_pdb_1y/fed_split/client_0/mmcif_files/7i7n.cif
7i7n_C,duplicate_sequence,144,0.0000,0.0000,1.38,data/all_pdb_1y/fed_split/client_0/mmcif_files/7i7n.cif
7i7o_A,duplicate_sequence,144,0.0000,0.0000,1.922,data/all_pdb_1y/fed_split/client_0/mmcif_files/7i7o.cif
7i7p_A,duplicate_sequence,144,0.0000,0.0000,1.902,data/all_pdb_1y/fed_split/client_0/mmcif_files/7i7p.cif
7i7q_A,duplicate_sequence,144,0.0000,0.0000,1.99,data/all_pdb_1y/fed_split/client_0/mmcif_files/7i7q.cif
7i7r_A,duplicate_sequence,144,0.0000,0.0000,1.15,data/all_pdb_1y/fed_split/client_0/mmcif_files/7i7r.cif
7i7r_C,duplicate_sequence,144,0.0000,0.0000,1.15,data/all_pdb_1y/fed_split/client_0/mmcif_files/7i7r.cif
7i7s_A,duplicate_sequence,144,0.0000,0.0000,1.625,data/all_pdb_1y/fed_split/client_0/mmcif_files/7i7s.cif
7i7s_C,duplicate_sequence,144,0.0000,0.0000,1.625,data/all_pdb_1y/fed_split/client_0/mmcif_files/7i7s.cif
7i7t_A,duplicate_sequence,144,0.0000,0.0000,1.5,data/all_pdb_1y/fed_split/client_0/mmcif_files/7i7t.cif
7i7t_C,duplicate_sequence,144,0.0000,0.0000,1.5,data/all_pdb_1y/fed_split/client_0/mmcif_files/7i7t.cif
7i7u_A,duplicate_sequence,144,0.0000,0.0000,1.31,data/all_pdb_1y/fed_split/client_0/mmcif_files/7i7u.cif
7i7u_C,duplicate_sequence,144,0.0000,0.0000,1.31,data/all_pdb_1y/fed_split/client_0/mmcif_files/7i7u.cif
7i7v_A,duplicate_sequence,144,0.0000,0.0000,1.595,data/all_pdb_1y/fed_split/client_0/mmcif_files/7i7v.cif
7i7v_C,duplicate_sequence,144,0.0000,0.0000,1.595,data/all_pdb_1y/fed_split/client_0/mmcif_files/7i7v.cif
7i7w_A,duplicate_sequence,144,0.0000,0.0000,1.517,data/all_pdb_1y/fed_split/client_0/mmcif_files/7i7w.cif
7i7x_A,duplicate_sequence,144,0.0000,0.0000,1.644,data/all_pdb_1y/fed_split/client_0/mmcif_files/7i7x.cif
7i7x_C,duplicate_sequence,144,0.0000,0.0000,1.644,data/all_pdb_1y/fed_split/client_0/mmcif_files/7i7x.cif
7i8x_A,duplicate_sequence,144,0.0000,0.0000,1.673,data/all_pdb_1y/fed_split/client_0/mmcif_files/7i8x.cif
7i8y_A,duplicate_sequence,144,0.0000,0.0000,1.699,data/all_pdb_1y/fed_split/client_0/mmcif_files/7i8y.cif
7i8z_A,duplicate_sequence,144,0.0000,0.0000,1.513,data/all_pdb_1y/fed_split/client_0/mmcif_files/7i8z.cif
8rmu_A,duplicate_sequence,139,0.0000,0.0000,1.2,data/all_pdb_1y/fed_split/client_0/mmcif_files/8rmu.cif
8rmv_A,duplicate_sequence,139,0.0000,0.0000,1.35,data/all_pdb_1y/fed_split/client_0/mmcif_files/8rmv.cif
8rr8_A,duplicate_sequence,138,0.0000,0.0000,1.5,data/all_pdb_1y/fed_split/client_0/mmcif_files/8rr8.cif
8rr9_A,duplicate_sequence,138,0.0000,0.0000,1.25,data/all_pdb_1y/fed_split/client_0/mmcif_files/8rr9.cif
8rra_A,duplicate_sequence,138,0.0000,0.0000,1.3,data/all_pdb_1y/fed_split/client_0/mmcif_files/8rra.cif
8rrb_A,duplicate_sequence,138,0.0000,0.0000,1.2,data/all_pdb_1y/fed_split/client_0/mmcif_files/8rrb.cif
8rrc_A,duplicate_sequence,138,0.0000,0.0000,1.5,data/all_pdb_1y/fed_split/client_0/mmcif_files/8rrc.cif
8rre_A,duplicate_sequence,138,0.0000,0.0000,1.208,data/all_pdb_1y/fed_split/client_0/mmcif_files/8rre.cif
8rrf_A,duplicate_sequence,138,0.0000,0.0000,1.25,data/all_pdb_1y/fed_split/client_0/mmcif_files/8rrf.cif
8rrg_A,duplicate_sequence,138,0.0000,0.0000,1.4,data/all_pdb_1y/fed_split/client_0/mmcif_files/8rrg.cif
8s1c_B,duplicate_sequence,71,0.0000,0.0000,1.75,data/all_pdb_1y/fed_split/client_0/mmcif_files/8s1c.cif
8s67_A,duplicate_sequence,138,0.0000,0.0000,1.097,data/all_pdb_1y/fed_split/client_0/mmcif_files/8s67.cif
8s6q_B,duplicate_sequence,234,0.0000,0.0000,1.7,data/all_pdb_1y/fed_split/client_0/mmcif_files/8s6q.cif
8s6r_A,duplicate_sequence,234,0.0000,0.0000,1.25,data/all_pdb_1y/fed_split/client_0/mmcif_files/8s6r.cif
8s6r_B,duplicate_sequence,234,0.0000,0.0000,1.25,data/all_pdb_1y/fed_split/client_0/mmcif_files/8s6r.cif
8s7m_B,duplicate_sequence,234,0.0000,0.0000,1.5,data/all_pdb_1y/fed_split/client_0/mmcif_files/8s7m.cif
8s7m_C,duplicate_sequence,234,0.0000,0.0000,1.5,data/all_pdb_1y/fed_split/client_0/mmcif_files/8s7m.cif
8s7m_D,duplicate_sequence,234,0.0000,0.0000,1.5,data/all_pdb_1y/fed_split/client_0/mmcif_files/8s7m.cif
8u7c_B,duplicate_sequence,67,0.0000,0.0000,1.44,data/all_pdb_1y/fed_split/client_0/mmcif_files/8u7c.cif
8u7c_C,duplicate_sequence,67,0.0000,0.0000,1.44,data/all_pdb_1y/fed_split/client_0/mmcif_files/8u7c.cif
8u7c_D,duplicate_sequence,67,0.0000,0.0000,1.44,data/all_pdb_1y/fed_split/client_0/mmcif_files/8u7c.cif
8y4i_B,duplicate_sequence,231,0.0000,0.0000,1.935,data/all_pdb_1y/fed_split/client_0/mmcif_files/8y4i.cif
8y4i_C,duplicate_sequence,231,0.0000,0.0000,1.935,data/all_pdb_1y/fed_split/client_0/mmcif_files/8y4i.cif
8y4i_D,duplicate_sequence,231,0.0000,0.0000,1.935,data/all_pdb_1y/fed_split/client_0/mmcif_files/8y4i.cif
8y4i_E,duplicate_sequence,231,0.0000,0.0000,1.935,data/all_pdb_1y/fed_split/client_0/mmcif_files/8y4i.cif
8y4i_F,duplicate_sequence,231,0.0000,0.0000,1.935,data/all_pdb_1y/fed_split/client_0/mmcif_files/8y4i.cif
8y4i_G,duplicate_sequence,231,0.0000,0.0000,1.935,data/all_pdb_1y/fed_split/client_0/mmcif_files/8y4i.cif
8y4i_H,duplicate_sequence,231,0.0000,0.0000,1.935,data/all_pdb_1y/fed_split/client_0/mmcif_files/8y4i.cif
8yhg_B,duplicate_sequence,146,0.0000,0.0000,1.76,data/all_pdb_1y/fed_split/client_0/mmcif_files/8yhg.cif
8yhm_A,duplicate_sequence,146,0.0000,0.0000,1.72,data/all_pdb_1y/fed_split/client_0/mmcif_files/8yhm.cif
8yhm_B,duplicate_sequence,146,0.0000,0.0000,1.72,data/all_pdb_1y/fed_split/client_0/mmcif_files/8yhm.cif
8yi8_A,duplicate_sequence,146,0.0000,0.0000,1.33,data/all_pdb_1y/fed_split/client_0/mmcif_files/8yi8.cif
8yi8_B,duplicate_sequence,146,0.0000,0.0000,1.33,data/all_pdb_1y/fed_split/client_0/mmcif_files/8yi8.cif
8yi8_C,duplicate_sequence,146,0.0000,0.0000,1.33,data/all_pdb_1y/fed_split/client_0/mmcif_files/8yi8.cif
8yi8_D,duplicate_sequence,146,0.0000,0.0000,1.33,data/all_pdb_1y/fed_split/client_0/mmcif_files/8yi8.cif
8yia_B,duplicate_sequence,148,0.0000,0.0000,1.43,data/all_pdb_1y/fed_split/client_0/mmcif_files/8yia.cif
8yia_C,duplicate_sequence,148,0.0000,0.0000,1.43,data/all_pdb_1y/fed_split/client_0/mmcif_files/8yia.cif
8yia_D,duplicate_sequence,148,0.0000,0.0000,1.43,data/all_pdb_1y/fed_split/client_0/mmcif_files/8yia.cif
8yo2_B,duplicate_sequence,232,0.0000,0.0000,1.498,data/all_pdb_1y/fed_split/client_0/mmcif_files/8yo2.cif
8yoz_B,duplicate_sequence,82,0.0000,0.0000,1.83,data/all_pdb_1y/fed_split/client_0/mmcif_files/8yoz.cif
8z1s_B,duplicate_sequence,179,0.0000,0.0000,2.0,data/all_pdb_1y/fed_split/client_0/mmcif_files/8z1s.cif
8z1t_A,duplicate_sequence,179,0.0000,0.0000,2.0,data/all_pdb_1y/fed_split/client_0/mmcif_files/8z1t.cif
8z25_A,duplicate_sequence,179,0.0000,0.0000,1.72,data/all_pdb_1y/fed_split/client_0/mmcif_files/8z25.cif
8z35_A,duplicate_sequence,224,0.0000,0.0000,2.0,data/all_pdb_1y/fed_split/client_0/mmcif_files/8z35.cif
9b3e_B,duplicate_sequence,246,0.0000,0.0000,2.0,data/all_pdb_1y/fed_split/client_0/mmcif_files/9b3e.cif
9bb0_BBB,duplicate_sequence,117,0.0000,0.0000,0.985,data/all_pdb_1y/fed_split/client_0/mmcif_files/9bb0.cif
9bb0_CCC,duplicate_sequence,117,0.0000,0.0000,0.985,data/all_pdb_1y/fed_split/client_0/mmcif_files/9bb0.cif
9bwq_B,duplicate_sequence,199,0.0000,0.0000,1.4,data/all_pdb_1y/fed_split/client_0/mmcif_files/9bwq.cif
9bwr_A,duplicate_sequence,199,0.0000,0.0000,1.5,data/all_pdb_1y/fed_split/client_0/mmcif_files/9bwr.cif
9bwr_B,duplicate_sequence,199,0.0000,0.0000,1.5,data/all_pdb_1y/fed_split/client_0/mmcif_files/9bwr.cif
9c5h_B,duplicate_sequence,270,0.0000,0.0000,1.59,data/all_pdb_1y/fed_split/client_0/mmcif_files/9c5h.cif
9c5h_C,duplicate_sequence,270,0.0000,0.0000,1.59,data/all_pdb_1y/fed_split/client_0/mmcif_files/9c5h.cif
9c5h_D,duplicate_sequence,270,0.0000,0.0000,1.59,data/all_pdb_1y/fed_split/client_0/mmcif_files/9c5h.cif
9c5k_B,duplicate_sequence,270,0.0000,0.0000,1.79,data/all_pdb_1y/fed_split/client_0/mmcif_files/9c5k.cif
9c5k_C,duplicate_sequence,270,0.0000,0.0000,1.79,data/all_pdb_1y/fed_split/client_0/mmcif_files/9c5k.cif
9c5k_D,duplicate_sequence,270,0.0000,0.0000,1.79,data/all_pdb_1y/fed_split/client_0/mmcif_files/9c5k.cif
9c5l_A,duplicate_sequence,270,0.0000,0.0000,1.6,data/all_pdb_1y/fed_split/client_0/mmcif_files/9c5l.cif
9c5l_B,duplicate_sequence,270,0.0000,0.0000,1.6,data/all_pdb_1y/fed_split/client_0/mmcif_files/9c5l.cif
9c5l_C,duplicate_sequence,270,0.0000,0.0000,1.6,data/all_pdb_1y/fed_split/client_0/mmcif_files/9c5l.cif
9c5l_D,duplicate_sequence,270,0.0000,0.0000,1.6,data/all_pdb_1y/fed_split/client_0/mmcif_files/9c5l.cif
9c5m_A,duplicate_sequence,270,0.0000,0.0000,1.69,data/all_pdb_1y/fed_split/client_0/mmcif_files/9c5m.cif
9c5m_B,duplicate_sequence,270,0.0000,0.0000,1.69,data/all_pdb_1y/fed_split/client_0/mmcif_files/9c5m.cif
9c5m_C,duplicate_sequence,270,0.0000,0.0000,1.69,data/all_pdb_1y/fed_split/client_0/mmcif_files/9c5m.cif
9c5m_D,duplicate_sequence,270,0.0000,0.0000,1.69,data/all_pdb_1y/fed_split/client_0/mmcif_files/9c5m.cif
9c5m_E,duplicate_sequence,270,0.0000,0.0000,1.69,data/all_pdb_1y/fed_split/client_0/mmcif_files/9c5m.cif
9c5m_F,duplicate_sequence,270,0.0000,0.0000,1.69,data/all_pdb_1y/fed_split/client_0/mmcif_files/9c5m.cif
9c5m_G,duplicate_sequence,270,0.0000,0.0000,1.69,data/all_pdb_1y/fed_split/client_0/mmcif_files/9c5m.cif
9c5m_H,duplicate_sequence,270,0.0000,0.0000,1.69,data/all_pdb_1y/fed_split/client_0/mmcif_files/9c5m.cif
9c5n_A,duplicate_sequence,270,0.0000,0.0000,1.69,data/all_pdb_1y/fed_split/client_0/mmcif_files/9c5n.cif
9c5n_B,duplicate_sequence,270,0.0000,0.0000,1.69,data/all_pdb_1y/fed_split/client_0/mmcif_files/9c5n.cif
9c5n_C,duplicate_sequence,270,0.0000,0.0000,1.69,data/all_pdb_1y/fed_split/client_0/mmcif_files/9c5n.cif
9c5n_D,duplicate_sequence,270,0.0000,0.0000,1.69,data/all_pdb_1y/fed_split/client_0/mmcif_files/9c5n.cif
9c5o_B,duplicate_sequence,270,0.0000,0.0000,1.69,data/all_pdb_1y/fed_split/client_0/mmcif_files/9c5o.cif
9c5o_C,duplicate_sequence,270,0.0000,0.0000,1.69,data/all_pdb_1y/fed_split/client_0/mmcif_files/9c5o.cif
9c5o_D,duplicate_sequence,270,0.0000,0.0000,1.69,data/all_pdb_1y/fed_split/client_0/mmcif_files/9c5o.cif
9ccr_B,duplicate_sequence,180,0.0000,0.0000,1.57,data/all_pdb_1y/fed_split/client_0/mmcif_files/9ccr.cif
9ccr_C,duplicate_sequence,180,0.0000,0.0000,1.57,data/all_pdb_1y/fed_split/client_0/mmcif_files/9ccr.cif
9ccr_D,duplicate_sequence,180,0.0000,0.0000,1.57,data/all_pdb_1y/fed_split/client_0/mmcif_files/9ccr.cif
9ckw_A,duplicate_sequence,212,0.0000,0.0000,1.4,data/all_pdb_1y/fed_split/client_0/mmcif_files/9ckw.cif
9ckx_B,duplicate_sequence,222,0.0000,0.0000,1.98,data/all_pdb_1y/fed_split/client_0/mmcif_files/9ckx.cif
9cky_A,duplicate_sequence,212,0.0000,0.0000,1.4,data/all_pdb_1y/fed_split/client_0/mmcif_files/9cky.cif
9clh_A,duplicate_sequence,212,0.0000,0.0000,1.6,data/all_pdb_1y/fed_split/client_0/mmcif_files/9clh.cif
9cu3_A,duplicate_sequence,271,0.0000,0.0000,1.9,data/all_pdb_1y/fed_split/client_0/mmcif_files/9cu3.cif
9cv3_A,duplicate_sequence,243,0.0000,0.0000,1.51,data/all_pdb_1y/fed_split/client_0/mmcif_files/9cv3.cif
9cv5_A,duplicate_sequence,243,0.0000,0.0000,1.4,data/all_pdb_1y/fed_split/client_0/mmcif_files/9cv5.cif
9d62_A,duplicate_sequence,139,0.0000,0.0000,1.1,data/all_pdb_1y/fed_split/client_0/mmcif_files/9d62.cif
9d63_A,duplicate_sequence,139,0.0000,0.0000,1.15,data/all_pdb_1y/fed_split/client_0/mmcif_files/9d63.cif
9d64_A,duplicate_sequence,139,0.0000,0.0000,1.2,data/all_pdb_1y/fed_split/client_0/mmcif_files/9d64.cif
9da1_B,duplicate_sequence,145,0.0000,0.0000,1.47,data/all_pdb_1y/fed_split/client_0/mmcif_files/9da1.cif
9da2_A,duplicate_sequence,145,0.0000,0.0000,1.13,data/all_pdb_1y/fed_split/client_0/mmcif_files/9da2.cif
9da2_B,duplicate_sequence,145,0.0000,0.0000,1.13,data/all_pdb_1y/fed_split/client_0/mmcif_files/9da2.cif
9da3_A,duplicate_sequence,145,0.0000,0.0000,1.51,data/all_pdb_1y/fed_split/client_0/mmcif_files/9da3.cif
9da3_B,duplicate_sequence,145,0.0000,0.0000,1.51,data/all_pdb_1y/fed_split/client_0/mmcif_files/9da3.cif
9da4_A,duplicate_sequence,145,0.0000,0.0000,1.73,data/all_pdb_1y/fed_split/client_0/mmcif_files/9da4.cif
9da6_A,duplicate_sequence,145,0.0000,0.0000,1.35,data/all_pdb_1y/fed_split/client_0/mmcif_files/9da6.cif
9da6_B,duplicate_sequence,145,0.0000,0.0000,1.35,data/all_pdb_1y/fed_split/client_0/mmcif_files/9da6.cif
9dds_B,duplicate_sequence,177,0.0000,0.0000,1.78,data/all_pdb_1y/fed_split/client_0/mmcif_files/9dds.cif
9dro_B,duplicate_sequence,279,0.0000,0.0000,1.54,data/all_pdb_1y/fed_split/client_0/mmcif_files/9dro.cif
9e3t_B,duplicate_sequence,271,0.0000,0.0000,1.8,data/all_pdb_1y/fed_split/client_0/mmcif_files/9e3t.cif
9e40_A,duplicate_sequence,271,0.0000,0.0000,1.8,data/all_pdb_1y/fed_split/client_0/mmcif_files/9e40.cif
9e42_A,duplicate_sequence,271,0.0000,0.0000,1.8,data/all_pdb_1y/fed_split/client_0/mmcif_files/9e42.cif
9e42_B,duplicate_sequence,271,0.0000,0.0000,1.8,data/all_pdb_1y/fed_split/client_0/mmcif_files/9e42.cif
9eg7_A,duplicate_sequence,212,0.0000,0.0000,1.5,data/all_pdb_1y/fed_split/client_0/mmcif_files/9eg7.cif
9eha_A,duplicate_sequence,109,0.0000,0.0000,1.71,data/all_pdb_1y/fed_split/client_0/mmcif_files/9eha.cif
9ei7_A,duplicate_sequence,226,0.0000,0.0000,1.48,data/all_pdb_1y/fed_split/client_0/mmcif_files/9ei7.cif
9env_B,duplicate_sequence,289,0.0000,0.0000,1.6,data/all_pdb_1y/fed_split/client_0/mmcif_files/9env.cif
9enw_A,duplicate_sequence,289,0.0000,0.0000,1.66,data/all_pdb_1y/fed_split/client_0/mmcif_files/9enw.cif
9enw_B,duplicate_sequence,289,0.0000,0.0000,1.66,data/all_pdb_1y/fed_split/client_0/mmcif_files/9enw.cif
9enx_A,duplicate_sequence,289,0.0000,0.0000,1.23,data/all_pdb_1y/fed_split/client_0/mmcif_files/9enx.cif
9enx_B,duplicate_sequence,289,0.0000,0.0000,1.23,data/all_pdb_1y/fed_split/client_0/mmcif_files/9enx.cif
9eny_A,duplicate_sequence,289,0.0000,0.0000,1.47,data/all_pdb_1y/fed_split/client_0/mmcif_files/9eny.cif
9eny_B,duplicate_sequence,289,0.0000,0.0000,1.47,data/all_pdb_1y/fed_split/client_0/mmcif_files/9eny.cif
9ep6_B,duplicate_sequence,296,0.0000,0.0000,1.61,data/all_pdb_1y/fed_split/client_0/mmcif_files/9ep6.cif
9ep6_C,duplicate_sequence,296,0.0000,0.0000,1.61,data/all_pdb_1y/fed_split/client_0/mmcif_files/9ep6.cif
9epn_B,duplicate_sequence,277,0.0000,0.0000,1.7,data/all_pdb_1y/fed_split/client_0/mmcif_files/9epn.cif
9f0p_B,duplicate_sequence,254,0.0000,0.0000,1.34,data/all_pdb_1y/fed_split/client_0/mmcif_files/9f0p.cif
9f0q_A,duplicate_sequence,254,0.0000,0.0000,1.92,data/all_pdb_1y/fed_split/client_0/mmcif_files/9f0q.cif
9f0q_B,duplicate_sequence,254,0.0000,0.0000,1.92,data/all_pdb_1y/fed_split/client_0/mmcif_files/9f0q.cif
9f0r_A,duplicate_sequence,254,0.0000,0.0000,1.3,data/all_pdb_1y/fed_split/client_0/mmcif_files/9f0r.cif
9f0r_B,duplicate_sequence,254,0.0000,0.0000,1.3,data/all_pdb_1y/fed_split/client_0/mmcif_files/9f0r.cif
9f0s_A,duplicate_sequence,254,0.0000,0.0000,1.4,data/all_pdb_1y/fed_split/client_0/mmcif_files/9f0s.cif
9f0s_B,duplicate_sequence,254,0.0000,0.0000,1.4,data/all_pdb_1y/fed_split/client_0/mmcif_files/9f0s.cif
9f7e_B,duplicate_sequence,231,0.0000,0.0000,1.5,data/all_pdb_1y/fed_split/client_0/mmcif_files/9f7e.cif
9fdb_A,duplicate_sequence,138,0.0000,0.0000,1.45,data/all_pdb_1y/fed_split/client_0/mmcif_files/9fdb.cif
9fdc_A,duplicate_sequence,138,0.0000,0.0000,1.78,data/all_pdb_1y/fed_split/client_0/mmcif_files/9fdc.cif
9fel_L,duplicate_sequence,266,0.0038,0.0038,1.5,data/all_pdb_1y/fed_split/client_0/mmcif_files/9fel.cif
9flj_AA,duplicate_sequence,129,0.0000,0.0000,1.6,data/all_pdb_1y/fed_split/client_0/mmcif_files/9flj.cif
9flk_AA,duplicate_sequence,129,0.0000,0.0000,1.85,data/all_pdb_1y/fed_split/client_0/mmcif_files/9flk.cif
9flm_A,duplicate_sequence,129,0.0000,0.0000,1.5,data/all_pdb_1y/fed_split/client_0/mmcif_files/9flm.cif
9foc_B,duplicate_sequence,176,0.0000,0.0000,1.618,data/all_pdb_1y/fed_split/client_0/mmcif_files/9foc.cif
9fp8_B,duplicate_sequence,148,0.0000,0.0000,1.68,data/all_pdb_1y/fed_split/client_0/mmcif_files/9fp8.cif
9frr_B,duplicate_sequence,95,0.0000,0.0000,1.6,data/all_pdb_1y/fed_split/client_0/mmcif_files/9frr.cif
9fuo_A,duplicate_sequence,242,0.0000,0.0000,1.81,data/all_pdb_1y/fed_split/client_0/mmcif_files/9fuo.cif
9g6a_B,duplicate_sequence,216,0.0000,0.0000,1.99,data/all_pdb_1y/fed_split/client_0/mmcif_files/9g6a.cif
9g9u_B,duplicate_sequence,270,0.0000,0.0000,1.9,data/all_pdb_1y/fed_split/client_0/mmcif_files/9g9u.cif
9gf3_M,x_ratio_too_high,36,0.0556,0.0556,1.65,data/all_pdb_1y/fed_split/client_0/mmcif_files/9gf3.cif
9gf3_N,x_ratio_too_high,36,0.0556,0.0556,1.65,data/all_pdb_1y/fed_split/client_0/mmcif_files/9gf3.cif
9gf3_C,x_ratio_too_high,36,0.0556,0.0556,1.65,data/all_pdb_1y/fed_split/client_0/mmcif_files/9gf3.cif
9gf3_D,x_ratio_too_high,36,0.0556,0.0556,1.65,data/all_pdb_1y/fed_split/client_0/mmcif_files/9gf3.cif
9gf3_E,x_ratio_too_high,36,0.0556,0.0556,1.65,data/all_pdb_1y/fed_split/client_0/mmcif_files/9gf3.cif
9gf3_F,x_ratio_too_high,36,0.0556,0.0556,1.65,data/all_pdb_1y/fed_split/client_0/mmcif_files/9gf3.cif
9gf3_G,x_ratio_too_high,36,0.0556,0.0556,1.65,data/all_pdb_1y/fed_split/client_0/mmcif_files/9gf3.cif
9gf3_H,x_ratio_too_high,36,0.0556,0.0556,1.65,data/all_pdb_1y/fed_split/client_0/mmcif_files/9gf3.cif
9gf3_I,x_ratio_too_high,36,0.0556,0.0556,1.65,data/all_pdb_1y/fed_split/client_0/mmcif_files/9gf3.cif
9gf3_J,x_ratio_too_high,36,0.0556,0.0556,1.65,data/all_pdb_1y/fed_split/client_0/mmcif_files/9gf3.cif
9gf3_K,x_ratio_too_high,36,0.0556,0.0556,1.65,data/all_pdb_1y/fed_split/client_0/mmcif_files/9gf3.cif
9gf3_L,x_ratio_too_high,36,0.0556,0.0556,1.65,data/all_pdb_1y/fed_split/client_0/mmcif_files/9gf3.cif
9gf3_A,x_ratio_too_high,36,0.0556,0.0556,1.65,data/all_pdb_1y/fed_split/client_0/mmcif_files/9gf3.cif
9gf3_B,x_ratio_too_high,36,0.0556,0.0556,1.65,data/all_pdb_1y/fed_split/client_0/mmcif_files/9gf3.cif
9gf4_A,x_ratio_too_high,36,0.0556,0.0556,1.49,data/all_pdb_1y/fed_split/client_0/mmcif_files/9gf4.cif
9gf4_B,x_ratio_too_high,36,0.0556,0.0556,1.49,data/all_pdb_1y/fed_split/client_0/mmcif_files/9gf4.cif
9gf4_C,x_ratio_too_high,36,0.0556,0.0556,1.49,data/all_pdb_1y/fed_split/client_0/mmcif_files/9gf4.cif
9gf4_D,x_ratio_too_high,36,0.0556,0.0556,1.49,data/all_pdb_1y/fed_split/client_0/mmcif_files/9gf4.cif
9gf4_E,x_ratio_too_high,36,0.0556,0.0556,1.49,data/all_pdb_1y/fed_split/client_0/mmcif_files/9gf4.cif
9gf4_F,x_ratio_too_high,36,0.0556,0.0556,1.49,data/all_pdb_1y/fed_split/client_0/mmcif_files/9gf4.cif
9gf4_G,x_ratio_too_high,36,0.0556,0.0556,1.49,data/all_pdb_1y/fed_split/client_0/mmcif_files/9gf4.cif
9gjy_B,duplicate_sequence,248,0.0000,0.0000,1.62,data/all_pdb_1y/fed_split/client_0/mmcif_files/9gjy.cif
9gjy_C,duplicate_sequence,248,0.0000,0.0000,1.62,data/all_pdb_1y/fed_split/client_0/mmcif_files/9gjy.cif
9gjy_D,duplicate_sequence,248,0.0000,0.0000,1.62,data/all_pdb_1y/fed_split/client_0/mmcif_files/9gjy.cif
9gjy_E,duplicate_sequence,248,0.0000,0.0000,1.62,data/all_pdb_1y/fed_split/client_0/mmcif_files/9gjy.cif
9gjy_F,duplicate_sequence,248,0.0000,0.0000,1.62,data/all_pdb_1y/fed_split/client_0/mmcif_files/9gjy.cif
9gol_B,duplicate_sequence,124,0.0000,0.0000,1.85,data/all_pdb_1y/fed_split/client_0/mmcif_files/9gol.cif
9gom_B,duplicate_sequence,146,0.0000,0.0000,1.75,data/all_pdb_1y/fed_split/client_0/mmcif_files/9gom.cif
9gom_C,duplicate_sequence,146,0.0000,0.0000,1.75,data/all_pdb_1y/fed_split/client_0/mmcif_files/9gom.cif
9gyd_A,duplicate_sequence,105,0.0000,0.0000,0.92,data/all_pdb_1y/fed_split/client_0/mmcif_files/9gyd.cif
9gyl_AAA,duplicate_sequence,105,0.0000,0.0000,1.19,data/all_pdb_1y/fed_split/client_0/mmcif_files/9gyl.cif
9gyn_AAA,duplicate_sequence,105,0.0000,0.0000,1.0,data/all_pdb_1y/fed_split/client_0/mmcif_files/9gyn.cif
9gyr_B,duplicate_sequence,105,0.0000,0.0000,1.1,data/all_pdb_1y/fed_split/client_0/mmcif_files/9gyr.cif
9gyr_C,duplicate_sequence,105,0.0000,0.0000,1.1,data/all_pdb_1y/fed_split/client_0/mmcif_files/9gyr.cif
9gyr_D,duplicate_sequence,105,0.0000,0.0000,1.1,data/all_pdb_1y/fed_split/client_0/mmcif_files/9gyr.cif
9gyu_A,duplicate_sequence,105,0.0000,0.0000,1.1,data/all_pdb_1y/fed_split/client_0/mmcif_files/9gyu.cif
9h11_B,duplicate_sequence,245,0.0000,0.0000,1.38,data/all_pdb_1y/fed_split/client_0/mmcif_files/9h11.cif
9h12_A,duplicate_sequence,245,0.0000,0.0000,1.51,data/all_pdb_1y/fed_split/client_0/mmcif_files/9h12.cif
9h12_B,duplicate_sequence,245,0.0000,0.0000,1.51,data/all_pdb_1y/fed_split/client_0/mmcif_files/9h12.cif
9h13_B,duplicate_sequence,241,0.0000,0.0000,1.44,data/all_pdb_1y/fed_split/client_0/mmcif_files/9h13.cif
9h16_B,duplicate_sequence,241,0.0000,0.0000,1.56,data/all_pdb_1y/fed_split/client_0/mmcif_files/9h16.cif
9h17_B,duplicate_sequence,242,0.0000,0.0000,1.46,data/all_pdb_1y/fed_split/client_0/mmcif_files/9h17.cif
9h18_A,duplicate_sequence,241,0.0000,0.0000,1.33,data/all_pdb_1y/fed_split/client_0/mmcif_files/9h18.cif
9h18_B,duplicate_sequence,241,0.0000,0.0000,1.33,data/all_pdb_1y/fed_split/client_0/mmcif_files/9h18.cif
9h27_A,duplicate_sequence,264,0.0076,0.0076,1.7,data/all_pdb_1y/fed_split/client_0/mmcif_files/9h27.cif
9h4o_B,duplicate_sequence,123,0.0000,0.0000,2.0,data/all_pdb_1y/fed_split/client_0/mmcif_files/9h4o.cif
9h4o_C,duplicate_sequence,123,0.0000,0.0000,2.0,data/all_pdb_1y/fed_split/client_0/mmcif_files/9h4o.cif
9h4o_D,duplicate_sequence,123,0.0000,0.0000,2.0,data/all_pdb_1y/fed_split/client_0/mmcif_files/9h4o.cif
9hmc_B,duplicate_sequence,156,0.0000,0.0000,1.65,data/all_pdb_1y/fed_split/client_0/mmcif_files/9hmc.cif
9hpv_B,duplicate_sequence,242,0.0000,0.0000,1.41,data/all_pdb_1y/fed_split/client_0/mmcif_files/9hpv.cif
9hv7_B,duplicate_sequence,125,0.0000,0.0000,1.55,data/all_pdb_1y/fed_split/client_0/mmcif_files/9hv7.cif
9i1u_B,duplicate_sequence,211,0.0000,0.0000,1.9,data/all_pdb_1y/fed_split/client_0/mmcif_files/9i1u.cif
9i1u_C,duplicate_sequence,211,0.0000,0.0000,1.9,data/all_pdb_1y/fed_split/client_0/mmcif_files/9i1u.cif
9i1u_D,duplicate_sequence,211,0.0000,0.0000,1.9,data/all_pdb_1y/fed_split/client_0/mmcif_files/9i1u.cif
9i1u_E,duplicate_sequence,211,0.0000,0.0000,1.9,data/all_pdb_1y/fed_split/client_0/mmcif_files/9i1u.cif
9i1u_F,duplicate_sequence,211,0.0000,0.0000,1.9,data/all_pdb_1y/fed_split/client_0/mmcif_files/9i1u.cif
9i1u_G,duplicate_sequence,211,0.0000,0.0000,1.9,data/all_pdb_1y/fed_split/client_0/mmcif_files/9i1u.cif
9i1u_H,duplicate_sequence,211,0.0000,0.0000,1.9,data/all_pdb_1y/fed_split/client_0/mmcif_files/9i1u.cif
9i1y_B,duplicate_sequence,290,0.0000,0.0000,1.95,data/all_pdb_1y/fed_split/client_0/mmcif_files/9i1y.cif
9i3q_B,duplicate_sequence,152,0.0000,0.0000,1.597,data/all_pdb_1y/fed_split/client_0/mmcif_files/9i3q.cif
9i4n_A,duplicate_sequence,139,0.0000,0.0000,1.069,data/all_pdb_1y/fed_split/client_0/mmcif_files/9i4n.cif
9i4o_A,duplicate_sequence,139,0.0000,0.0000,0.989,data/all_pdb_1y/fed_split/client_0/mmcif_files/9i4o.cif
9i57_A,duplicate_sequence,152,0.0000,0.0000,1.217,data/all_pdb_1y/fed_split/client_0/mmcif_files/9i57.cif
9i57_B,duplicate_sequence,152,0.0000,0.0000,1.217,data/all_pdb_1y/fed_split/client_0/mmcif_files/9i57.cif
9i58_A,duplicate_sequence,152,0.0000,0.0000,1.213,data/all_pdb_1y/fed_split/client_0/mmcif_files/9i58.cif
9i58_B,duplicate_sequence,152,0.0000,0.0000,1.213,data/all_pdb_1y/fed_split/client_0/mmcif_files/9i58.cif
9i6e_A,duplicate_sequence,152,0.0000,0.0000,1.489,data/all_pdb_1y/fed_split/client_0/mmcif_files/9i6e.cif
9i6e_B,duplicate_sequence,152,0.0000,0.0000,1.489,data/all_pdb_1y/fed_split/client_0/mmcif_files/9i6e.cif
9i7o_A,duplicate_sequence,180,0.0000,0.0000,2.0,data/all_pdb_1y/fed_split/client_0/mmcif_files/9i7o.cif
9i9q_A,duplicate_sequence,152,0.0000,0.0000,1.721,data/all_pdb_1y/fed_split/client_0/mmcif_files/9i9q.cif
9i9q_B,duplicate_sequence,152,0.0000,0.0000,1.721,data/all_pdb_1y/fed_split/client_0/mmcif_files/9i9q.cif
9i9q_C,duplicate_sequence,152,0.0000,0.0000,1.721,data/all_pdb_1y/fed_split/client_0/mmcif_files/9i9q.cif
9i9q_D,duplicate_sequence,152,0.0000,0.0000,1.721,data/all_pdb_1y/fed_split/client_0/mmcif_files/9i9q.cif
9iaq_B,duplicate_sequence,142,0.0000,0.0000,1.893,data/all_pdb_1y/fed_split/client_0/mmcif_files/9iaq.cif
9iaq_C,duplicate_sequence,142,0.0000,0.0000,1.893,data/all_pdb_1y/fed_split/client_0/mmcif_files/9iaq.cif
9iaq_D,duplicate_sequence,142,0.0000,0.0000,1.893,data/all_pdb_1y/fed_split/client_0/mmcif_files/9iaq.cif
9ime_B,duplicate_sequence,147,0.0000,0.0000,1.35,data/all_pdb_1y/fed_split/client_0/mmcif_files/9ime.cif
9in1_B,duplicate_sequence,120,0.0000,0.0000,1.4,data/all_pdb_1y/fed_split/client_0/mmcif_files/9in1.cif
9in1_C,duplicate_sequence,120,0.0000,0.0000,1.4,data/all_pdb_1y/fed_split/client_0/mmcif_files/9in1.cif
9in1_D,duplicate_sequence,120,0.0000,0.0000,1.4,data/all_pdb_1y/fed_split/client_0/mmcif_files/9in1.cif
9isj_B,duplicate_sequence,109,0.0000,0.0000,1.8,data/all_pdb_1y/fed_split/client_0/mmcif_files/9isj.cif
9ivn_B,duplicate_sequence,259,0.0000,0.0000,2.0,data/all_pdb_1y/fed_split/client_0/mmcif_files/9ivn.cif
9ivn_C,duplicate_sequence,259,0.0000,0.0000,2.0,data/all_pdb_1y/fed_split/client_0/mmcif_files/9ivn.cif
9ivn_F,duplicate_sequence,259,0.0000,0.0000,2.0,data/all_pdb_1y/fed_split/client_0/mmcif_files/9ivn.cif
9ivn_G,duplicate_sequence,259,0.0000,0.0000,2.0,data/all_pdb_1y/fed_split/client_0/mmcif_files/9ivn.cif
9ivn_H,duplicate_sequence,259,0.0000,0.0000,2.0,data/all_pdb_1y/fed_split/client_0/mmcif_files/9ivn.cif
9ivn_D,duplicate_sequence,259,0.0000,0.0000,2.0,data/all_pdb_1y/fed_split/client_0/mmcif_files/9ivn.cif
9ivn_E,duplicate_sequence,259,0.0000,0.0000,2.0,data/all_pdb_1y/fed_split/client_0/mmcif_files/9ivn.cif
9ivo_A,duplicate_sequence,259,0.0000,0.0000,1.78,data/all_pdb_1y/fed_split/client_0/mmcif_files/9ivo.cif
9ivo_B,duplicate_sequence,259,0.0000,0.0000,1.78,data/all_pdb_1y/fed_split/client_0/mmcif_files/9ivo.cif
9ivo_C,duplicate_sequence,259,0.0000,0.0000,1.78,data/all_pdb_1y/fed_split/client_0/mmcif_files/9ivo.cif
9ivo_D,duplicate_sequence,259,0.0000,0.0000,1.78,data/all_pdb_1y/fed_split/client_0/mmcif_files/9ivo.cif
9j5t_A,duplicate_sequence,293,0.0000,0.0000,1.43,data/all_pdb_1y/fed_split/client_0/mmcif_files/9j5t.cif
9jet_B,duplicate_sequence,118,0.0000,0.0000,1.19,data/all_pdb_1y/fed_split/client_0/mmcif_files/9jet.cif
9jeu_A,duplicate_sequence,118,0.0000,0.0000,1.19,data/all_pdb_1y/fed_split/client_0/mmcif_files/9jeu.cif
9jeu_B,duplicate_sequence,118,0.0000,0.0000,1.19,data/all_pdb_1y/fed_split/client_0/mmcif_files/9jeu.cif
9jev_A,duplicate_sequence,118,0.0000,0.0000,1.12,data/all_pdb_1y/fed_split/client_0/mmcif_files/9jev.cif
9jev_B,duplicate_sequence,118,0.0000,0.0000,1.12,data/all_pdb_1y/fed_split/client_0/mmcif_files/9jev.cif
9jew_B,duplicate_sequence,118,0.0000,0.0000,1.08,data/all_pdb_1y/fed_split/client_0/mmcif_files/9jew.cif
9jr8_A,duplicate_sequence,147,0.0000,0.0000,1.55,data/all_pdb_1y/fed_split/client_0/mmcif_files/9jr8.cif
9jr8_B,duplicate_sequence,147,0.0000,0.0000,1.55,data/all_pdb_1y/fed_split/client_0/mmcif_files/9jr8.cif
9jrq_A,duplicate_sequence,147,0.0000,0.0000,1.25,data/all_pdb_1y/fed_split/client_0/mmcif_files/9jrq.cif
9jrq_B,duplicate_sequence,147,0.0000,0.0000,1.25,data/all_pdb_1y/fed_split/client_0/mmcif_files/9jrq.cif
9jrv_B,duplicate_sequence,147,0.0000,0.0000,1.5,data/all_pdb_1y/fed_split/client_0/mmcif_files/9jrv.cif
9js5_B,duplicate_sequence,104,0.0000,0.0000,1.8,data/all_pdb_1y/fed_split/client_0/mmcif_files/9js5.cif
9jth_B,duplicate_sequence,140,0.0000,0.0000,1.7,data/all_pdb_1y/fed_split/client_0/mmcif_files/9jth.cif
9jth_C,duplicate_sequence,140,0.0000,0.0000,1.7,data/all_pdb_1y/fed_split/client_0/mmcif_files/9jth.cif
9jth_D,duplicate_sequence,140,0.0000,0.0000,1.7,data/all_pdb_1y/fed_split/client_0/mmcif_files/9jth.cif
9jux_B,duplicate_sequence,242,0.0000,0.0000,1.67,data/all_pdb_1y/fed_split/client_0/mmcif_files/9jux.cif
9jux_C,duplicate_sequence,242,0.0000,0.0000,1.67,data/all_pdb_1y/fed_split/client_0/mmcif_files/9jux.cif
9jw8_A,duplicate_sequence,147,0.0000,0.0000,1.5,data/all_pdb_1y/fed_split/client_0/mmcif_files/9jw8.cif
9k0h_B,duplicate_sequence,268,0.0000,0.0000,1.948,data/all_pdb_1y/fed_split/client_0/mmcif_files/9k0h.cif
9k1k_B,duplicate_sequence,158,0.0000,0.0000,1.439,data/all_pdb_1y/fed_split/client_0/mmcif_files/9k1k.cif
9kga_B,duplicate_sequence,56,0.0000,0.0000,1.9,data/all_pdb_1y/fed_split/client_0/mmcif_files/9kga.cif
9kga_C,duplicate_sequence,56,0.0000,0.0000,1.9,data/all_pdb_1y/fed_split/client_0/mmcif_files/9kga.cif
9kga_D,duplicate_sequence,56,0.0000,0.0000,1.9,data/all_pdb_1y/fed_split/client_0/mmcif_files/9kga.cif
9kga_E,duplicate_sequence,56,0.0000,0.0000,1.9,data/all_pdb_1y/fed_split/client_0/mmcif_files/9kga.cif
9kga_F,duplicate_sequence,56,0.0000,0.0000,1.9,data/all_pdb_1y/fed_split/client_0/mmcif_files/9kga.cif
9kkd_B,duplicate_sequence,60,0.0000,0.0000,1.85,data/all_pdb_1y/fed_split/client_0/mmcif_files/9kkd.cif
9kkd_C,duplicate_sequence,60,0.0000,0.0000,1.85,data/all_pdb_1y/fed_split/client_0/mmcif_files/9kkd.cif
9kkd_D,duplicate_sequence,60,0.0000,0.0000,1.85,data/all_pdb_1y/fed_split/client_0/mmcif_files/9kkd.cif
9kn9_A,duplicate_sequence,133,0.0000,0.0000,2.0,data/all_pdb_1y/fed_split/client_0/mmcif_files/9kn9.cif
9knb_A,duplicate_sequence,133,0.0000,0.0000,1.84,data/all_pdb_1y/fed_split/client_0/mmcif_files/9knb.cif
9kz4_A,duplicate_sequence,159,0.0000,0.0000,1.708,data/all_pdb_1y/fed_split/client_0/mmcif_files/9kz4.cif
9kza_B,duplicate_sequence,191,0.0000,0.0000,1.94,data/all_pdb_1y/fed_split/client_0/mmcif_files/9kza.cif
9l1t_A,duplicate_sequence,293,0.0000,0.0000,1.96,data/all_pdb_1y/fed_split/client_0/mmcif_files/9l1t.cif
9l27_A,duplicate_sequence,293,0.0000,0.0000,1.48,data/all_pdb_1y/fed_split/client_0/mmcif_files/9l27.cif
9l2c_A,duplicate_sequence,293,0.0000,0.0000,1.79,data/all_pdb_1y/fed_split/client_0/mmcif_files/9l2c.cif
9l2h_A,duplicate_sequence,293,0.0000,0.0000,1.71,data/all_pdb_1y/fed_split/client_0/mmcif_files/9l2h.cif
9l2m_A,duplicate_sequence,293,0.0000,0.0000,1.53,data/all_pdb_1y/fed_split/client_0/mmcif_files/9l2m.cif
9l2p_A,duplicate_sequence,293,0.0000,0.0000,1.6,data/all_pdb_1y/fed_split/client_0/mmcif_files/9l2p.cif
9l77_B,duplicate_sequence,242,0.0000,0.0000,1.5,data/all_pdb_1y/fed_split/client_0/mmcif_files/9l77.cif
9l77_C,duplicate_sequence,242,0.0000,0.0000,1.5,data/all_pdb_1y/fed_split/client_0/mmcif_files/9l77.cif
9l77_D,duplicate_sequence,242,0.0000,0.0000,1.5,data/all_pdb_1y/fed_split/client_0/mmcif_files/9l77.cif
9l7a_A,duplicate_sequence,242,0.0000,0.0000,1.5,data/all_pdb_1y/fed_split/client_0/mmcif_files/9l7a.cif
9l7a_B,duplicate_sequence,242,0.0000,0.0000,1.5,data/all_pdb_1y/fed_split/client_0/mmcif_files/9l7a.cif
9l7a_C,duplicate_sequence,242,0.0000,0.0000,1.5,data/all_pdb_1y/fed_split/client_0/mmcif_files/9l7a.cif
9l7a_D,duplicate_sequence,242,0.0000,0.0000,1.5,data/all_pdb_1y/fed_split/client_0/mmcif_files/9l7a.cif
9l7f_A,duplicate_sequence,232,0.0000,0.0000,1.498,data/all_pdb_1y/fed_split/client_0/mmcif_files/9l7f.cif
9l7f_B,duplicate_sequence,232,0.0000,0.0000,1.498,data/all_pdb_1y/fed_split/client_0/mmcif_files/9l7f.cif
9lmz_B,duplicate_sequence,137,0.0000,0.0000,1.8,data/all_pdb_1y/fed_split/client_0/mmcif_files/9lmz.cif
9lmz_C,duplicate_sequence,137,0.0000,0.0000,1.8,data/all_pdb_1y/fed_split/client_0/mmcif_files/9lmz.cif
9ln2_B,duplicate_sequence,242,0.0000,0.0000,1.77,data/all_pdb_1y/fed_split/client_0/mmcif_files/9ln2.cif
9lnz_A,duplicate_sequence,242,0.0000,0.0000,1.93,data/all_pdb_1y/fed_split/client_0/mmcif_files/9lnz.cif
9lnz_B,duplicate_sequence,242,0.0000,0.0000,1.93,data/all_pdb_1y/fed_split/client_0/mmcif_files/9lnz.cif
9loa_B,duplicate_sequence,87,0.0000,0.0000,1.8,data/all_pdb_1y/fed_split/client_0/mmcif_files/9loa.cif
9lsa_B,duplicate_sequence,278,0.0036,0.0036,1.62,data/all_pdb_1y/fed_split/client_0/mmcif_files/9lsa.cif
9lsc_A,duplicate_sequence,278,0.0036,0.0036,1.38,data/all_pdb_1y/fed_split/client_0/mmcif_files/9lsc.cif
9lsc_B,duplicate_sequence,278,0.0036,0.0036,1.38,data/all_pdb_1y/fed_split/client_0/mmcif_files/9lsc.cif
9lsf_A,duplicate_sequence,278,0.0036,0.0036,1.62,data/all_pdb_1y/fed_split/client_0/mmcif_files/9lsf.cif
9lsf_B,duplicate_sequence,278,0.0036,0.0036,1.62,data/all_pdb_1y/fed_split/client_0/mmcif_files/9lsf.cif
9lsn_B,duplicate_sequence,135,0.0000,0.0000,1.75,data/all_pdb_1y/fed_split/client_0/mmcif_files/9lsn.cif
9lsn_C,duplicate_sequence,135,0.0000,0.0000,1.75,data/all_pdb_1y/fed_split/client_0/mmcif_files/9lsn.cif
9lux_B,duplicate_sequence,271,0.0000,0.0000,1.85,data/all_pdb_1y/fed_split/client_0/mmcif_files/9lux.cif
9lux_C,duplicate_sequence,271,0.0000,0.0000,1.85,data/all_pdb_1y/fed_split/client_0/mmcif_files/9lux.cif
9lux_D,duplicate_sequence,271,0.0000,0.0000,1.85,data/all_pdb_1y/fed_split/client_0/mmcif_files/9lux.cif
9lux_E,duplicate_sequence,271,0.0000,0.0000,1.85,data/all_pdb_1y/fed_split/client_0/mmcif_files/9lux.cif
9lux_F,duplicate_sequence,271,0.0000,0.0000,1.85,data/all_pdb_1y/fed_split/client_0/mmcif_files/9lux.cif
9lvu_B,duplicate_sequence,62,0.0000,0.0000,1.9,data/all_pdb_1y/fed_split/client_0/mmcif_files/9lvu.cif
9lvu_C,duplicate_sequence,62,0.0000,0.0000,1.9,data/all_pdb_1y/fed_split/client_0/mmcif_files/9lvu.cif
9lyt_B,duplicate_sequence,138,0.0000,0.0000,2.0,data/all_pdb_1y/fed_split/client_0/mmcif_files/9lyt.cif
9m6y_B,duplicate_sequence,92,0.0000,0.0000,1.7,data/all_pdb_1y/fed_split/client_0/mmcif_files/9m6y.cif
9mas_B,duplicate_sequence,266,0.0000,0.0000,1.757,data/all_pdb_1y/fed_split/client_0/mmcif_files/9mas.cif
9mbe_B,duplicate_sequence,156,0.0000,0.0000,1.4,data/all_pdb_1y/fed_split/client_0/mmcif_files/9mbe.cif
9mbf_A,duplicate_sequence,156,0.0000,0.0000,1.5,data/all_pdb_1y/fed_split/client_0/mmcif_files/9mbf.cif
9mbf_B,duplicate_sequence,156,0.0000,0.0000,1.5,data/all_pdb_1y/fed_split/client_0/mmcif_files/9mbf.cif
9mbg_B,duplicate_sequence,156,0.0000,0.0000,1.2,data/all_pdb_1y/fed_split/client_0/mmcif_files/9mbg.cif
9mbh_A,duplicate_sequence,156,0.0000,0.0000,1.21,data/all_pdb_1y/fed_split/client_0/mmcif_files/9mbh.cif
9mbh_B,duplicate_sequence,156,0.0000,0.0000,1.21,data/all_pdb_1y/fed_split/client_0/mmcif_files/9mbh.cif
9mbi_A,duplicate_sequence,156,0.0000,0.0000,1.09,data/all_pdb_1y/fed_split/client_0/mmcif_files/9mbi.cif
9mbi_B,duplicate_sequence,156,0.0000,0.0000,1.09,data/all_pdb_1y/fed_split/client_0/mmcif_files/9mbi.cif
9mbj_A,duplicate_sequence,156,0.0000,0.0000,1.57,data/all_pdb_1y/fed_split/client_0/mmcif_files/9mbj.cif
9mbj_B,duplicate_sequence,156,0.0000,0.0000,1.57,data/all_pdb_1y/fed_split/client_0/mmcif_files/9mbj.cif
9mbk_A,duplicate_sequence,156,0.0000,0.0000,1.18,data/all_pdb_1y/fed_split/client_0/mmcif_files/9mbk.cif
9mbk_B,duplicate_sequence,156,0.0000,0.0000,1.18,data/all_pdb_1y/fed_split/client_0/mmcif_files/9mbk.cif
9mbl_A,duplicate_sequence,156,0.0000,0.0000,1.37,data/all_pdb_1y/fed_split/client_0/mmcif_files/9mbl.cif
9mbl_B,duplicate_sequence,156,0.0000,0.0000,1.37,data/all_pdb_1y/fed_split/client_0/mmcif_files/9mbl.cif
9mbm_A,duplicate_sequence,156,0.0000,0.0000,1.42,data/all_pdb_1y/fed_split/client_0/mmcif_files/9mbm.cif
9mbm_B,duplicate_sequence,156,0.0000,0.0000,1.42,data/all_pdb_1y/fed_split/client_0/mmcif_files/9mbm.cif
9mbn_A,duplicate_sequence,156,0.0000,0.0000,1.55,data/all_pdb_1y/fed_split/client_0/mmcif_files/9mbn.cif
9mbn_B,duplicate_sequence,156,0.0000,0.0000,1.55,data/all_pdb_1y/fed_split/client_0/mmcif_files/9mbn.cif
9mkl_B,duplicate_sequence,230,0.0000,0.0000,1.98,data/all_pdb_1y/fed_split/client_0/mmcif_files/9mkl.cif
9mkl_C,duplicate_sequence,230,0.0000,0.0000,1.98,data/all_pdb_1y/fed_split/client_0/mmcif_files/9mkl.cif
9mkl_D,duplicate_sequence,230,0.0000,0.0000,1.98,data/all_pdb_1y/fed_split/client_0/mmcif_files/9mkl.cif
9mkl_E,duplicate_sequence,230,0.0000,0.0000,1.98,data/all_pdb_1y/fed_split/client_0/mmcif_files/9mkl.cif
9mkl_F,duplicate_sequence,230,0.0000,0.0000,1.98,data/all_pdb_1y/fed_split/client_0/mmcif_files/9mkl.cif
9mkl_G,duplicate_sequence,230,0.0000,0.0000,1.98,data/all_pdb_1y/fed_split/client_0/mmcif_files/9mkl.cif
9mkl_H,duplicate_sequence,230,0.0000,0.0000,1.98,data/all_pdb_1y/fed_split/client_0/mmcif_files/9mkl.cif
9mnr_B,duplicate_sequence,131,0.0000,0.0000,1.75,data/all_pdb_1y/fed_split/client_0/mmcif_files/9mnr.cif
9mnr_C,duplicate_sequence,131,0.0000,0.0000,1.75,data/all_pdb_1y/fed_split/client_0/mmcif_files/9mnr.cif
9mnr_D,duplicate_sequence,131,0.0000,0.0000,1.75,data/all_pdb_1y/fed_split/client_0/mmcif_files/9mnr.cif
9mp3_A,duplicate_sequence,147,0.0000,0.0000,1.3,data/all_pdb_1y/fed_split/client_0/mmcif_files/9mp3.cif
9mp4_A,duplicate_sequence,147,0.0000,0.0000,1.82,data/all_pdb_1y/fed_split/client_0/mmcif_files/9mp4.cif
9mp5_A,duplicate_sequence,147,0.0000,0.0000,1.97,data/all_pdb_1y/fed_split/client_0/mmcif_files/9mp5.cif
9mp8_A,duplicate_sequence,147,0.0000,0.0000,1.83,data/all_pdb_1y/fed_split/client_0/mmcif_files/9mp8.cif
9mp9_A,duplicate_sequence,147,0.0000,0.0000,1.9,data/all_pdb_1y/fed_split/client_0/mmcif_files/9mp9.cif
9mpa_A,duplicate_sequence,147,0.0000,0.0000,1.85,data/all_pdb_1y/fed_split/client_0/mmcif_files/9mpa.cif
9msz_B,duplicate_sequence,107,0.0000,0.0000,1.1,data/all_pdb_1y/fed_split/client_0/mmcif_files/9msz.cif
9mt0_A,duplicate_sequence,107,0.0000,0.0000,1.2,data/all_pdb_1y/fed_split/client_0/mmcif_files/9mt0.cif
9mt0_B,duplicate_sequence,107,0.0000,0.0000,1.2,data/all_pdb_1y/fed_split/client_0/mmcif_files/9mt0.cif
9mt1_A,duplicate_sequence,107,0.0000,0.0000,1.405,data/all_pdb_1y/fed_split/client_0/mmcif_files/9mt1.cif
9mt1_B,duplicate_sequence,107,0.0000,0.0000,1.405,data/all_pdb_1y/fed_split/client_0/mmcif_files/9mt1.cif
9mto_B,duplicate_sequence,147,0.0000,0.0000,1.69,data/all_pdb_1y/fed_split/client_0/mmcif_files/9mto.cif
9muk_B,duplicate_sequence,280,0.0000,0.0000,1.973,data/all_pdb_1y/fed_split/client_0/mmcif_files/9muk.cif
9muk_C,duplicate_sequence,280,0.0000,0.0000,1.973,data/all_pdb_1y/fed_split/client_0/mmcif_files/9muk.cif
9muk_D,duplicate_sequence,280,0.0000,0.0000,1.973,data/all_pdb_1y/fed_split/client_0/mmcif_files/9muk.cif
9muq_A,duplicate_sequence,109,0.0000,0.0000,1.8,data/all_pdb_1y/fed_split/client_0/mmcif_files/9muq.cif
9myp_C,duplicate_sequence,167,0.0000,0.0000,1.84,data/all_pdb_1y/fed_split/client_0/mmcif_files/9myp.cif
9myp_B,duplicate_sequence,167,0.0000,0.0000,1.84,data/all_pdb_1y/fed_split/client_0/mmcif_files/9myp.cif
9nb2_A,duplicate_sequence,212,0.0000,0.0000,1.5,data/all_pdb_1y/fed_split/client_0/mmcif_files/9nb2.cif
9nb4_A,duplicate_sequence,212,0.0000,0.0000,1.8,data/all_pdb_1y/fed_split/client_0/mmcif_files/9nb4.cif
9nb7_A,duplicate_sequence,212,0.0000,0.0000,1.8,data/all_pdb_1y/fed_split/client_0/mmcif_files/9nb7.cif
9nbf_A,duplicate_sequence,212,0.0000,0.0000,1.8,data/all_pdb_1y/fed_split/client_0/mmcif_files/9nbf.cif
9nbj_A,duplicate_sequence,212,0.0000,0.0000,1.8,data/all_pdb_1y/fed_split/client_0/mmcif_files/9nbj.cif
9nbk_A,duplicate_sequence,212,0.0000,0.0000,1.8,data/all_pdb_1y/fed_split/client_0/mmcif_files/9nbk.cif
9nbn_A,duplicate_sequence,212,0.0000,0.0000,1.8,data/all_pdb_1y/fed_split/client_0/mmcif_files/9nbn.cif
9ncc_A,duplicate_sequence,212,0.0000,0.0000,1.8,data/all_pdb_1y/fed_split/client_0/mmcif_files/9ncc.cif
9ni0_B,duplicate_sequence,159,0.0000,0.0000,1.51,data/all_pdb_1y/fed_split/client_0/mmcif_files/9ni0.cif
9nic_B,duplicate_sequence,189,0.0000,0.0000,1.96,data/all_pdb_1y/fed_split/client_0/mmcif_files/9nic.cif
9nix_A,duplicate_sequence,247,0.0000,0.0000,1.42,data/all_pdb_1y/fed_split/client_0/mmcif_files/9nix.cif
9niz_A,duplicate_sequence,247,0.0000,0.0000,1.4,data/all_pdb_1y/fed_split/client_0/mmcif_files/9niz.cif
9no5_B,duplicate_sequence,212,0.0000,0.0000,1.45,data/all_pdb_1y/fed_split/client_0/mmcif_files/9no5.cif
9no5_C,duplicate_sequence,212,0.0000,0.0000,1.45,data/all_pdb_1y/fed_split/client_0/mmcif_files/9no5.cif
9nr0_B,duplicate_sequence,199,0.0000,0.0000,1.55,data/all_pdb_1y/fed_split/client_0/mmcif_files/9nr0.cif
9nsj_A,duplicate_sequence,199,0.0000,0.0000,1.33,data/all_pdb_1y/fed_split/client_0/mmcif_files/9nsj.cif
9nsj_B,duplicate_sequence,199,0.0000,0.0000,1.33,data/all_pdb_1y/fed_split/client_0/mmcif_files/9nsj.cif
9nwg_B,duplicate_sequence,104,0.0000,0.0000,1.7,data/all_pdb_1y/fed_split/client_0/mmcif_files/9nwg.cif
9nwg_C,duplicate_sequence,104,0.0000,0.0000,1.7,data/all_pdb_1y/fed_split/client_0/mmcif_files/9nwg.cif
9nwg_D,duplicate_sequence,104,0.0000,0.0000,1.7,data/all_pdb_1y/fed_split/client_0/mmcif_files/9nwg.cif
9nwg_E,duplicate_sequence,104,0.0000,0.0000,1.7,data/all_pdb_1y/fed_split/client_0/mmcif_files/9nwg.cif
9nwg_F,duplicate_sequence,104,0.0000,0.0000,1.7,data/all_pdb_1y/fed_split/client_0/mmcif_files/9nwg.cif
9nwg_G,duplicate_sequence,104,0.0000,0.0000,1.7,data/all_pdb_1y/fed_split/client_0/mmcif_files/9nwg.cif
9nwg_H,duplicate_sequence,104,0.0000,0.0000,1.7,data/all_pdb_1y/fed_split/client_0/mmcif_files/9nwg.cif
9nwg_I,duplicate_sequence,104,0.0000,0.0000,1.7,data/all_pdb_1y/fed_split/client_0/mmcif_files/9nwg.cif
9nwg_J,duplicate_sequence,104,0.0000,0.0000,1.7,data/all_pdb_1y/fed_split/client_0/mmcif_files/9nwg.cif
9nym_B,duplicate_sequence,148,0.0000,0.0000,2.0,data/all_pdb_1y/fed_split/client_0/mmcif_files/9nym.cif
9o3r_BBB,duplicate_sequence,117,0.0000,0.0000,1.539,data/all_pdb_1y/fed_split/client_0/mmcif_files/9o3r.cif
9o3r_CCC,duplicate_sequence,117,0.0000,0.0000,1.539,data/all_pdb_1y/fed_split/client_0/mmcif_files/9o3r.cif
9o3r_DDD,duplicate_sequence,117,0.0000,0.0000,1.539,data/all_pdb_1y/fed_split/client_0/mmcif_files/9o3r.cif
9o3r_EEE,duplicate_sequence,117,0.0000,0.0000,1.539,data/all_pdb_1y/fed_split/client_0/mmcif_files/9o3r.cif
9o3r_FFF,duplicate_sequence,117,0.0000,0.0000,1.539,data/all_pdb_1y/fed_split/client_0/mmcif_files/9o3r.cif
9o3r_GGG,duplicate_sequence,117,0.0000,0.0000,1.539,data/all_pdb_1y/fed_split/client_0/mmcif_files/9o3r.cif
9o3r_HHH,duplicate_sequence,117,0.0000,0.0000,1.539,data/all_pdb_1y/fed_split/client_0/mmcif_files/9o3r.cif
9o3r_III,duplicate_sequence,117,0.0000,0.0000,1.539,data/all_pdb_1y/fed_split/client_0/mmcif_files/9o3r.cif
9o3r_JJJ,duplicate_sequence,117,0.0000,0.0000,1.539,data/all_pdb_1y/fed_split/client_0/mmcif_files/9o3r.cif
9o3r_KKK,duplicate_sequence,117,0.0000,0.0000,1.539,data/all_pdb_1y/fed_split/client_0/mmcif_files/9o3r.cif
9o3r_LLL,duplicate_sequence,117,0.0000,0.0000,1.539,data/all_pdb_1y/fed_split/client_0/mmcif_files/9o3r.cif
9o3r_MMM,duplicate_sequence,117,0.0000,0.0000,1.539,data/all_pdb_1y/fed_split/client_0/mmcif_files/9o3r.cif
9o3r_NNN,duplicate_sequence,117,0.0000,0.0000,1.539,data/all_pdb_1y/fed_split/client_0/mmcif_files/9o3r.cif
9o3r_OOO,duplicate_sequence,117,0.0000,0.0000,1.539,data/all_pdb_1y/fed_split/client_0/mmcif_files/9o3r.cif
9o3r_PPP,duplicate_sequence,117,0.0000,0.0000,1.539,data/all_pdb_1y/fed_split/client_0/mmcif_files/9o3r.cif
9o3r_QQQ,duplicate_sequence,117,0.0000,0.0000,1.539,data/all_pdb_1y/fed_split/client_0/mmcif_files/9o3r.cif
9o3r_RRR,duplicate_sequence,117,0.0000,0.0000,1.539,data/all_pdb_1y/fed_split/client_0/mmcif_files/9o3r.cif
9o3s_BBB,duplicate_sequence,117,0.0000,0.0000,1.64,data/all_pdb_1y/fed_split/client_0/mmcif_files/9o3s.cif
9o3s_CCC,duplicate_sequence,117,0.0000,0.0000,1.64,data/all_pdb_1y/fed_split/client_0/mmcif_files/9o3s.cif
9o3s_DDD,duplicate_sequence,117,0.0000,0.0000,1.64,data/all_pdb_1y/fed_split/client_0/mmcif_files/9o3s.cif
9o3s_EEE,duplicate_sequence,117,0.0000,0.0000,1.64,data/all_pdb_1y/fed_split/client_0/mmcif_files/9o3s.cif
9o3s_FFF,duplicate_sequence,117,0.0000,0.0000,1.64,data/all_pdb_1y/fed_split/client_0/mmcif_files/9o3s.cif
9o3s_GGG,duplicate_sequence,117,0.0000,0.0000,1.64,data/all_pdb_1y/fed_split/client_0/mmcif_files/9o3s.cif
9o3s_HHH,duplicate_sequence,117,0.0000,0.0000,1.64,data/all_pdb_1y/fed_split/client_0/mmcif_files/9o3s.cif
9o3s_III,duplicate_sequence,117,0.0000,0.0000,1.64,data/all_pdb_1y/fed_split/client_0/mmcif_files/9o3s.cif
9o3s_JJJ,duplicate_sequence,117,0.0000,0.0000,1.64,data/all_pdb_1y/fed_split/client_0/mmcif_files/9o3s.cif
9o3s_KKK,duplicate_sequence,117,0.0000,0.0000,1.64,data/all_pdb_1y/fed_split/client_0/mmcif_files/9o3s.cif
9o3s_LLL,duplicate_sequence,117,0.0000,0.0000,1.64,data/all_pdb_1y/fed_split/client_0/mmcif_files/9o3s.cif
9o3t_AAA,duplicate_sequence,117,0.0000,0.0000,1.529,data/all_pdb_1y/fed_split/client_0/mmcif_files/9o3t.cif
9o3t_BBB,duplicate_sequence,117,0.0000,0.0000,1.529,data/all_pdb_1y/fed_split/client_0/mmcif_files/9o3t.cif
9o3t_CCC,duplicate_sequence,117,0.0000,0.0000,1.529,data/all_pdb_1y/fed_split/client_0/mmcif_files/9o3t.cif
9o3t_DDD,duplicate_sequence,117,0.0000,0.0000,1.529,data/all_pdb_1y/fed_split/client_0/mmcif_files/9o3t.cif
9o3t_EEE,duplicate_sequence,117,0.0000,0.0000,1.529,data/all_pdb_1y/fed_split/client_0/mmcif_files/9o3t.cif
9o3t_FFF,duplicate_sequence,117,0.0000,0.0000,1.529,data/all_pdb_1y/fed_split/client_0/mmcif_files/9o3t.cif
9o3t_GGG,duplicate_sequence,117,0.0000,0.0000,1.529,data/all_pdb_1y/fed_split/client_0/mmcif_files/9o3t.cif
9o3t_HHH,duplicate_sequence,117,0.0000,0.0000,1.529,data/all_pdb_1y/fed_split/client_0/mmcif_files/9o3t.cif
9o3t_JJJ,duplicate_sequence,117,0.0000,0.0000,1.529,data/all_pdb_1y/fed_split/client_0/mmcif_files/9o3t.cif
9o3t_KKK,duplicate_sequence,117,0.0000,0.0000,1.529,data/all_pdb_1y/fed_split/client_0/mmcif_files/9o3t.cif
9o3t_LLL,duplicate_sequence,117,0.0000,0.0000,1.529,data/all_pdb_1y/fed_split/client_0/mmcif_files/9o3t.cif
9o3u_BBB,duplicate_sequence,117,0.0000,0.0000,1.49,data/all_pdb_1y/fed_split/client_0/mmcif_files/9o3u.cif
9o3u_CCC,duplicate_sequence,117,0.0000,0.0000,1.49,data/all_pdb_1y/fed_split/client_0/mmcif_files/9o3u.cif
9o3u_DDD,duplicate_sequence,117,0.0000,0.0000,1.49,data/all_pdb_1y/fed_split/client_0/mmcif_files/9o3u.cif
9o3u_EEE,duplicate_sequence,117,0.0000,0.0000,1.49,data/all_pdb_1y/fed_split/client_0/mmcif_files/9o3u.cif
9o3u_FFF,duplicate_sequence,117,0.0000,0.0000,1.49,data/all_pdb_1y/fed_split/client_0/mmcif_files/9o3u.cif
9o3u_GGG,duplicate_sequence,117,0.0000,0.0000,1.49,data/all_pdb_1y/fed_split/client_0/mmcif_files/9o3u.cif
9o3u_HHH,duplicate_sequence,117,0.0000,0.0000,1.49,data/all_pdb_1y/fed_split/client_0/mmcif_files/9o3u.cif
9o3u_III,duplicate_sequence,117,0.0000,0.0000,1.49,data/all_pdb_1y/fed_split/client_0/mmcif_files/9o3u.cif
9o3u_JJJ,duplicate_sequence,117,0.0000,0.0000,1.49,data/all_pdb_1y/fed_split/client_0/mmcif_files/9o3u.cif
9o3u_KKK,duplicate_sequence,117,0.0000,0.0000,1.49,data/all_pdb_1y/fed_split/client_0/mmcif_files/9o3u.cif
9o3u_LLL,duplicate_sequence,117,0.0000,0.0000,1.49,data/all_pdb_1y/fed_split/client_0/mmcif_files/9o3u.cif
9ofx_B,duplicate_sequence,59,0.0000,0.0000,1.45,data/all_pdb_1y/fed_split/client_0/mmcif_files/9ofx.cif
9ofx_C,duplicate_sequence,59,0.0000,0.0000,1.45,data/all_pdb_1y/fed_split/client_0/mmcif_files/9ofx.cif
9ofx_D,duplicate_sequence,59,0.0000,0.0000,1.45,data/all_pdb_1y/fed_split/client_0/mmcif_files/9ofx.cif
9ojo_B,duplicate_sequence,158,0.0000,0.0000,1.358,data/all_pdb_1y/fed_split/client_0/mmcif_files/9ojo.cif
9ojo_C,duplicate_sequence,158,0.0000,0.0000,1.358,data/all_pdb_1y/fed_split/client_0/mmcif_files/9ojo.cif
9ojs_A,duplicate_sequence,158,0.0000,0.0000,1.849,data/all_pdb_1y/fed_split/client_0/mmcif_files/9ojs.cif
9ojs_B,duplicate_sequence,158,0.0000,0.0000,1.849,data/all_pdb_1y/fed_split/client_0/mmcif_files/9ojs.cif
9ojs_C,duplicate_sequence,158,0.0000,0.0000,1.849,data/all_pdb_1y/fed_split/client_0/mmcif_files/9ojs.cif
9omh_B,duplicate_sequence,279,0.0000,0.0000,1.45,data/all_pdb_1y/fed_split/client_0/mmcif_files/9omh.cif
9omh_C,duplicate_sequence,279,0.0000,0.0000,1.45,data/all_pdb_1y/fed_split/client_0/mmcif_files/9omh.cif
9omh_D,duplicate_sequence,279,0.0000,0.0000,1.45,data/all_pdb_1y/fed_split/client_0/mmcif_files/9omh.cif
9omi_A,duplicate_sequence,279,0.0000,0.0000,1.97,data/all_pdb_1y/fed_split/client_0/mmcif_files/9omi.cif
9omi_B,duplicate_sequence,279,0.0000,0.0000,1.97,data/all_pdb_1y/fed_split/client_0/mmcif_files/9omi.cif
9omj_B,duplicate_sequence,279,0.0000,0.0000,1.6,data/all_pdb_1y/fed_split/client_0/mmcif_files/9omj.cif
9oml_A,duplicate_sequence,279,0.0000,0.0000,1.9,data/all_pdb_1y/fed_split/client_0/mmcif_files/9oml.cif
9oml_B,duplicate_sequence,279,0.0000,0.0000,1.9,data/all_pdb_1y/fed_split/client_0/mmcif_files/9oml.cif
9ow2_B,duplicate_sequence,275,0.0000,0.0000,1.85,data/all_pdb_1y/fed_split/client_0/mmcif_files/9ow2.cif
9pgx_A,duplicate_sequence,182,0.0000,0.0000,1.46,data/all_pdb_1y/fed_split/client_0/mmcif_files/9pgx.cif
9pgy_A,duplicate_sequence,182,0.0000,0.0000,1.55,data/all_pdb_1y/fed_split/client_0/mmcif_files/9pgy.cif
9prf_A,duplicate_sequence,188,0.0000,0.0000,1.61,data/all_pdb_1y/fed_split/client_0/mmcif_files/9prf.cif
9prf_B,duplicate_sequence,188,0.0000,0.0000,1.61,data/all_pdb_1y/fed_split/client_0/mmcif_files/9prf.cif
9prg_A,duplicate_sequence,188,0.0000,0.0000,1.65,data/all_pdb_1y/fed_split/client_0/mmcif_files/9prg.cif
9prg_B,duplicate_sequence,188,0.0000,0.0000,1.65,data/all_pdb_1y/fed_split/client_0/mmcif_files/9prg.cif
9pri_A,duplicate_sequence,188,0.0000,0.0000,1.27,data/all_pdb_1y/fed_split/client_0/mmcif_files/9pri.cif
9prj_A,duplicate_sequence,188,0.0000,0.0000,1.81,data/all_pdb_1y/fed_split/client_0/mmcif_files/9prj.cif
9prk_A,duplicate_sequence,188,0.0000,0.0000,1.76,data/all_pdb_1y/fed_split/client_0/mmcif_files/9prk.cif
9prk_B,duplicate_sequence,188,0.0000,0.0000,1.76,data/all_pdb_1y/fed_split/client_0/mmcif_files/9prk.cif
9prl_B,duplicate_sequence,187,0.0000,0.0000,1.91,data/all_pdb_1y/fed_split/client_0/mmcif_files/9prl.cif
9pv2_B,duplicate_sequence,75,0.0000,0.0000,1.75,data/all_pdb_1y/fed_split/client_0/mmcif_files/9pv2.cif
9qev_B,duplicate_sequence,173,0.0000,0.0000,1.11,data/all_pdb_1y/fed_split/client_0/mmcif_files/9qev.cif
9qev_C,duplicate_sequence,173,0.0000,0.0000,1.11,data/all_pdb_1y/fed_split/client_0/mmcif_files/9qev.cif
9qfs_A,duplicate_sequence,136,0.0000,0.0000,1.329,data/all_pdb_1y/fed_split/client_0/mmcif_files/9qfs.cif
9qfy_A,duplicate_sequence,136,0.0000,0.0000,1.064,data/all_pdb_1y/fed_split/client_0/mmcif_files/9qfy.cif
9qrs_B,duplicate_sequence,204,0.0000,0.0000,1.87,data/all_pdb_1y/fed_split/client_0/mmcif_files/9qrs.cif
9qud_A,duplicate_sequence,172,0.0000,0.0000,1.95,data/all_pdb_1y/fed_split/client_0/mmcif_files/9qud.cif
9quo_A,duplicate_sequence,172,0.0000,0.0000,1.95,data/all_pdb_1y/fed_split/client_0/mmcif_files/9quo.cif
9qup_B,duplicate_sequence,169,0.0000,0.0000,1.95,data/all_pdb_1y/fed_split/client_0/mmcif_files/9qup.cif
9r0t_B,duplicate_sequence,113,0.0000,0.0000,1.9,data/all_pdb_1y/fed_split/client_0/mmcif_files/9r0t.cif
9r0t_C,duplicate_sequence,113,0.0000,0.0000,1.9,data/all_pdb_1y/fed_split/client_0/mmcif_files/9r0t.cif
9r0t_D,duplicate_sequence,113,0.0000,0.0000,1.9,data/all_pdb_1y/fed_split/client_0/mmcif_files/9r0t.cif
9r6v_B,duplicate_sequence,143,0.0000,0.0000,1.61,data/all_pdb_1y/fed_split/client_0/mmcif_files/9r6v.cif
9rak_B,duplicate_sequence,280,0.0000,0.0000,1.9,data/all_pdb_1y/fed_split/client_0/mmcif_files/9rak.cif
9rf1_B,duplicate_sequence,172,0.0000,0.0000,1.9,data/all_pdb_1y/fed_split/client_0/mmcif_files/9rf1.cif
9rfh_A,duplicate_sequence,241,0.0000,0.0000,1.15,data/all_pdb_1y/fed_split/client_0/mmcif_files/9rfh.cif
9rfi_A,duplicate_sequence,241,0.0000,0.0000,1.1,data/all_pdb_1y/fed_split/client_0/mmcif_files/9rfi.cif
9rfj_A,duplicate_sequence,241,0.0000,0.0000,1.15,data/all_pdb_1y/fed_split/client_0/mmcif_files/9rfj.cif
9rfk_A,duplicate_sequence,241,0.0000,0.0000,1.15,data/all_pdb_1y/fed_split/client_0/mmcif_files/9rfk.cif
9rfm_A,duplicate_sequence,241,0.0000,0.0000,1.05,data/all_pdb_1y/fed_split/client_0/mmcif_files/9rfm.cif
9rk6_A,duplicate_sequence,87,0.0000,0.0000,1.99,data/all_pdb_1y/fed_split/client_0/mmcif_files/9rk6.cif
9rp6_A,duplicate_sequence,156,0.0000,0.0000,1.8,data/all_pdb_1y/fed_split/client_0/mmcif_files/9rp6.cif
9rp7_B,duplicate_sequence,156,0.0000,0.0000,1.9,data/all_pdb_1y/fed_split/client_0/mmcif_files/9rp7.cif
9s0g_B,duplicate_sequence,215,0.0000,0.0000,1.9,data/all_pdb_1y/fed_split/client_0/mmcif_files/9s0g.cif
9s0g_C,duplicate_sequence,215,0.0000,0.0000,1.9,data/all_pdb_1y/fed_split/client_0/mmcif_files/9s0g.cif
9s0g_D,duplicate_sequence,215,0.0000,0.0000,1.9,data/all_pdb_1y/fed_split/client_0/mmcif_files/9s0g.cif
9s0h_B,duplicate_sequence,215,0.0000,0.0000,2.0,data/all_pdb_1y/fed_split/client_0/mmcif_files/9s0h.cif
9s0h_C,duplicate_sequence,215,0.0000,0.0000,2.0,data/all_pdb_1y/fed_split/client_0/mmcif_files/9s0h.cif
9s0h_D,duplicate_sequence,215,0.0000,0.0000,2.0,data/all_pdb_1y/fed_split/client_0/mmcif_files/9s0h.cif
9s0o_A,duplicate_sequence,152,0.0000,0.0000,1.514,data/all_pdb_1y/fed_split/client_0/mmcif_files/9s0o.cif
9s0o_B,duplicate_sequence,152,0.0000,0.0000,1.514,data/all_pdb_1y/fed_split/client_0/mmcif_files/9s0o.cif
9s1n_A,duplicate_sequence,152,0.0000,0.0000,1.503,data/all_pdb_1y/fed_split/client_0/mmcif_files/9s1n.cif
9s1o_A,duplicate_sequence,152,0.0000,0.0000,1.768,data/all_pdb_1y/fed_split/client_0/mmcif_files/9s1o.cif
9s1o_B,duplicate_sequence,152,0.0000,0.0000,1.768,data/all_pdb_1y/fed_split/client_0/mmcif_files/9s1o.cif
9s4w_B,duplicate_sequence,223,0.0000,0.0000,2.0,data/all_pdb_1y/fed_split/client_0/mmcif_files/9s4w.cif
9s62_A,duplicate_sequence,139,0.0000,0.0000,1.059,data/all_pdb_1y/fed_split/client_0/mmcif_files/9s62.cif
9sqi_A,duplicate_sequence,123,0.0000,0.0000,1.48,data/all_pdb_1y/fed_split/client_0/mmcif_files/9sqi.cif
9sqi_B,duplicate_sequence,123,0.0000,0.0000,1.48,data/all_pdb_1y/fed_split/client_0/mmcif_files/9sqi.cif
9sqi_C,duplicate_sequence,123,0.0000,0.0000,1.48,data/all_pdb_1y/fed_split/client_0/mmcif_files/9sqi.cif
9sqi_D,duplicate_sequence,123,0.0000,0.0000,1.48,data/all_pdb_1y/fed_split/client_0/mmcif_files/9sqi.cif
9sqx_A,duplicate_sequence,123,0.0000,0.0000,1.413,data/all_pdb_1y/fed_split/client_0/mmcif_files/9sqx.cif
9sqx_B,duplicate_sequence,123,0.0000,0.0000,1.413,data/all_pdb_1y/fed_split/client_0/mmcif_files/9sqx.cif
9sqx_C,duplicate_sequence,123,0.0000,0.0000,1.413,data/all_pdb_1y/fed_split/client_0/mmcif_files/9sqx.cif
9sqx_D,duplicate_sequence,123,0.0000,0.0000,1.413,data/all_pdb_1y/fed_split/client_0/mmcif_files/9sqx.cif
9srk_B,duplicate_sequence,127,0.0000,0.0000,1.8,data/all_pdb_1y/fed_split/client_0/mmcif_files/9srk.cif
9sv1_B,duplicate_sequence,100,0.0000,0.0000,1.55,data/all_pdb_1y/fed_split/client_0/mmcif_files/9sv1.cif
9sv2_A,duplicate_sequence,100,0.0000,0.0000,1.95,data/all_pdb_1y/fed_split/client_0/mmcif_files/9sv2.cif
9t06_B,duplicate_sequence,254,0.0000,0.0000,1.845,data/all_pdb_1y/fed_split/client_0/mmcif_files/9t06.cif
9t2h_A,duplicate_sequence,132,0.0000,0.0000,1.99,data/all_pdb_1y/fed_split/client_0/mmcif_files/9t2h.cif
9t4a_A,duplicate_sequence,148,0.0000,0.0000,1.697,data/all_pdb_1y/fed_split/client_0/mmcif_files/9t4a.cif
9t4b_A,duplicate_sequence,148,0.0000,0.0000,1.63,data/all_pdb_1y/fed_split/client_0/mmcif_files/9t4b.cif
9t4e_A,duplicate_sequence,148,0.0000,0.0000,1.541,data/all_pdb_1y/fed_split/client_0/mmcif_files/9t4e.cif
9t4g_A,duplicate_sequence,148,0.0000,0.0000,1.28,data/all_pdb_1y/fed_split/client_0/mmcif_files/9t4g.cif
9t4h_A,duplicate_sequence,148,0.0000,0.0000,1.24,data/all_pdb_1y/fed_split/client_0/mmcif_files/9t4h.cif
9t4i_A,duplicate_sequence,148,0.0000,0.0000,1.408,data/all_pdb_1y/fed_split/client_0/mmcif_files/9t4i.cif
9t4j_A,duplicate_sequence,148,0.0000,0.0000,1.324,data/all_pdb_1y/fed_split/client_0/mmcif_files/9t4j.cif
9t6s_B,duplicate_sequence,120,0.0000,0.0000,2.0,data/all_pdb_1y/fed_split/client_0/mmcif_files/9t6s.cif
9t6s_C,duplicate_sequence,120,0.0000,0.0000,2.0,data/all_pdb_1y/fed_split/client_0/mmcif_files/9t6s.cif
9t6s_D,duplicate_sequence,120,0.0000,0.0000,2.0,data/all_pdb_1y/fed_split/client_0/mmcif_files/9t6s.cif
9tw9_A,duplicate_sequence,202,0.0000,0.0000,1.65,data/all_pdb_1y/fed_split/client_0/mmcif_files/9tw9.cif
9twa_B,duplicate_sequence,202,0.0000,0.0000,1.4,data/all_pdb_1y/fed_split/client_0/mmcif_files/9twa.cif
9twc_B,duplicate_sequence,193,0.0000,0.0000,2.0,data/all_pdb_1y/fed_split/client_0/mmcif_files/9twc.cif
9twc_C,duplicate_sequence,193,0.0000,0.0000,2.0,data/all_pdb_1y/fed_split/client_0/mmcif_files/9twc.cif
9twc_D,duplicate_sequence,193,0.0000,0.0000,2.0,data/all_pdb_1y/fed_split/client_0/mmcif_files/9twc.cif
9twc_E,duplicate_sequence,193,0.0000,0.0000,2.0,data/all_pdb_1y/fed_split/client_0/mmcif_files/9twc.cif
9twc_G,duplicate_sequence,193,0.0000,0.0000,2.0,data/all_pdb_1y/fed_split/client_0/mmcif_files/9twc.cif
9txe_A,duplicate_sequence,105,0.0000,0.0000,0.95,data/all_pdb_1y/fed_split/client_0/mmcif_files/9txe.cif
9txo_A,duplicate_sequence,105,0.0000,0.0000,1.2,data/all_pdb_1y/fed_split/client_0/mmcif_files/9txo.cif
9txq_A,duplicate_sequence,105,0.0000,0.0000,1.1,data/all_pdb_1y/fed_split/client_0/mmcif_files/9txq.cif
9u4i_A,duplicate_sequence,242,0.0000,0.0000,1.852,data/all_pdb_1y/fed_split/client_0/mmcif_files/9u4i.cif
9u4i_B,duplicate_sequence,242,0.0000,0.0000,1.852,data/all_pdb_1y/fed_split/client_0/mmcif_files/9u4i.cif
9u4i_C,duplicate_sequence,242,0.0000,0.0000,1.852,data/all_pdb_1y/fed_split/client_0/mmcif_files/9u4i.cif
9u4i_D,duplicate_sequence,242,0.0000,0.0000,1.852,data/all_pdb_1y/fed_split/client_0/mmcif_files/9u4i.cif
9u78_B,duplicate_sequence,118,0.0000,0.0000,1.7,data/all_pdb_1y/fed_split/client_0/mmcif_files/9u78.cif
9u9t_A,duplicate_sequence,242,0.0000,0.0000,1.464,data/all_pdb_1y/fed_split/client_0/mmcif_files/9u9t.cif
9u9t_B,duplicate_sequence,242,0.0000,0.0000,1.464,data/all_pdb_1y/fed_split/client_0/mmcif_files/9u9t.cif
9u9t_C,duplicate_sequence,242,0.0000,0.0000,1.464,data/all_pdb_1y/fed_split/client_0/mmcif_files/9u9t.cif
9u9t_D,duplicate_sequence,242,0.0000,0.0000,1.464,data/all_pdb_1y/fed_split/client_0/mmcif_files/9u9t.cif
9u9t_E,duplicate_sequence,242,0.0000,0.0000,1.464,data/all_pdb_1y/fed_split/client_0/mmcif_files/9u9t.cif
9u9t_F,duplicate_sequence,242,0.0000,0.0000,1.464,data/all_pdb_1y/fed_split/client_0/mmcif_files/9u9t.cif
9u9t_G,duplicate_sequence,242,0.0000,0.0000,1.464,data/all_pdb_1y/fed_split/client_0/mmcif_files/9u9t.cif
9u9t_H,duplicate_sequence,242,0.0000,0.0000,1.464,data/all_pdb_1y/fed_split/client_0/mmcif_files/9u9t.cif
9uem_A,duplicate_sequence,232,0.0000,0.0000,1.8,data/all_pdb_1y/fed_split/client_0/mmcif_files/9uem.cif
9uib_B,duplicate_sequence,116,0.0000,0.0000,1.53,data/all_pdb_1y/fed_split/client_0/mmcif_files/9uib.cif
9uoz_B,duplicate_sequence,106,0.0000,0.0000,1.999,data/all_pdb_1y/fed_split/client_0/mmcif_files/9uoz.cif
9uoz_D,duplicate_sequence,106,0.0000,0.0000,1.999,data/all_pdb_1y/fed_split/client_0/mmcif_files/9uoz.cif
9uoz_F,duplicate_sequence,106,0.0000,0.0000,1.999,data/all_pdb_1y/fed_split/client_0/mmcif_files/9uoz.cif
9uoz_C,duplicate_sequence,106,0.0000,0.0000,1.999,data/all_pdb_1y/fed_split/client_0/mmcif_files/9uoz.cif
9uoz_E,duplicate_sequence,106,0.0000,0.0000,1.999,data/all_pdb_1y/fed_split/client_0/mmcif_files/9uoz.cif
9uoz_G,duplicate_sequence,106,0.0000,0.0000,1.999,data/all_pdb_1y/fed_split/client_0/mmcif_files/9uoz.cif
9uoz_H,duplicate_sequence,106,0.0000,0.0000,1.999,data/all_pdb_1y/fed_split/client_0/mmcif_files/9uoz.cif
9us2_B,duplicate_sequence,210,0.0000,0.0000,1.8,data/all_pdb_1y/fed_split/client_0/mmcif_files/9us2.cif
9us2_C,duplicate_sequence,210,0.0000,0.0000,1.8,data/all_pdb_1y/fed_split/client_0/mmcif_files/9us2.cif
9uwo_A,duplicate_sequence,142,0.0000,0.0000,1.64,data/all_pdb_1y/fed_split/client_0/mmcif_files/9uwo.cif
9uws_A,duplicate_sequence,142,0.0000,0.0000,1.78,data/all_pdb_1y/fed_split/client_0/mmcif_files/9uws.cif
9uwu_A,duplicate_sequence,142,0.0000,0.0000,1.99,data/all_pdb_1y/fed_split/client_0/mmcif_files/9uwu.cif
9uyv_B,duplicate_sequence,194,0.0000,0.0000,1.5,data/all_pdb_1y/fed_split/client_0/mmcif_files/9uyv.cif
9v6m_B,duplicate_sequence,279,0.0000,0.0000,2.0,data/all_pdb_1y/fed_split/client_0/mmcif_files/9v6m.cif
9v77_B,duplicate_sequence,235,0.0000,0.0000,2.0,data/all_pdb_1y/fed_split/client_0/mmcif_files/9v77.cif
9vle_A,duplicate_sequence,137,0.0000,0.0000,1.99,data/all_pdb_1y/fed_split/client_0/mmcif_files/9vle.cif
9vle_B,duplicate_sequence,137,0.0000,0.0000,1.99,data/all_pdb_1y/fed_split/client_0/mmcif_files/9vle.cif
9vle_C,duplicate_sequence,137,0.0000,0.0000,1.99,data/all_pdb_1y/fed_split/client_0/mmcif_files/9vle.cif
9vms_C,duplicate_sequence,251,0.0000,0.0000,1.74,data/all_pdb_1y/fed_split/client_0/mmcif_files/9vms.cif
9vms_B,duplicate_sequence,251,0.0000,0.0000,1.74,data/all_pdb_1y/fed_split/client_0/mmcif_files/9vms.cif
9vms_D,duplicate_sequence,251,0.0000,0.0000,1.74,data/all_pdb_1y/fed_split/client_0/mmcif_files/9vms.cif
9vmt_B,duplicate_sequence,251,0.0000,0.0000,1.88,data/all_pdb_1y/fed_split/client_0/mmcif_files/9vmt.cif
9vmt_C,duplicate_sequence,251,0.0000,0.0000,1.88,data/all_pdb_1y/fed_split/client_0/mmcif_files/9vmt.cif
9vmt_D,duplicate_sequence,251,0.0000,0.0000,1.88,data/all_pdb_1y/fed_split/client_0/mmcif_files/9vmt.cif
9vmt_E,duplicate_sequence,251,0.0000,0.0000,1.88,data/all_pdb_1y/fed_split/client_0/mmcif_files/9vmt.cif
9vmt_F,duplicate_sequence,251,0.0000,0.0000,1.88,data/all_pdb_1y/fed_split/client_0/mmcif_files/9vmt.cif
9vmt_G,duplicate_sequence,251,0.0000,0.0000,1.88,data/all_pdb_1y/fed_split/client_0/mmcif_files/9vmt.cif
9vmt_H,duplicate_sequence,251,0.0000,0.0000,1.88,data/all_pdb_1y/fed_split/client_0/mmcif_files/9vmt.cif
9vtc_B,duplicate_sequence,289,0.0000,0.0000,1.85,data/all_pdb_1y/fed_split/client_0/mmcif_files/9vtc.cif
9vtc_C,duplicate_sequence,289,0.0000,0.0000,1.85,data/all_pdb_1y/fed_split/client_0/mmcif_files/9vtc.cif
9vtc_D,duplicate_sequence,289,0.0000,0.0000,1.85,data/all_pdb_1y/fed_split/client_0/mmcif_files/9vtc.cif
9vyl_B,duplicate_sequence,243,0.0000,0.0000,1.539,data/all_pdb_1y/fed_split/client_0/mmcif_files/9vyl.cif
9vyl_C,duplicate_sequence,243,0.0000,0.0000,1.539,data/all_pdb_1y/fed_split/client_0/mmcif_files/9vyl.cif
9vyl_D,duplicate_sequence,243,0.0000,0.0000,1.539,data/all_pdb_1y/fed_split/client_0/mmcif_files/9vyl.cif
9wlv_BBB,duplicate_sequence,290,0.0000,0.0000,1.9,data/all_pdb_1y/fed_split/client_0/mmcif_files/9wlv.cif
9ww1_B,duplicate_sequence,146,0.0000,0.0000,2.0,data/all_pdb_1y/fed_split/client_0/mmcif_files/9ww1.cif
9ww1_C,duplicate_sequence,146,0.0000,0.0000,2.0,data/all_pdb_1y/fed_split/client_0/mmcif_files/9ww1.cif
9ww1_D,duplicate_sequence,146,0.0000,0.0000,2.0,data/all_pdb_1y/fed_split/client_0/mmcif_files/9ww1.cif
9xoe_B,duplicate_sequence,50,0.0000,0.0000,1.65,data/all_pdb_1y/fed_split/client_0/mmcif_files/9xoe.cif
9xoe_C,duplicate_sequence,50,0.0000,0.0000,1.65,data/all_pdb_1y/fed_split/client_0/mmcif_files/9xoe.cif
9xoe_D,duplicate_sequence,50,0.0000,0.0000,1.65,data/all_pdb_1y/fed_split/client_0/mmcif_files/9xoe.cif
9xoh_B,duplicate_sequence,176,0.0000,0.0000,1.51,data/all_pdb_1y/fed_split/client_0/mmcif_files/9xoh.cif
9xoh_C,duplicate_sequence,176,0.0000,0.0000,1.51,data/all_pdb_1y/fed_split/client_0/mmcif_files/9xoh.cif
9xoh_D,duplicate_sequence,176,0.0000,0.0000,1.51,data/all_pdb_1y/fed_split/client_0/mmcif_files/9xoh.cif
9xri_B,duplicate_sequence,156,0.0000,0.0000,1.08,data/all_pdb_1y/fed_split/client_0/mmcif_files/9xri.cif
9xrj_A,duplicate_sequence,156,0.0000,0.0000,1.86,data/all_pdb_1y/fed_split/client_0/mmcif_files/9xrj.cif
9xrj_B,duplicate_sequence,156,0.0000,0.0000,1.86,data/all_pdb_1y/fed_split/client_0/mmcif_files/9xrj.cif
9xs8_B,duplicate_sequence,118,0.0000,0.0000,1.265,data/all_pdb_1y/fed_split/client_0/mmcif_files/9xs8.cif
9xs9_B,duplicate_sequence,118,0.0000,0.0000,1.087,data/all_pdb_1y/fed_split/client_0/mmcif_files/9xs9.cif
9xsa_B,duplicate_sequence,118,0.0000,0.0000,1.423,data/all_pdb_1y/fed_split/client_0/mmcif_files/9xsa.cif
9y0n_B,duplicate_sequence,190,0.0000,0.0000,2.0,data/all_pdb_1y/fed_split/client_0/mmcif_files/9y0n.cif
9y0o_B,duplicate_sequence,190,0.0000,0.0000,1.79,data/all_pdb_1y/fed_split/client_0/mmcif_files/9y0o.cif
9yeb_B,duplicate_sequence,291,0.0000,0.0000,1.3,data/all_pdb_1y/fed_split/client_0/mmcif_files/9yeb.cif
9yhc_B,duplicate_sequence,168,0.0000,0.0000,1.35,data/all_pdb_1y/fed_split/client_0/mmcif_files/9yhc.cif
9yhc_C,duplicate_sequence,168,0.0000,0.0000,1.35,data/all_pdb_1y/fed_split/client_0/mmcif_files/9yhc.cif
9yhc_D,duplicate_sequence,168,0.0000,0.0000,1.35,data/all_pdb_1y/fed_split/client_0/mmcif_files/9yhc.cif
9yhd_B,duplicate_sequence,168,0.0000,0.0000,1.81,data/all_pdb_1y/fed_split/client_0/mmcif_files/9yhd.cif
9yhd_C,duplicate_sequence,168,0.0000,0.0000,1.81,data/all_pdb_1y/fed_split/client_0/mmcif_files/9yhd.cif
9yhd_D,duplicate_sequence,168,0.0000,0.0000,1.81,data/all_pdb_1y/fed_split/client_0/mmcif_files/9yhd.cif
9yhe_A,duplicate_sequence,168,0.0000,0.0000,1.35,data/all_pdb_1y/fed_split/client_0/mmcif_files/9yhe.cif
9yhe_B,duplicate_sequence,168,0.0000,0.0000,1.35,data/all_pdb_1y/fed_split/client_0/mmcif_files/9yhe.cif
9yhe_C,duplicate_sequence,168,0.0000,0.0000,1.35,data/all_pdb_1y/fed_split/client_0/mmcif_files/9yhe.cif
9yhe_D,duplicate_sequence,168,0.0000,0.0000,1.35,data/all_pdb_1y/fed_split/client_0/mmcif_files/9yhe.cif
9yhf_A,duplicate_sequence,168,0.0000,0.0000,1.41,data/all_pdb_1y/fed_split/client_0/mmcif_files/9yhf.cif
9yhf_B,duplicate_sequence,168,0.0000,0.0000,1.41,data/all_pdb_1y/fed_split/client_0/mmcif_files/9yhf.cif
9yhf_C,duplicate_sequence,168,0.0000,0.0000,1.41,data/all_pdb_1y/fed_split/client_0/mmcif_files/9yhf.cif
9yhf_D,duplicate_sequence,168,0.0000,0.0000,1.41,data/all_pdb_1y/fed_split/client_0/mmcif_files/9yhf.cif
9yhh_B,duplicate_sequence,168,0.0000,0.0000,1.37,data/all_pdb_1y/fed_split/client_0/mmcif_files/9yhh.cif
9yhh_C,duplicate_sequence,168,0.0000,0.0000,1.37,data/all_pdb_1y/fed_split/client_0/mmcif_files/9yhh.cif
9yhh_D,duplicate_sequence,168,0.0000,0.0000,1.37,data/all_pdb_1y/fed_split/client_0/mmcif_files/9yhh.cif
9yhi_A,duplicate_sequence,168,0.0000,0.0000,1.43,data/all_pdb_1y/fed_split/client_0/mmcif_files/9yhi.cif
9yhi_B,duplicate_sequence,168,0.0000,0.0000,1.43,data/all_pdb_1y/fed_split/client_0/mmcif_files/9yhi.cif
9yhi_C,duplicate_sequence,168,0.0000,0.0000,1.43,data/all_pdb_1y/fed_split/client_0/mmcif_files/9yhi.cif
9yhi_D,duplicate_sequence,168,0.0000,0.0000,1.43,data/all_pdb_1y/fed_split/client_0/mmcif_files/9yhi.cif
9yhj_B,duplicate_sequence,168,0.0000,0.0000,1.86,data/all_pdb_1y/fed_split/client_0/mmcif_files/9yhj.cif
9yhj_C,duplicate_sequence,168,0.0000,0.0000,1.86,data/all_pdb_1y/fed_split/client_0/mmcif_files/9yhj.cif
9yhj_D,duplicate_sequence,168,0.0000,0.0000,1.86,data/all_pdb_1y/fed_split/client_0/mmcif_files/9yhj.cif
9yhk_A,duplicate_sequence,168,0.0000,0.0000,1.8,data/all_pdb_1y/fed_split/client_0/mmcif_files/9yhk.cif
9yhk_B,duplicate_sequence,168,0.0000,0.0000,1.8,data/all_pdb_1y/fed_split/client_0/mmcif_files/9yhk.cif
9yhk_C,duplicate_sequence,168,0.0000,0.0000,1.8,data/all_pdb_1y/fed_split/client_0/mmcif_files/9yhk.cif
9yhk_D,duplicate_sequence,168,0.0000,0.0000,1.8,data/all_pdb_1y/fed_split/client_0/mmcif_files/9yhk.cif
9yhl_B,duplicate_sequence,168,0.0000,0.0000,1.51,data/all_pdb_1y/fed_split/client_0/mmcif_files/9yhl.cif
9yhl_C,duplicate_sequence,168,0.0000,0.0000,1.51,data/all_pdb_1y/fed_split/client_0/mmcif_files/9yhl.cif
9yhl_D,duplicate_sequence,168,0.0000,0.0000,1.51,data/all_pdb_1y/fed_split/client_0/mmcif_files/9yhl.cif
9yhm_A,duplicate_sequence,168,0.0000,0.0000,1.52,data/all_pdb_1y/fed_split/client_0/mmcif_files/9yhm.cif
9yhm_B,duplicate_sequence,168,0.0000,0.0000,1.52,data/all_pdb_1y/fed_split/client_0/mmcif_files/9yhm.cif
9yhm_C,duplicate_sequence,168,0.0000,0.0000,1.52,data/all_pdb_1y/fed_split/client_0/mmcif_files/9yhm.cif
9yhm_D,duplicate_sequence,168,0.0000,0.0000,1.52,data/all_pdb_1y/fed_split/client_0/mmcif_files/9yhm.cif
9ysm_B,duplicate_sequence,110,0.0000,0.0000,1.81,data/all_pdb_1y/fed_split/client_0/mmcif_files/9ysm.cif
9ysm_C,duplicate_sequence,110,0.0000,0.0000,1.81,data/all_pdb_1y/fed_split/client_0/mmcif_files/9ysm.cif
9ysm_D,duplicate_sequence,110,0.0000,0.0000,1.81,data/all_pdb_1y/fed_split/client_0/mmcif_files/9ysm.cif
9yso_A,duplicate_sequence,110,0.0000,0.0000,1.7,data/all_pdb_1y/fed_split/client_0/mmcif_files/9yso.cif
9yso_B,duplicate_sequence,110,0.0000,0.0000,1.7,data/all_pdb_1y/fed_split/client_0/mmcif_files/9yso.cif
9yso_C,duplicate_sequence,110,0.0000,0.0000,1.7,data/all_pdb_1y/fed_split/client_0/mmcif_files/9yso.cif
9yso_D,duplicate_sequence,110,0.0000,0.0000,1.7,data/all_pdb_1y/fed_split/client_0/mmcif_files/9yso.cif
9yso_E,duplicate_sequence,110,0.0000,0.0000,1.7,data/all_pdb_1y/fed_split/client_0/mmcif_files/9yso.cif
9yso_F,duplicate_sequence,110,0.0000,0.0000,1.7,data/all_pdb_1y/fed_split/client_0/mmcif_files/9yso.cif
9yso_G,duplicate_sequence,110,0.0000,0.0000,1.7,data/all_pdb_1y/fed_split/client_0/mmcif_files/9yso.cif
9yso_H,duplicate_sequence,110,0.0000,0.0000,1.7,data/all_pdb_1y/fed_split/client_0/mmcif_files/9yso.cif
9ysp_A,duplicate_sequence,110,0.0000,0.0000,1.75,data/all_pdb_1y/fed_split/client_0/mmcif_files/9ysp.cif
9ysp_B,duplicate_sequence,110,0.0000,0.0000,1.75,data/all_pdb_1y/fed_split/client_0/mmcif_files/9ysp.cif
9ysp_C,duplicate_sequence,110,0.0000,0.0000,1.75,data/all_pdb_1y/fed_split/client_0/mmcif_files/9ysp.cif
9ysp_D,duplicate_sequence,110,0.0000,0.0000,1.75,data/all_pdb_1y/fed_split/client_0/mmcif_files/9ysp.cif
9z70_A,duplicate_sequence,104,0.0000,0.0000,1.73,data/all_pdb_1y/fed_split/client_0/mmcif_files/9z70.cif
9zdp_B,duplicate_sequence,53,0.0000,0.0000,1.83,data/all_pdb_1y/fed_split/client_0/mmcif_files/9zdp.cif
9zdp_C,duplicate_sequence,53,0.0000,0.0000,1.83,data/all_pdb_1y/fed_split/client_0/mmcif_files/9zdp.cif
9zdp_D,duplicate_sequence,53,0.0000,0.0000,1.83,data/all_pdb_1y/fed_split/client_0/mmcif_files/9zdp.cif
9zdp_E,duplicate_sequence,53,0.0000,0.0000,1.83,data/all_pdb_1y/fed_split/client_0/mmcif_files/9zdp.cif
9zdp_F,duplicate_sequence,53,0.0000,0.0000,1.83,data/all_pdb_1y/fed_split/client_0/mmcif_files/9zdp.cif
9zdp_G,duplicate_sequence,53,0.0000,0.0000,1.83,data/all_pdb_1y/fed_split/client_0/mmcif_files/9zdp.cif
9znm_B,duplicate_sequence,288,0.0000,0.0000,2.0,data/all_pdb_1y/fed_split/client_0/mmcif_files/9znm.cif
9zo0_B,duplicate_sequence,290,0.0000,0.0000,1.99,data/all_pdb_1y/fed_split/client_0/mmcif_files/9zo0.cif
9zvu_B,duplicate_sequence,165,0.0000,0.0000,1.964,data/all_pdb_1y/fed_split/client_0/mmcif_files/9zvu.cif
