label,reason,length,x_ratio,noncanonical_ratio,resolution,source_file
10wy_B,duplicate_sequence,132,0.0000,0.0000,1.6,data/all_pdb_1y/fed_split/client_1/mmcif_files/10wy.cif
11cf_B,duplicate_sequence,146,0.0000,0.0000,1.25,data/all_pdb_1y/fed_split/client_1/mmcif_files/11cf.cif
11cf_C,duplicate_sequence,146,0.0000,0.0000,1.25,data/all_pdb_1y/fed_split/client_1/mmcif_files/11cf.cif
11cf_D,duplicate_sequence,146,0.0000,0.0000,1.25,data/all_pdb_1y/fed_split/client_1/mmcif_files/11cf.cif
11ch_A,duplicate_sequence,146,0.0000,0.0000,1.09,data/all_pdb_1y/fed_split/client_1/mmcif_files/11ch.cif
12jc_B,duplicate_sequence,161,0.0000,0.0000,1.8,data/all_pdb_1y/fed_split/client_1/mmcif_files/12jc.cif
12yi_B,duplicate_sequence,295,0.0034,0.0034,1.65,data/all_pdb_1y/fed_split/client_1/mmcif_files/12yi.cif
12yi_C,duplicate_sequence,295,0.0034,0.0034,1.65,data/all_pdb_1y/fed_split/client_1/mmcif_files/12yi.cif
12yi_D,duplicate_sequence,295,0.0034,0.0034,1.65,data/all_pdb_1y/fed_split/client_1/mmcif_files/12yi.cif
13ri_B,duplicate_sequence,169,0.0000,0.0000,1.02,data/all_pdb_1y/fed_split/client_1/mmcif_files/13ri.cif
13rj_A,duplicate_sequence,169,0.0000,0.0000,1.0,data/all_pdb_1y/fed_split/client_1/mmcif_files/13rj.cif
13rj_B,duplicate_sequence,169,0.0000,0.0000,1.0,data/all_pdb_1y/fed_split/client_1/mmcif_files/13rj.cif
13rk_A,duplicate_sequence,169,0.0000,0.0000,1.03,data/all_pdb_1y/fed_split/client_1/mmcif_files/13rk.cif
13rk_B,duplicate_sequence,169,0.0000,0.0000,1.03,data/all_pdb_1y/fed_split/client_1/mmcif_files/13rk.cif
13rl_A,duplicate_sequence,169,0.0000,0.0000,1.02,data/all_pdb_1y/fed_split/client_1/mmcif_files/13rl.cif
13rl_B,duplicate_sequence,169,0.0000,0.0000,1.02,data/all_pdb_1y/fed_split/client_1/mmcif_files/13rl.cif
13rm_A,duplicate_sequence,169,0.0000,0.0000,1.01,data/all_pdb_1y/fed_split/client_1/mmcif_files/13rm.cif
13rm_B,duplicate_sequence,169,0.0000,0.0000,1.01,data/all_pdb_1y/fed_split/client_1/mmcif_files/13rm.cif
13rn_A,duplicate_sequence,169,0.0000,0.0000,1.01,data/all_pdb_1y/fed_split/client_1/mmcif_files/13rn.cif
13rn_B,duplicate_sequence,169,0.0000,0.0000,1.01,data/all_pdb_1y/fed_split/client_1/mmcif_files/13rn.cif
13ro_A,duplicate_sequence,169,0.0000,0.0000,0.95,data/all_pdb_1y/fed_split/client_1/mmcif_files/13ro.cif
13ro_B,duplicate_sequence,169,0.0000,0.0000,0.95,data/all_pdb_1y/fed_split/client_1/mmcif_files/13ro.cif
13rp_A,duplicate_sequence,169,0.0000,0.0000,0.95,data/all_pdb_1y/fed_split/client_1/mmcif_files/13rp.cif
13rp_B,duplicate_sequence,169,0.0000,0.0000,0.95,data/all_pdb_1y/fed_split/client_1/mmcif_files/13rp.cif
13rq_A,duplicate_sequence,169,0.0000,0.0000,0.99,data/all_pdb_1y/fed_split/client_1/mmcif_files/13rq.cif
13rq_B,duplicate_sequence,169,0.0000,0.0000,0.99,data/all_pdb_1y/fed_split/client_1/mmcif_files/13rq.cif
13rr_A,duplicate_sequence,169,0.0000,0.0000,0.99,data/all_pdb_1y/fed_split/client_1/mmcif_files/13rr.cif
13rr_B,duplicate_sequence,169,0.0000,0.0000,0.99,data/all_pdb_1y/fed_split/client_1/mmcif_files/13rr.cif
13rs_A,duplicate_sequence,169,0.0000,0.0000,0.94,data/all_pdb_1y/fed_split/client_1/mmcif_files/13rs.cif
13rs_B,duplicate_sequence,169,0.0000,0.0000,0.94,data/all_pdb_1y/fed_split/client_1/mmcif_files/13rs.cif
13rt_A,duplicate_sequence,169,0.0000,0.0000,1.02,data/all_pdb_1y/fed_split/client_1/mmcif_files/13rt.cif
13rt_B,duplicate_sequence,169,0.0000,0.0000,1.02,data/all_pdb_1y/fed_split/client_1/mmcif_files/13rt.cif
13ru_A,duplicate_sequence,169,0.0000,0.0000,1.11,data/all_pdb_1y/fed_split/client_1/mmcif_files/13ru.cif
13ru_B,duplicate_sequence,169,0.0000,0.0000,1.11,data/all_pdb_1y/fed_split/client_1/mmcif_files/13ru.cif
13rv_A,duplicate_sequence,169,0.0000,0.0000,1.0,data/all_pdb_1y/fed_split/client_1/mmcif_files/13rv.cif
13rv_B,duplicate_sequence,169,0.0000,0.0000,1.0,data/all_pdb_1y/fed_split/client_1/mmcif_files/13rv.cif
13rw_A,duplicate_sequence,169,0.0000,0.0000,1.08,data/all_pdb_1y/fed_split/client_1/mmcif_files/13rw.cif
13rw_B,duplicate_sequence,169,0.0000,0.0000,1.08,data/all_pdb_1y/fed_split/client_1/mmcif_files/13rw.cif
13rx_A,duplicate_sequence,169,0.0000,0.0000,1.04,data/all_pdb_1y/fed_split/client_1/mmcif_files/13rx.cif
13rx_B,duplicate_sequence,169,0.0000,0.0000,1.04,data/all_pdb_1y/fed_split/client_1/mmcif_files/13rx.cif
13ry_A,duplicate_sequence,169,0.0000,0.0000,1.01,data/all_pdb_1y/fed_split/client_1/mmcif_files/13ry.cif
13ry_B,duplicate_sequence,169,0.0000,0.0000,1.01,data/all_pdb_1y/fed_split/client_1/mmcif_files/13ry.cif
22fh_A,duplicate_sequence,122,0.0000,0.0000,1.771,data/all_pdb_1y/fed_split/client_1/mmcif_files/22fh.cif
22fh_B,duplicate_sequence,122,0.0000,0.0000,1.771,data/all_pdb_1y/fed_split/client_1/mmcif_files/22fh.cif
22gv_A,duplicate_sequence,272,0.0000,0.0000,2.0,data/all_pdb_1y/fed_split/client_1/mmcif_files/22gv.cif
22gv_B,duplicate_sequence,272,0.0000,0.0000,2.0,data/all_pdb_1y/fed_split/client_1/mmcif_files/22gv.cif
22gw_A,duplicate_sequence,272,0.0000,0.0000,2.0,data/all_pdb_1y/fed_split/client_1/mmcif_files/22gw.cif
22gw_B,duplicate_sequence,272,0.0000,0.0000,2.0,data/all_pdb_1y/fed_split/client_1/mmcif_files/22gw.cif
22gw_C,duplicate_sequence,272,0.0000,0.0000,2.0,data/all_pdb_1y/fed_split/client_1/mmcif_files/22gw.cif
22gw_D,duplicate_sequence,272,0.0000,0.0000,2.0,data/all_pdb_1y/fed_split/client_1/mmcif_files/22gw.cif
22gx_A,duplicate_sequence,272,0.0000,0.0000,1.95,data/all_pdb_1y/fed_split/client_1/mmcif_files/22gx.cif
22gx_B,duplicate_sequence,272,0.0000,0.0000,1.95,data/all_pdb_1y/fed_split/client_1/mmcif_files/22gx.cif
26qz_B,duplicate_sequence,68,0.0000,0.0000,1.804,data/all_pdb_1y/fed_split/client_1/mmcif_files/26qz.cif
26qz_C,duplicate_sequence,68,0.0000,0.0000,1.804,data/all_pdb_1y/fed_split/client_1/mmcif_files/26qz.cif
26qz_D,duplicate_sequence,68,0.0000,0.0000,1.804,data/all_pdb_1y/fed_split/client_1/mmcif_files/26qz.cif
26tc_A,duplicate_sequence,283,0.0000,0.0000,2.0,data/all_pdb_1y/fed_split/client_1/mmcif_files/26tc.cif
28yl_B,duplicate_sequence,258,0.0000,0.0000,1.9,data/all_pdb_1y/fed_split/client_1/mmcif_files/28yl.cif
28yl_A,duplicate_sequence,258,0.0000,0.0000,1.9,data/all_pdb_1y/fed_split/client_1/mmcif_files/28yl.cif
28yl_C,duplicate_sequence,258,0.0000,0.0000,1.9,data/all_pdb_1y/fed_split/client_1/mmcif_files/28yl.cif
30id_B,duplicate_sequence,274,0.0000,0.0000,1.986,data/all_pdb_1y/fed_split/client_1/mmcif_files/30id.cif
30id_C,duplicate_sequence,274,0.0000,0.0000,1.986,data/all_pdb_1y/fed_split/client_1/mmcif_files/30id.cif
30id_D,duplicate_sequence,274,0.0000,0.0000,1.986,data/all_pdb_1y/fed_split/client_1/mmcif_files/30id.cif
35tm_B,duplicate_sequence,139,0.0000,0.0000,1.65,data/all_pdb_1y/fed_split/client_1/mmcif_files/35tm.cif
7hc4_A,duplicate_sequence,169,0.0000,0.0000,1.0,data/all_pdb_1y/fed_split/client_1/mmcif_files/7hc4.cif
7hc4_B,duplicate_sequence,169,0.0000,0.0000,1.0,data/all_pdb_1y/fed_split/client_1/mmcif_files/7hc4.cif
7hc5_A,duplicate_sequence,169,0.0000,0.0000,0.98,data/all_pdb_1y/fed_split/client_1/mmcif_files/7hc5.cif
7hc5_B,duplicate_sequence,169,0.0000,0.0000,0.98,data/all_pdb_1y/fed_split/client_1/mmcif_files/7hc5.cif
7hc6_A,duplicate_sequence,169,0.0000,0.0000,1.03,data/all_pdb_1y/fed_split/client_1/mmcif_files/7hc6.cif
7hc6_B,duplicate_sequence,169,0.0000,0.0000,1.03,data/all_pdb_1y/fed_split/client_1/mmcif_files/7hc6.cif
7hc7_A,duplicate_sequence,169,0.0000,0.0000,0.99,data/all_pdb_1y/fed_split/client_1/mmcif_files/7hc7.cif
7hc7_B,duplicate_sequence,169,0.0000,0.0000,0.99,data/all_pdb_1y/fed_split/client_1/mmcif_files/7hc7.cif
7hc8_A,duplicate_sequence,169,0.0000,0.0000,1.01,data/all_pdb_1y/fed_split/client_1/mmcif_files/7hc8.cif
7hc8_B,duplicate_sequence,169,0.0000,0.0000,1.01,data/all_pdb_1y/fed_split/client_1/mmcif_files/7hc8.cif
7hc9_A,duplicate_sequence,169,0.0000,0.0000,1.05,data/all_pdb_1y/fed_split/client_1/mmcif_files/7hc9.cif
7hc9_B,duplicate_sequence,169,0.0000,0.0000,1.05,data/all_pdb_1y/fed_split/client_1/mmcif_files/7hc9.cif
7hca_A,duplicate_sequence,169,0.0000,0.0000,1.03,data/all_pdb_1y/fed_split/client_1/mmcif_files/7hca.cif
7hca_B,duplicate_sequence,169,0.0000,0.0000,1.03,data/all_pdb_1y/fed_split/client_1/mmcif_files/7hca.cif
7hcb_A,duplicate_sequence,169,0.0000,0.0000,1.0,data/all_pdb_1y/fed_split/client_1/mmcif_files/7hcb.cif
7hcb_B,duplicate_sequence,169,0.0000,0.0000,1.0,data/all_pdb_1y/fed_split/client_1/mmcif_files/7hcb.cif
7hcc_A,duplicate_sequence,169,0.0000,0.0000,1.02,data/all_pdb_1y/fed_split/client_1/mmcif_files/7hcc.cif
7hcc_B,duplicate_sequence,169,0.0000,0.0000,1.02,data/all_pdb_1y/fed_split/client_1/mmcif_files/7hcc.cif
7hcd_A,duplicate_sequence,169,0.0000,0.0000,1.0,data/all_pdb_1y/fed_split/client_1/mmcif_files/7hcd.cif
7hcd_B,duplicate_sequence,169,0.0000,0.0000,1.0,data/all_pdb_1y/fed_split/client_1/mmcif_files/7hcd.cif
7hce_A,duplicate_sequence,169,0.0000,0.0000,1.02,data/all_pdb_1y/fed_split/client_1/mmcif_files/7hce.cif
7hce_B,duplicate_sequence,169,0.0000,0.0000,1.02,data/all_pdb_1y/fed_split/client_1/mmcif_files/7hce.cif
7hcf_A,duplicate_sequence,169,0.0000,0.0000,1.0,data/all_pdb_1y/fed_split/client_1/mmcif_files/7hcf.cif
7hcf_B,duplicate_sequence,169,0.0000,0.0000,1.0,data/all_pdb_1y/fed_split/client_1/mmcif_files/7hcf.cif
7hcg_A,duplicate_sequence,169,0.0000,0.0000,1.0,data/all_pdb_1y/fed_split/client_1/mmcif_files/7hcg.cif
7hcg_B,duplicate_sequence,169,0.0000,0.0000,1.0,data/all_pdb_1y/fed_split/client_1/mmcif_files/7hcg.cif
7hch_A,duplicate_sequence,169,0.0000,0.0000,1.02,data/all_pdb_1y/fed_split/client_1/mmcif_files/7hch.cif
7hch_B,duplicate_sequence,169,0.0000,0.0000,1.02,data/all_pdb_1y/fed_split/client_1/mmcif_files/7hch.cif
7hci_A,duplicate_sequence,169,0.0000,0.0000,1.02,data/all_pdb_1y/fed_split/client_1/mmcif_files/7hci.cif
7hci_B,duplicate_sequence,169,0.0000,0.0000,1.02,data/all_pdb_1y/fed_split/client_1/mmcif_files/7hci.cif
7hcj_A,duplicate_sequence,169,0.0000,0.0000,1.02,data/all_pdb_1y/fed_split/client_1/mmcif_files/7hcj.cif
7hcj_B,duplicate_sequence,169,0.0000,0.0000,1.02,data/all_pdb_1y/fed_split/client_1/mmcif_files/7hcj.cif
7hck_A,duplicate_sequence,169,0.0000,0.0000,1.02,data/all_pdb_1y/fed_split/client_1/mmcif_files/7hck.cif
7hck_B,duplicate_sequence,169,0.0000,0.0000,1.02,data/all_pdb_1y/fed_split/client_1/mmcif_files/7hck.cif
7hcl_A,duplicate_sequence,169,0.0000,0.0000,0.98,data/all_pdb_1y/fed_split/client_1/mmcif_files/7hcl.cif
7hcl_B,duplicate_sequence,169,0.0000,0.0000,0.98,data/all_pdb_1y/fed_split/client_1/mmcif_files/7hcl.cif
7hcm_A,duplicate_sequence,169,0.0000,0.0000,0.98,data/all_pdb_1y/fed_split/client_1/mmcif_files/7hcm.cif
7hcm_B,duplicate_sequence,169,0.0000,0.0000,0.98,data/all_pdb_1y/fed_split/client_1/mmcif_files/7hcm.cif
7hcn_A,duplicate_sequence,169,0.0000,0.0000,1.0,data/all_pdb_1y/fed_split/client_1/mmcif_files/7hcn.cif
7hcn_B,duplicate_sequence,169,0.0000,0.0000,1.0,data/all_pdb_1y/fed_split/client_1/mmcif_files/7hcn.cif
7hco_A,duplicate_sequence,169,0.0000,0.0000,0.87,data/all_pdb_1y/fed_split/client_1/mmcif_files/7hco.cif
7hco_B,duplicate_sequence,169,0.0000,0.0000,0.87,data/all_pdb_1y/fed_split/client_1/mmcif_files/7hco.cif
7hcp_A,duplicate_sequence,169,0.0000,0.0000,0.96,data/all_pdb_1y/fed_split/client_1/mmcif_files/7hcp.cif
7hcp_B,duplicate_sequence,169,0.0000,0.0000,0.96,data/all_pdb_1y/fed_split/client_1/mmcif_files/7hcp.cif
7hcq_A,duplicate_sequence,169,0.0000,0.0000,0.98,data/all_pdb_1y/fed_split/client_1/mmcif_files/7hcq.cif
7hcq_B,duplicate_sequence,169,0.0000,0.0000,0.98,data/all_pdb_1y/fed_split/client_1/mmcif_files/7hcq.cif
7hcr_A,duplicate_sequence,169,0.0000,0.0000,1.0,data/all_pdb_1y/fed_split/client_1/mmcif_files/7hcr.cif
7hcr_B,duplicate_sequence,169,0.0000,0.0000,1.0,data/all_pdb_1y/fed_split/client_1/mmcif_files/7hcr.cif
7hcs_A,duplicate_sequence,169,0.0000,0.0000,0.99,data/all_pdb_1y/fed_split/client_1/mmcif_files/7hcs.cif
7hcs_B,duplicate_sequence,169,0.0000,0.0000,0.99,data/all_pdb_1y/fed_split/client_1/mmcif_files/7hcs.cif
7hct_A,duplicate_sequence,169,0.0000,0.0000,1.01,data/all_pdb_1y/fed_split/client_1/mmcif_files/7hct.cif
7hct_B,duplicate_sequence,169,0.0000,0.0000,1.01,data/all_pdb_1y/fed_split/client_1/mmcif_files/7hct.cif
7hcu_A,duplicate_sequence,169,0.0000,0.0000,1.01,data/all_pdb_1y/fed_split/client_1/mmcif_files/7hcu.cif
7hcu_B,duplicate_sequence,169,0.0000,0.0000,1.01,data/all_pdb_1y/fed_split/client_1/mmcif_files/7hcu.cif
7hcv_A,duplicate_sequence,169,0.0000,0.0000,1.02,data/all_pdb_1y/fed_split/client_1/mmcif_files/7hcv.cif
7hcv_B,duplicate_sequence,169,0.0000,0.0000,1.02,data/all_pdb_1y/fed_split/client_1/mmcif_files/7hcv.cif
7hcw_A,duplicate_sequence,169,0.0000,0.0000,1.0,data/all_pdb_1y/fed_split/client_1/mmcif_files/7hcw.cif
7hcw_B,duplicate_sequence,169,0.0000,0.0000,1.0,data/all_pdb_1y/fed_split/client_1/mmcif_files/7hcw.cif
7hcx_A,duplicate_sequence,169,0.0000,0.0000,1.0,data/all_pdb_1y/fed_split/client_1/mmcif_files/7hcx.cif
7hcx_B,duplicate_sequence,169,0.0000,0.0000,1.0,data/all_pdb_1y/fed_split/client_1/mmcif_files/7hcx.cif
7hcy_A,duplicate_sequence,169,0.0000,0.0000,1.02,data/all_pdb_1y/fed_split/client_1/mmcif_files/7hcy.cif
7hcy_B,duplicate_sequence,169,0.0000,0.0000,1.02,data/all_pdb_1y/fed_split/client_1/mmcif_files/7hcy.cif
7hcz_A,duplicate_sequence,169,0.0000,0.0000,1.02,data/all_pdb_1y/fed_split/client_1/mmcif_files/7hcz.cif
7hcz_B,duplicate_sequence,169,0.0000,0.0000,1.02,data/all_pdb_1y/fed_split/client_1/mmcif_files/7hcz.cif
7hd0_A,duplicate_sequence,169,0.0000,0.0000,1.02,data/all_pdb_1y/fed_split/client_1/mmcif_files/7hd0.cif
7hd0_B,duplicate_sequence,169,0.0000,0.0000,1.02,data/all_pdb_1y/fed_split/client_1/mmcif_files/7hd0.cif
7hd1_A,duplicate_sequence,169,0.0000,0.0000,0.98,data/all_pdb_1y/fed_split/client_1/mmcif_files/7hd1.cif
7hd1_B,duplicate_sequence,169,0.0000,0.0000,0.98,data/all_pdb_1y/fed_split/client_1/mmcif_files/7hd1.cif
7hd2_A,duplicate_sequence,169,0.0000,0.0000,1.02,data/all_pdb_1y/fed_split/client_1/mmcif_files/7hd2.cif
7hd2_B,duplicate_sequence,169,0.0000,0.0000,1.02,data/all_pdb_1y/fed_split/client_1/mmcif_files/7hd2.cif
7hd3_A,duplicate_sequence,169,0.0000,0.0000,1.01,data/all_pdb_1y/fed_split/client_1/mmcif_files/7hd3.cif
7hd3_B,duplicate_sequence,169,0.0000,0.0000,1.01,data/all_pdb_1y/fed_split/client_1/mmcif_files/7hd3.cif
7hd4_A,duplicate_sequence,169,0.0000,0.0000,1.0,data/all_pdb_1y/fed_split/client_1/mmcif_files/7hd4.cif
7hd4_B,duplicate_sequence,169,0.0000,0.0000,1.0,data/all_pdb_1y/fed_split/client_1/mmcif_files/7hd4.cif
7hd5_A,duplicate_sequence,169,0.0000,0.0000,1.01,data/all_pdb_1y/fed_split/client_1/mmcif_files/7hd5.cif
7hd5_B,duplicate_sequence,169,0.0000,0.0000,1.01,data/all_pdb_1y/fed_split/client_1/mmcif_files/7hd5.cif
7hd6_A,duplicate_sequence,169,0.0000,0.0000,1.01,data/all_pdb_1y/fed_split/client_1/mmcif_files/7hd6.cif
7hd6_B,duplicate_sequence,169,0.0000,0.0000,1.01,data/all_pdb_1y/fed_split/client_1/mmcif_files/7hd6.cif
7hd7_A,duplicate_sequence,169,0.0000,0.0000,1.02,data/all_pdb_1y/fed_split/client_1/mmcif_files/7hd7.cif
7hd7_B,duplicate_sequence,169,0.0000,0.0000,1.02,data/all_pdb_1y/fed_split/client_1/mmcif_files/7hd7.cif
7hd8_A,duplicate_sequence,169,0.0000,0.0000,0.99,data/all_pdb_1y/fed_split/client_1/mmcif_files/7hd8.cif
7hd8_B,duplicate_sequence,169,0.0000,0.0000,0.99,data/all_pdb_1y/fed_split/client_1/mmcif_files/7hd8.cif
7hd9_A,duplicate_sequence,169,0.0000,0.0000,1.02,data/all_pdb_1y/fed_split/client_1/mmcif_files/7hd9.cif
7hd9_B,duplicate_sequence,169,0.0000,0.0000,1.02,data/all_pdb_1y/fed_split/client_1/mmcif_files/7hd9.cif
7hda_A,duplicate_sequence,169,0.0000,0.0000,1.02,data/all_pdb_1y/fed_split/client_1/mmcif_files/7hda.cif
7hda_B,duplicate_sequence,169,0.0000,0.0000,1.02,data/all_pdb_1y/fed_split/client_1/mmcif_files/7hda.cif
7hdb_A,duplicate_sequence,169,0.0000,0.0000,0.98,data/all_pdb_1y/fed_split/client_1/mmcif_files/7hdb.cif
7hdb_B,duplicate_sequence,169,0.0000,0.0000,0.98,data/all_pdb_1y/fed_split/client_1/mmcif_files/7hdb.cif
7hdc_A,duplicate_sequence,169,0.0000,0.0000,1.0,data/all_pdb_1y/fed_split/client_1/mmcif_files/7hdc.cif
7hdc_B,duplicate_sequence,169,0.0000,0.0000,1.0,data/all_pdb_1y/fed_split/client_1/mmcif_files/7hdc.cif
7hdd_A,duplicate_sequence,169,0.0000,0.0000,1.02,data/all_pdb_1y/fed_split/client_1/mmcif_files/7hdd.cif
7hdd_B,duplicate_sequence,169,0.0000,0.0000,1.02,data/all_pdb_1y/fed_split/client_1/mmcif_files/7hdd.cif
7hde_A,duplicate_sequence,169,0.0000,0.0000,0.98,data/all_pdb_1y/fed_split/client_1/mmcif_files/7hde.cif
7hde_B,duplicate_sequence,169,0.0000,0.0000,0.98,data/all_pdb_1y/fed_split/client_1/mmcif_files/7hde.cif
7hdf_A,duplicate_sequence,169,0.0000,0.0000,1.0,data/all_pdb_1y/fed_split/client_1/mmcif_files/7hdf.cif
7hdf_B,duplicate_sequence,169,0.0000,0.0000,1.0,data/all_pdb_1y/fed_split/client_1/mmcif_files/7hdf.cif
7hdg_A,duplicate_sequence,169,0.0000,0.0000,0.98,data/all_pdb_1y/fed_split/client_1/mmcif_files/7hdg.cif
7hdg_B,duplicate_sequence,169,0.0000,0.0000,0.98,data/all_pdb_1y/fed_split/client_1/mmcif_files/7hdg.cif
7hdh_A,duplicate_sequence,169,0.0000,0.0000,1.0,data/all_pdb_1y/fed_split/client_1/mmcif_files/7hdh.cif
7hdh_B,duplicate_sequence,169,0.0000,0.0000,1.0,data/all_pdb_1y/fed_split/client_1/mmcif_files/7hdh.cif
7hdi_A,duplicate_sequence,169,0.0000,0.0000,1.02,data/all_pdb_1y/fed_split/client_1/mmcif_files/7hdi.cif
7hdi_B,duplicate_sequence,169,0.0000,0.0000,1.02,data/all_pdb_1y/fed_split/client_1/mmcif_files/7hdi.cif
7hdj_A,duplicate_sequence,169,0.0000,0.0000,1.06,data/all_pdb_1y/fed_split/client_1/mmcif_files/7hdj.cif
7hdj_B,duplicate_sequence,169,0.0000,0.0000,1.06,data/all_pdb_1y/fed_split/client_1/mmcif_files/7hdj.cif
7hdk_A,duplicate_sequence,169,0.0000,0.0000,1.0,data/all_pdb_1y/fed_split/client_1/mmcif_files/7hdk.cif
7hdk_B,duplicate_sequence,169,0.0000,0.0000,1.0,data/all_pdb_1y/fed_split/client_1/mmcif_files/7hdk.cif
7hdl_A,duplicate_sequence,169,0.0000,0.0000,1.0,data/all_pdb_1y/fed_split/client_1/mmcif_files/7hdl.cif
7hdl_B,duplicate_sequence,169,0.0000,0.0000,1.0,data/all_pdb_1y/fed_split/client_1/mmcif_files/7hdl.cif
7hdm_A,duplicate_sequence,169,0.0000,0.0000,1.02,data/all_pdb_1y/fed_split/client_1/mmcif_files/7hdm.cif
7hdm_B,duplicate_sequence,169,0.0000,0.0000,1.02,data/all_pdb_1y/fed_split/client_1/mmcif_files/7hdm.cif
7hdn_A,duplicate_sequence,169,0.0000,0.0000,1.03,data/all_pdb_1y/fed_split/client_1/mmcif_files/7hdn.cif
7hdn_B,duplicate_sequence,169,0.0000,0.0000,1.03,data/all_pdb_1y/fed_split/client_1/mmcif_files/7hdn.cif
7hdo_A,duplicate_sequence,169,0.0000,0.0000,1.03,data/all_pdb_1y/fed_split/client_1/mmcif_files/7hdo.cif
7hdo_B,duplicate_sequence,169,0.0000,0.0000,1.03,data/all_pdb_1y/fed_split/client_1/mmcif_files/7hdo.cif
7hdp_A,duplicate_sequence,169,0.0000,0.0000,1.0,data/all_pdb_1y/fed_split/client_1/mmcif_files/7hdp.cif
7hdp_B,duplicate_sequence,169,0.0000,0.0000,1.0,data/all_pdb_1y/fed_split/client_1/mmcif_files/7hdp.cif
7hdq_A,duplicate_sequence,169,0.0000,0.0000,0.98,data/all_pdb_1y/fed_split/client_1/mmcif_files/7hdq.cif
7hdq_B,duplicate_sequence,169,0.0000,0.0000,0.98,data/all_pdb_1y/fed_split/client_1/mmcif_files/7hdq.cif
7hdr_A,duplicate_sequence,169,0.0000,0.0000,1.0,data/all_pdb_1y/fed_split/client_1/mmcif_files/7hdr.cif
7hdr_B,duplicate_sequence,169,0.0000,0.0000,1.0,data/all_pdb_1y/fed_split/client_1/mmcif_files/7hdr.cif
7hds_A,duplicate_sequence,169,0.0000,0.0000,1.02,data/all_pdb_1y/fed_split/client_1/mmcif_files/7hds.cif
7hds_B,duplicate_sequence,169,0.0000,0.0000,1.02,data/all_pdb_1y/fed_split/client_1/mmcif_files/7hds.cif
7hdt_A,duplicate_sequence,169,0.0000,0.0000,1.02,data/all_pdb_1y/fed_split/client_1/mmcif_files/7hdt.cif
7hdt_B,duplicate_sequence,169,0.0000,0.0000,1.02,data/all_pdb_1y/fed_split/client_1/mmcif_files/7hdt.cif
7hdu_A,duplicate_sequence,169,0.0000,0.0000,1.01,data/all_pdb_1y/fed_split/client_1/mmcif_files/7hdu.cif
7hdu_B,duplicate_sequence,169,0.0000,0.0000,1.01,data/all_pdb_1y/fed_split/client_1/mmcif_files/7hdu.cif
7hdv_A,duplicate_sequence,169,0.0000,0.0000,0.98,data/all_pdb_1y/fed_split/client_1/mmcif_files/7hdv.cif
7hdv_B,duplicate_sequence,169,0.0000,0.0000,0.98,data/all_pdb_1y/fed_split/client_1/mmcif_files/7hdv.cif
7hdw_A,duplicate_sequence,169,0.0000,0.0000,1.0,data/all_pdb_1y/fed_split/client_1/mmcif_files/7hdw.cif
7hdw_B,duplicate_sequence,169,0.0000,0.0000,1.0,data/all_pdb_1y/fed_split/client_1/mmcif_files/7hdw.cif
7hdx_A,duplicate_sequence,169,0.0000,0.0000,1.08,data/all_pdb_1y/fed_split/client_1/mmcif_files/7hdx.cif
7hdx_B,duplicate_sequence,169,0.0000,0.0000,1.08,data/all_pdb_1y/fed_split/client_1/mmcif_files/7hdx.cif
7hdy_A,duplicate_sequence,169,0.0000,0.0000,0.98,data/all_pdb_1y/fed_split/client_1/mmcif_files/7hdy.cif
7hdy_B,duplicate_sequence,169,0.0000,0.0000,0.98,data/all_pdb_1y/fed_split/client_1/mmcif_files/7hdy.cif
7hdz_A,duplicate_sequence,169,0.0000,0.0000,1.04,data/all_pdb_1y/fed_split/client_1/mmcif_files/7hdz.cif
7hdz_B,duplicate_sequence,169,0.0000,0.0000,1.04,data/all_pdb_1y/fed_split/client_1/mmcif_files/7hdz.cif
7he0_A,duplicate_sequence,169,0.0000,0.0000,0.98,data/all_pdb_1y/fed_split/client_1/mmcif_files/7he0.cif
7he0_B,duplicate_sequence,169,0.0000,0.0000,0.98,data/all_pdb_1y/fed_split/client_1/mmcif_files/7he0.cif
7he1_A,duplicate_sequence,169,0.0000,0.0000,1.04,data/all_pdb_1y/fed_split/client_1/mmcif_files/7he1.cif
7he1_B,duplicate_sequence,169,0.0000,0.0000,1.04,data/all_pdb_1y/fed_split/client_1/mmcif_files/7he1.cif
7he2_A,duplicate_sequence,169,0.0000,0.0000,0.98,data/all_pdb_1y/fed_split/client_1/mmcif_files/7he2.cif
7he2_B,duplicate_sequence,169,0.0000,0.0000,0.98,data/all_pdb_1y/fed_split/client_1/mmcif_files/7he2.cif
7he3_A,duplicate_sequence,169,0.0000,0.0000,1.0,data/all_pdb_1y/fed_split/client_1/mmcif_files/7he3.cif
7he3_B,duplicate_sequence,169,0.0000,0.0000,1.0,data/all_pdb_1y/fed_split/client_1/mmcif_files/7he3.cif
7he4_A,duplicate_sequence,169,0.0000,0.0000,1.0,data/all_pdb_1y/fed_split/client_1/mmcif_files/7he4.cif
7he4_B,duplicate_sequence,169,0.0000,0.0000,1.0,data/all_pdb_1y/fed_split/client_1/mmcif_files/7he4.cif
7he5_A,duplicate_sequence,169,0.0000,0.0000,1.02,data/all_pdb_1y/fed_split/client_1/mmcif_files/7he5.cif
7he5_B,duplicate_sequence,169,0.0000,0.0000,1.02,data/all_pdb_1y/fed_split/client_1/mmcif_files/7he5.cif
7he6_A,duplicate_sequence,169,0.0000,0.0000,1.07,data/all_pdb_1y/fed_split/client_1/mmcif_files/7he6.cif
7he6_B,duplicate_sequence,169,0.0000,0.0000,1.07,data/all_pdb_1y/fed_split/client_1/mmcif_files/7he6.cif
7he7_A,duplicate_sequence,169,0.0000,0.0000,1.0,data/all_pdb_1y/fed_split/client_1/mmcif_files/7he7.cif
7he7_B,duplicate_sequence,169,0.0000,0.0000,1.0,data/all_pdb_1y/fed_split/client_1/mmcif_files/7he7.cif
7he8_A,duplicate_sequence,169,0.0000,0.0000,1.02,data/all_pdb_1y/fed_split/client_1/mmcif_files/7he8.cif
7he8_B,duplicate_sequence,169,0.0000,0.0000,1.02,data/all_pdb_1y/fed_split/client_1/mmcif_files/7he8.cif
7he9_A,duplicate_sequence,169,0.0000,0.0000,1.0,data/all_pdb_1y/fed_split/client_1/mmcif_files/7he9.cif
7he9_B,duplicate_sequence,169,0.0000,0.0000,1.0,data/all_pdb_1y/fed_split/client_1/mmcif_files/7he9.cif
7hea_A,duplicate_sequence,169,0.0000,0.0000,1.0,data/all_pdb_1y/fed_split/client_1/mmcif_files/7hea.cif
7hea_B,duplicate_sequence,169,0.0000,0.0000,1.0,data/all_pdb_1y/fed_split/client_1/mmcif_files/7hea.cif
7heb_A,duplicate_sequence,169,0.0000,0.0000,1.0,data/all_pdb_1y/fed_split/client_1/mmcif_files/7heb.cif
7heb_B,duplicate_sequence,169,0.0000,0.0000,1.0,data/all_pdb_1y/fed_split/client_1/mmcif_files/7heb.cif
7hec_A,duplicate_sequence,169,0.0000,0.0000,1.0,data/all_pdb_1y/fed_split/client_1/mmcif_files/7hec.cif
7hec_B,duplicate_sequence,169,0.0000,0.0000,1.0,data/all_pdb_1y/fed_split/client_1/mmcif_files/7hec.cif
7hed_A,duplicate_sequence,169,0.0000,0.0000,1.02,data/all_pdb_1y/fed_split/client_1/mmcif_files/7hed.cif
7hed_B,duplicate_sequence,169,0.0000,0.0000,1.02,data/all_pdb_1y/fed_split/client_1/mmcif_files/7hed.cif
7hee_A,duplicate_sequence,169,0.0000,0.0000,0.99,data/all_pdb_1y/fed_split/client_1/mmcif_files/7hee.cif
7hee_B,duplicate_sequence,169,0.0000,0.0000,0.99,data/all_pdb_1y/fed_split/client_1/mmcif_files/7hee.cif
7hef_A,duplicate_sequence,169,0.0000,0.0000,1.0,data/all_pdb_1y/fed_split/client_1/mmcif_files/7hef.cif
7hef_B,duplicate_sequence,169,0.0000,0.0000,1.0,data/all_pdb_1y/fed_split/client_1/mmcif_files/7hef.cif
7heg_A,duplicate_sequence,169,0.0000,0.0000,1.02,data/all_pdb_1y/fed_split/client_1/mmcif_files/7heg.cif
7heg_B,duplicate_sequence,169,0.0000,0.0000,1.02,data/all_pdb_1y/fed_split/client_1/mmcif_files/7heg.cif
7heh_A,duplicate_sequence,169,0.0000,0.0000,0.98,data/all_pdb_1y/fed_split/client_1/mmcif_files/7heh.cif
7heh_B,duplicate_sequence,169,0.0000,0.0000,0.98,data/all_pdb_1y/fed_split/client_1/mmcif_files/7heh.cif
7hei_A,duplicate_sequence,169,0.0000,0.0000,1.0,data/all_pdb_1y/fed_split/client_1/mmcif_files/7hei.cif
7hei_B,duplicate_sequence,169,0.0000,0.0000,1.0,data/all_pdb_1y/fed_split/client_1/mmcif_files/7hei.cif
7hej_A,duplicate_sequence,169,0.0000,0.0000,1.0,data/all_pdb_1y/fed_split/client_1/mmcif_files/7hej.cif
7hej_B,duplicate_sequence,169,0.0000,0.0000,1.0,data/all_pdb_1y/fed_split/client_1/mmcif_files/7hej.cif
7hek_A,duplicate_sequence,169,0.0000,0.0000,1.0,data/all_pdb_1y/fed_split/client_1/mmcif_files/7hek.cif
7hek_B,duplicate_sequence,169,0.0000,0.0000,1.0,data/all_pdb_1y/fed_split/client_1/mmcif_files/7hek.cif
7hel_A,duplicate_sequence,169,0.0000,0.0000,0.98,data/all_pdb_1y/fed_split/client_1/mmcif_files/7hel.cif
7hel_B,duplicate_sequence,169,0.0000,0.0000,0.98,data/all_pdb_1y/fed_split/client_1/mmcif_files/7hel.cif
7hem_A,duplicate_sequence,169,0.0000,0.0000,1.0,data/all_pdb_1y/fed_split/client_1/mmcif_files/7hem.cif
7hem_B,duplicate_sequence,169,0.0000,0.0000,1.0,data/all_pdb_1y/fed_split/client_1/mmcif_files/7hem.cif
7hen_A,duplicate_sequence,169,0.0000,0.0000,0.98,data/all_pdb_1y/fed_split/client_1/mmcif_files/7hen.cif
7hen_B,duplicate_sequence,169,0.0000,0.0000,0.98,data/all_pdb_1y/fed_split/client_1/mmcif_files/7hen.cif
7heo_A,duplicate_sequence,169,0.0000,0.0000,1.02,data/all_pdb_1y/fed_split/client_1/mmcif_files/7heo.cif
7heo_B,duplicate_sequence,169,0.0000,0.0000,1.02,data/all_pdb_1y/fed_split/client_1/mmcif_files/7heo.cif
7hep_A,duplicate_sequence,169,0.0000,0.0000,1.0,data/all_pdb_1y/fed_split/client_1/mmcif_files/7hep.cif
7hep_B,duplicate_sequence,169,0.0000,0.0000,1.0,data/all_pdb_1y/fed_split/client_1/mmcif_files/7hep.cif
7heq_A,duplicate_sequence,169,0.0000,0.0000,1.0,data/all_pdb_1y/fed_split/client_1/mmcif_files/7heq.cif
7heq_B,duplicate_sequence,169,0.0000,0.0000,1.0,data/all_pdb_1y/fed_split/client_1/mmcif_files/7heq.cif
7her_A,duplicate_sequence,169,0.0000,0.0000,0.98,data/all_pdb_1y/fed_split/client_1/mmcif_files/7her.cif
7her_B,duplicate_sequence,169,0.0000,0.0000,0.98,data/all_pdb_1y/fed_split/client_1/mmcif_files/7her.cif
7hes_A,duplicate_sequence,169,0.0000,0.0000,1.02,data/all_pdb_1y/fed_split/client_1/mmcif_files/7hes.cif
7hes_B,duplicate_sequence,169,0.0000,0.0000,1.02,data/all_pdb_1y/fed_split/client_1/mmcif_files/7hes.cif
7het_A,duplicate_sequence,169,0.0000,0.0000,1.0,data/all_pdb_1y/fed_split/client_1/mmcif_files/7het.cif
7het_B,duplicate_sequence,169,0.0000,0.0000,1.0,data/all_pdb_1y/fed_split/client_1/mmcif_files/7het.cif
7heu_A,duplicate_sequence,169,0.0000,0.0000,1.0,data/all_pdb_1y/fed_split/client_1/mmcif_files/7heu.cif
7heu_B,duplicate_sequence,169,0.0000,0.0000,1.0,data/all_pdb_1y/fed_split/client_1/mmcif_files/7heu.cif
7hev_A,duplicate_sequence,169,0.0000,0.0000,0.98,data/all_pdb_1y/fed_split/client_1/mmcif_files/7hev.cif
7hev_B,duplicate_sequence,169,0.0000,0.0000,0.98,data/all_pdb_1y/fed_split/client_1/mmcif_files/7hev.cif
7hew_A,duplicate_sequence,169,0.0000,0.0000,1.0,data/all_pdb_1y/fed_split/client_1/mmcif_files/7hew.cif
7hew_B,duplicate_sequence,169,0.0000,0.0000,1.0,data/all_pdb_1y/fed_split/client_1/mmcif_files/7hew.cif
7hex_A,duplicate_sequence,169,0.0000,0.0000,0.99,data/all_pdb_1y/fed_split/client_1/mmcif_files/7hex.cif
7hex_B,duplicate_sequence,169,0.0000,0.0000,0.99,data/all_pdb_1y/fed_split/client_1/mmcif_files/7hex.cif
7hey_A,duplicate_sequence,169,0.0000,0.0000,1.02,data/all_pdb_1y/fed_split/client_1/mmcif_files/7hey.cif
7hey_B,duplicate_sequence,169,0.0000,0.0000,1.02,data/all_pdb_1y/fed_split/client_1/mmcif_files/7hey.cif
7hez_A,duplicate_sequence,169,0.0000,0.0000,1.0,data/all_pdb_1y/fed_split/client_1/mmcif_files/7hez.cif
7hez_B,duplicate_sequence,169,0.0000,0.0000,1.0,data/all_pdb_1y/fed_split/client_1/mmcif_files/7hez.cif
7hf0_A,duplicate_sequence,169,0.0000,0.0000,1.0,data/all_pdb_1y/fed_split/client_1/mmcif_files/7hf0.cif
7hf0_B,duplicate_sequence,169,0.0000,0.0000,1.0,data/all_pdb_1y/fed_split/client_1/mmcif_files/7hf0.cif
7hf1_A,duplicate_sequence,169,0.0000,0.0000,0.98,data/all_pdb_1y/fed_split/client_1/mmcif_files/7hf1.cif
7hf1_B,duplicate_sequence,169,0.0000,0.0000,0.98,data/all_pdb_1y/fed_split/client_1/mmcif_files/7hf1.cif
7hf2_A,duplicate_sequence,169,0.0000,0.0000,0.98,data/all_pdb_1y/fed_split/client_1/mmcif_files/7hf2.cif
7hf2_B,duplicate_sequence,169,0.0000,0.0000,0.98,data/all_pdb_1y/fed_split/client_1/mmcif_files/7hf2.cif
7hf3_A,duplicate_sequence,169,0.0000,0.0000,0.99,data/all_pdb_1y/fed_split/client_1/mmcif_files/7hf3.cif
7hf3_B,duplicate_sequence,169,0.0000,0.0000,0.99,data/all_pdb_1y/fed_split/client_1/mmcif_files/7hf3.cif
7hf4_A,duplicate_sequence,169,0.0000,0.0000,0.97,data/all_pdb_1y/fed_split/client_1/mmcif_files/7hf4.cif
7hf4_B,duplicate_sequence,169,0.0000,0.0000,0.97,data/all_pdb_1y/fed_split/client_1/mmcif_files/7hf4.cif
7hf5_A,duplicate_sequence,169,0.0000,0.0000,0.98,data/all_pdb_1y/fed_split/client_1/mmcif_files/7hf5.cif
7hf5_B,duplicate_sequence,169,0.0000,0.0000,0.98,data/all_pdb_1y/fed_split/client_1/mmcif_files/7hf5.cif
7hf6_A,duplicate_sequence,169,0.0000,0.0000,0.99,data/all_pdb_1y/fed_split/client_1/mmcif_files/7hf6.cif
7hf6_B,duplicate_sequence,169,0.0000,0.0000,0.99,data/all_pdb_1y/fed_split/client_1/mmcif_files/7hf6.cif
7hf7_A,duplicate_sequence,169,0.0000,0.0000,1.02,data/all_pdb_1y/fed_split/client_1/mmcif_files/7hf7.cif
7hf7_B,duplicate_sequence,169,0.0000,0.0000,1.02,data/all_pdb_1y/fed_split/client_1/mmcif_files/7hf7.cif
7hf8_A,duplicate_sequence,169,0.0000,0.0000,0.99,data/all_pdb_1y/fed_split/client_1/mmcif_files/7hf8.cif
7hf8_B,duplicate_sequence,169,0.0000,0.0000,0.99,data/all_pdb_1y/fed_split/client_1/mmcif_files/7hf8.cif
7hf9_A,duplicate_sequence,169,0.0000,0.0000,1.01,data/all_pdb_1y/fed_split/client_1/mmcif_files/7hf9.cif
7hf9_B,duplicate_sequence,169,0.0000,0.0000,1.01,data/all_pdb_1y/fed_split/client_1/mmcif_files/7hf9.cif
7hfa_A,duplicate_sequence,169,0.0000,0.0000,0.99,data/all_pdb_1y/fed_split/client_1/mmcif_files/7hfa.cif
7hfa_B,duplicate_sequence,169,0.0000,0.0000,0.99,data/all_pdb_1y/fed_split/client_1/mmcif_files/7hfa.cif
7hfb_A,duplicate_sequence,169,0.0000,0.0000,1.12,data/all_pdb_1y/fed_split/client_1/mmcif_files/7hfb.cif
7hfb_B,duplicate_sequence,169,0.0000,0.0000,1.12,data/all_pdb_1y/fed_split/client_1/mmcif_files/7hfb.cif
7hfc_A,duplicate_sequence,169,0.0000,0.0000,1.01,data/all_pdb_1y/fed_split/client_1/mmcif_files/7hfc.cif
7hfc_B,duplicate_sequence,169,0.0000,0.0000,1.01,data/all_pdb_1y/fed_split/client_1/mmcif_files/7hfc.cif
7hfd_A,duplicate_sequence,169,0.0000,0.0000,1.04,data/all_pdb_1y/fed_split/client_1/mmcif_files/7hfd.cif
7hfd_B,duplicate_sequence,169,0.0000,0.0000,1.04,data/all_pdb_1y/fed_split/client_1/mmcif_files/7hfd.cif
7hfe_A,duplicate_sequence,169,0.0000,0.0000,0.99,data/all_pdb_1y/fed_split/client_1/mmcif_files/7hfe.cif
7hfe_B,duplicate_sequence,169,0.0000,0.0000,0.99,data/all_pdb_1y/fed_split/client_1/mmcif_files/7hfe.cif
7hff_A,duplicate_sequence,169,0.0000,0.0000,0.99,data/all_pdb_1y/fed_split/client_1/mmcif_files/7hff.cif
7hff_B,duplicate_sequence,169,0.0000,0.0000,0.99,data/all_pdb_1y/fed_split/client_1/mmcif_files/7hff.cif
7hfg_A,duplicate_sequence,169,0.0000,0.0000,1.04,data/all_pdb_1y/fed_split/client_1/mmcif_files/7hfg.cif
7hfg_B,duplicate_sequence,169,0.0000,0.0000,1.04,data/all_pdb_1y/fed_split/client_1/mmcif_files/7hfg.cif
7hfh_A,duplicate_sequence,169,0.0000,0.0000,0.99,data/all_pdb_1y/fed_split/client_1/mmcif_files/7hfh.cif
7hfh_B,duplicate_sequence,169,0.0000,0.0000,0.99,data/all_pdb_1y/fed_split/client_1/mmcif_files/7hfh.cif
7hfi_A,duplicate_sequence,169,0.0000,0.0000,0.99,data/all_pdb_1y/fed_split/client_1/mmcif_files/7hfi.cif
7hfi_B,duplicate_sequence,169,0.0000,0.0000,0.99,data/all_pdb_1y/fed_split/client_1/mmcif_files/7hfi.cif
7hfj_A,duplicate_sequence,169,0.0000,0.0000,0.99,data/all_pdb_1y/fed_split/client_1/mmcif_files/7hfj.cif
7hfj_B,duplicate_sequence,169,0.0000,0.0000,0.99,data/all_pdb_1y/fed_split/client_1/mmcif_files/7hfj.cif
7hfk_A,duplicate_sequence,169,0.0000,0.0000,0.99,data/all_pdb_1y/fed_split/client_1/mmcif_files/7hfk.cif
7hfk_B,duplicate_sequence,169,0.0000,0.0000,0.99,data/all_pdb_1y/fed_split/client_1/mmcif_files/7hfk.cif
7hfl_A,duplicate_sequence,169,0.0000,0.0000,1.0,data/all_pdb_1y/fed_split/client_1/mmcif_files/7hfl.cif
7hfl_B,duplicate_sequence,169,0.0000,0.0000,1.0,data/all_pdb_1y/fed_split/client_1/mmcif_files/7hfl.cif
7hfm_A,duplicate_sequence,169,0.0000,0.0000,0.99,data/all_pdb_1y/fed_split/client_1/mmcif_files/7hfm.cif
7hfm_B,duplicate_sequence,169,0.0000,0.0000,0.99,data/all_pdb_1y/fed_split/client_1/mmcif_files/7hfm.cif
7hfn_A,duplicate_sequence,169,0.0000,0.0000,0.99,data/all_pdb_1y/fed_split/client_1/mmcif_files/7hfn.cif
7hfn_B,duplicate_sequence,169,0.0000,0.0000,0.99,data/all_pdb_1y/fed_split/client_1/mmcif_files/7hfn.cif
7hfo_A,duplicate_sequence,169,0.0000,0.0000,0.99,data/all_pdb_1y/fed_split/client_1/mmcif_files/7hfo.cif
7hfo_B,duplicate_sequence,169,0.0000,0.0000,0.99,data/all_pdb_1y/fed_split/client_1/mmcif_files/7hfo.cif
7hfp_A,duplicate_sequence,169,0.0000,0.0000,0.97,data/all_pdb_1y/fed_split/client_1/mmcif_files/7hfp.cif
7hfp_B,duplicate_sequence,169,0.0000,0.0000,0.97,data/all_pdb_1y/fed_split/client_1/mmcif_files/7hfp.cif
7hfq_A,duplicate_sequence,169,0.0000,0.0000,1.0,data/all_pdb_1y/fed_split/client_1/mmcif_files/7hfq.cif
7hfq_B,duplicate_sequence,169,0.0000,0.0000,1.0,data/all_pdb_1y/fed_split/client_1/mmcif_files/7hfq.cif
7hfr_A,duplicate_sequence,169,0.0000,0.0000,0.97,data/all_pdb_1y/fed_split/client_1/mmcif_files/7hfr.cif
7hfr_B,duplicate_sequence,169,0.0000,0.0000,0.97,data/all_pdb_1y/fed_split/client_1/mmcif_files/7hfr.cif
7hfs_A,duplicate_sequence,169,0.0000,0.0000,1.02,data/all_pdb_1y/fed_split/client_1/mmcif_files/7hfs.cif
7hfs_B,duplicate_sequence,169,0.0000,0.0000,1.02,data/all_pdb_1y/fed_split/client_1/mmcif_files/7hfs.cif
7hft_A,duplicate_sequence,169,0.0000,0.0000,1.01,data/all_pdb_1y/fed_split/client_1/mmcif_files/7hft.cif
7hft_B,duplicate_sequence,169,0.0000,0.0000,1.01,data/all_pdb_1y/fed_split/client_1/mmcif_files/7hft.cif
7hfu_A,duplicate_sequence,169,0.0000,0.0000,1.0,data/all_pdb_1y/fed_split/client_1/mmcif_files/7hfu.cif
7hfu_B,duplicate_sequence,169,0.0000,0.0000,1.0,data/all_pdb_1y/fed_split/client_1/mmcif_files/7hfu.cif
7hfv_A,duplicate_sequence,169,0.0000,0.0000,0.99,data/all_pdb_1y/fed_split/client_1/mmcif_files/7hfv.cif
7hfv_B,duplicate_sequence,169,0.0000,0.0000,0.99,data/all_pdb_1y/fed_split/client_1/mmcif_files/7hfv.cif
7hfw_A,duplicate_sequence,169,0.0000,0.0000,1.0,data/all_pdb_1y/fed_split/client_1/mmcif_files/7hfw.cif
7hfw_B,duplicate_sequence,169,0.0000,0.0000,1.0,data/all_pdb_1y/fed_split/client_1/mmcif_files/7hfw.cif
7hfx_A,duplicate_sequence,169,0.0000,0.0000,1.02,data/all_pdb_1y/fed_split/client_1/mmcif_files/7hfx.cif
7hfx_B,duplicate_sequence,169,0.0000,0.0000,1.02,data/all_pdb_1y/fed_split/client_1/mmcif_files/7hfx.cif
7hfy_A,duplicate_sequence,169,0.0000,0.0000,1.0,data/all_pdb_1y/fed_split/client_1/mmcif_files/7hfy.cif
7hfy_B,duplicate_sequence,169,0.0000,0.0000,1.0,data/all_pdb_1y/fed_split/client_1/mmcif_files/7hfy.cif
7hfz_A,duplicate_sequence,169,0.0000,0.0000,1.02,data/all_pdb_1y/fed_split/client_1/mmcif_files/7hfz.cif
7hfz_B,duplicate_sequence,169,0.0000,0.0000,1.02,data/all_pdb_1y/fed_split/client_1/mmcif_files/7hfz.cif
7hhs_A,duplicate_sequence,169,0.0000,0.0000,0.98,data/all_pdb_1y/fed_split/client_1/mmcif_files/7hhs.cif
7hhs_B,duplicate_sequence,169,0.0000,0.0000,0.98,data/all_pdb_1y/fed_split/client_1/mmcif_files/7hhs.cif
7hht_A,duplicate_sequence,169,0.0000,0.0000,1.02,data/all_pdb_1y/fed_split/client_1/mmcif_files/7hht.cif
7hht_B,duplicate_sequence,169,0.0000,0.0000,1.02,data/all_pdb_1y/fed_split/client_1/mmcif_files/7hht.cif
7hhu_A,duplicate_sequence,169,0.0000,0.0000,1.03,data/all_pdb_1y/fed_split/client_1/mmcif_files/7hhu.cif
7hhu_B,duplicate_sequence,169,0.0000,0.0000,1.03,data/all_pdb_1y/fed_split/client_1/mmcif_files/7hhu.cif
7hhv_A,duplicate_sequence,169,0.0000,0.0000,1.02,data/all_pdb_1y/fed_split/client_1/mmcif_files/7hhv.cif
7hhv_B,duplicate_sequence,169,0.0000,0.0000,1.02,data/all_pdb_1y/fed_split/client_1/mmcif_files/7hhv.cif
7hhw_A,duplicate_sequence,169,0.0000,0.0000,1.03,data/all_pdb_1y/fed_split/client_1/mmcif_files/7hhw.cif
7hhw_B,duplicate_sequence,169,0.0000,0.0000,1.03,data/all_pdb_1y/fed_split/client_1/mmcif_files/7hhw.cif
7hhx_A,duplicate_sequence,169,0.0000,0.0000,1.01,data/all_pdb_1y/fed_split/client_1/mmcif_files/7hhx.cif
7hhx_B,duplicate_sequence,169,0.0000,0.0000,1.01,data/all_pdb_1y/fed_split/client_1/mmcif_files/7hhx.cif
7hhy_A,duplicate_sequence,169,0.0000,0.0000,1.01,data/all_pdb_1y/fed_split/client_1/mmcif_files/7hhy.cif
7hhy_B,duplicate_sequence,169,0.0000,0.0000,1.01,data/all_pdb_1y/fed_split/client_1/mmcif_files/7hhy.cif
7hhz_A,duplicate_sequence,169,0.0000,0.0000,1.01,data/all_pdb_1y/fed_split/client_1/mmcif_files/7hhz.cif
7hhz_B,duplicate_sequence,169,0.0000,0.0000,1.01,data/all_pdb_1y/fed_split/client_1/mmcif_files/7hhz.cif
7hi0_A,duplicate_sequence,169,0.0000,0.0000,1.0,data/all_pdb_1y/fed_split/client_1/mmcif_files/7hi0.cif
7hi0_B,duplicate_sequence,169,0.0000,0.0000,1.0,data/all_pdb_1y/fed_split/client_1/mmcif_files/7hi0.cif
7hi1_A,duplicate_sequence,169,0.0000,0.0000,1.02,data/all_pdb_1y/fed_split/client_1/mmcif_files/7hi1.cif
7hi1_B,duplicate_sequence,169,0.0000,0.0000,1.02,data/all_pdb_1y/fed_split/client_1/mmcif_files/7hi1.cif
7hi2_A,duplicate_sequence,169,0.0000,0.0000,1.03,data/all_pdb_1y/fed_split/client_1/mmcif_files/7hi2.cif
7hi2_B,duplicate_sequence,169,0.0000,0.0000,1.03,data/all_pdb_1y/fed_split/client_1/mmcif_files/7hi2.cif
7hi3_A,duplicate_sequence,169,0.0000,0.0000,1.02,data/all_pdb_1y/fed_split/client_1/mmcif_files/7hi3.cif
7hi3_B,duplicate_sequence,169,0.0000,0.0000,1.02,data/all_pdb_1y/fed_split/client_1/mmcif_files/7hi3.cif
7hi4_A,duplicate_sequence,169,0.0000,0.0000,1.0,data/all_pdb_1y/fed_split/client_1/mmcif_files/7hi4.cif
7hi4_B,duplicate_sequence,169,0.0000,0.0000,1.0,data/all_pdb_1y/fed_split/client_1/mmcif_files/7hi4.cif
7hi5_A,duplicate_sequence,169,0.0000,0.0000,1.02,data/all_pdb_1y/fed_split/client_1/mmcif_files/7hi5.cif
7hi5_B,duplicate_sequence,169,0.0000,0.0000,1.02,data/all_pdb_1y/fed_split/client_1/mmcif_files/7hi5.cif
7hi6_A,duplicate_sequence,169,0.0000,0.0000,0.99,data/all_pdb_1y/fed_split/client_1/mmcif_files/7hi6.cif
7hi6_B,duplicate_sequence,169,0.0000,0.0000,0.99,data/all_pdb_1y/fed_split/client_1/mmcif_files/7hi6.cif
7hi7_A,duplicate_sequence,169,0.0000,0.0000,1.09,data/all_pdb_1y/fed_split/client_1/mmcif_files/7hi7.cif
7hi7_B,duplicate_sequence,169,0.0000,0.0000,1.09,data/all_pdb_1y/fed_split/client_1/mmcif_files/7hi7.cif
7hpi_A,duplicate_sequence,169,0.0000,0.0000,1.01,data/all_pdb_1y/fed_split/client_1/mmcif_files/7hpi.cif
7hpi_B,duplicate_sequence,169,0.0000,0.0000,1.01,data/all_pdb_1y/fed_split/client_1/mmcif_files/7hpi.cif
7hpj_A,duplicate_sequence,169,0.0000,0.0000,1.01,data/all_pdb_1y/fed_split/client_1/mmcif_files/7hpj.cif
7hpj_B,duplicate_sequence,169,0.0000,0.0000,1.01,data/all_pdb_1y/fed_split/client_1/mmcif_files/7hpj.cif
7hpk_A,duplicate_sequence,169,0.0000,0.0000,0.99,data/all_pdb_1y/fed_split/client_1/mmcif_files/7hpk.cif
7hpk_B,duplicate_sequence,169,0.0000,0.0000,0.99,data/all_pdb_1y/fed_split/client_1/mmcif_files/7hpk.cif
7hpl_A,duplicate_sequence,169,0.0000,0.0000,1.01,data/all_pdb_1y/fed_split/client_1/mmcif_files/7hpl.cif
7hpl_B,duplicate_sequence,169,0.0000,0.0000,1.01,data/all_pdb_1y/fed_split/client_1/mmcif_files/7hpl.cif
7hpm_A,duplicate_sequence,169,0.0000,0.0000,0.98,data/all_pdb_1y/fed_split/client_1/mmcif_files/7hpm.cif
7hpm_B,duplicate_sequence,169,0.0000,0.0000,0.98,data/all_pdb_1y/fed_split/client_1/mmcif_files/7hpm.cif
7hpn_A,duplicate_sequence,169,0.0000,0.0000,1.02,data/all_pdb_1y/fed_split/client_1/mmcif_files/7hpn.cif
7hpn_B,duplicate_sequence,169,0.0000,0.0000,1.02,data/all_pdb_1y/fed_split/client_1/mmcif_files/7hpn.cif
7hpo_A,duplicate_sequence,169,0.0000,0.0000,1.01,data/all_pdb_1y/fed_split/client_1/mmcif_files/7hpo.cif
7hpo_B,duplicate_sequence,169,0.0000,0.0000,1.01,data/all_pdb_1y/fed_split/client_1/mmcif_files/7hpo.cif
7hpp_A,duplicate_sequence,169,0.0000,0.0000,1.01,data/all_pdb_1y/fed_split/client_1/mmcif_files/7hpp.cif
7hpp_B,duplicate_sequence,169,0.0000,0.0000,1.01,data/all_pdb_1y/fed_split/client_1/mmcif_files/7hpp.cif
7hpq_A,duplicate_sequence,169,0.0000,0.0000,0.99,data/all_pdb_1y/fed_split/client_1/mmcif_files/7hpq.cif
7hpq_B,duplicate_sequence,169,0.0000,0.0000,0.99,data/all_pdb_1y/fed_split/client_1/mmcif_files/7hpq.cif
7hpr_A,duplicate_sequence,169,0.0000,0.0000,1.04,data/all_pdb_1y/fed_split/client_1/mmcif_files/7hpr.cif
7hpr_B,duplicate_sequence,169,0.0000,0.0000,1.04,data/all_pdb_1y/fed_split/client_1/mmcif_files/7hpr.cif
7hps_A,duplicate_sequence,169,0.0000,0.0000,1.01,data/all_pdb_1y/fed_split/client_1/mmcif_files/7hps.cif
7hps_B,duplicate_sequence,169,0.0000,0.0000,1.01,data/all_pdb_1y/fed_split/client_1/mmcif_files/7hps.cif
7hpt_A,duplicate_sequence,169,0.0000,0.0000,0.97,data/all_pdb_1y/fed_split/client_1/mmcif_files/7hpt.cif
7hpt_B,duplicate_sequence,169,0.0000,0.0000,0.97,data/all_pdb_1y/fed_split/client_1/mmcif_files/7hpt.cif
7hpu_A,duplicate_sequence,169,0.0000,0.0000,1.02,data/all_pdb_1y/fed_split/client_1/mmcif_files/7hpu.cif
7hpu_B,duplicate_sequence,169,0.0000,0.0000,1.02,data/all_pdb_1y/fed_split/client_1/mmcif_files/7hpu.cif
7hpv_A,duplicate_sequence,169,0.0000,0.0000,1.0,data/all_pdb_1y/fed_split/client_1/mmcif_files/7hpv.cif
7hpv_B,duplicate_sequence,169,0.0000,0.0000,1.0,data/all_pdb_1y/fed_split/client_1/mmcif_files/7hpv.cif
7hpw_A,duplicate_sequence,169,0.0000,0.0000,1.02,data/all_pdb_1y/fed_split/client_1/mmcif_files/7hpw.cif
7hpw_B,duplicate_sequence,169,0.0000,0.0000,1.02,data/all_pdb_1y/fed_split/client_1/mmcif_files/7hpw.cif
7hpx_A,duplicate_sequence,169,0.0000,0.0000,0.99,data/all_pdb_1y/fed_split/client_1/mmcif_files/7hpx.cif
7hpx_B,duplicate_sequence,169,0.0000,0.0000,0.99,data/all_pdb_1y/fed_split/client_1/mmcif_files/7hpx.cif
7hpy_A,duplicate_sequence,169,0.0000,0.0000,1.02,data/all_pdb_1y/fed_split/client_1/mmcif_files/7hpy.cif
7hpy_B,duplicate_sequence,169,0.0000,0.0000,1.02,data/all_pdb_1y/fed_split/client_1/mmcif_files/7hpy.cif
7hpz_A,duplicate_sequence,169,0.0000,0.0000,1.02,data/all_pdb_1y/fed_split/client_1/mmcif_files/7hpz.cif
7hpz_B,duplicate_sequence,169,0.0000,0.0000,1.02,data/all_pdb_1y/fed_split/client_1/mmcif_files/7hpz.cif
7hq0_A,duplicate_sequence,169,0.0000,0.0000,0.99,data/all_pdb_1y/fed_split/client_1/mmcif_files/7hq0.cif
7hq0_B,duplicate_sequence,169,0.0000,0.0000,0.99,data/all_pdb_1y/fed_split/client_1/mmcif_files/7hq0.cif
7hq1_A,duplicate_sequence,169,0.0000,0.0000,0.99,data/all_pdb_1y/fed_split/client_1/mmcif_files/7hq1.cif
7hq1_B,duplicate_sequence,169,0.0000,0.0000,0.99,data/all_pdb_1y/fed_split/client_1/mmcif_files/7hq1.cif
7hq2_A,duplicate_sequence,169,0.0000,0.0000,1.0,data/all_pdb_1y/fed_split/client_1/mmcif_files/7hq2.cif
7hq2_B,duplicate_sequence,169,0.0000,0.0000,1.0,data/all_pdb_1y/fed_split/client_1/mmcif_files/7hq2.cif
7hq3_A,duplicate_sequence,169,0.0000,0.0000,0.97,data/all_pdb_1y/fed_split/client_1/mmcif_files/7hq3.cif
7hq3_B,duplicate_sequence,169,0.0000,0.0000,0.97,data/all_pdb_1y/fed_split/client_1/mmcif_files/7hq3.cif
7hq4_A,duplicate_sequence,169,0.0000,0.0000,1.0,data/all_pdb_1y/fed_split/client_1/mmcif_files/7hq4.cif
7hq4_B,duplicate_sequence,169,0.0000,0.0000,1.0,data/all_pdb_1y/fed_split/client_1/mmcif_files/7hq4.cif
7hq5_A,duplicate_sequence,169,0.0000,0.0000,0.99,data/all_pdb_1y/fed_split/client_1/mmcif_files/7hq5.cif
7hq5_B,duplicate_sequence,169,0.0000,0.0000,0.99,data/all_pdb_1y/fed_split/client_1/mmcif_files/7hq5.cif
7hq6_A,duplicate_sequence,169,0.0000,0.0000,1.01,data/all_pdb_1y/fed_split/client_1/mmcif_files/7hq6.cif
7hq6_B,duplicate_sequence,169,0.0000,0.0000,1.01,data/all_pdb_1y/fed_split/client_1/mmcif_files/7hq6.cif
7hq7_A,duplicate_sequence,169,0.0000,0.0000,1.02,data/all_pdb_1y/fed_split/client_1/mmcif_files/7hq7.cif
7hq7_B,duplicate_sequence,169,0.0000,0.0000,1.02,data/all_pdb_1y/fed_split/client_1/mmcif_files/7hq7.cif
7hq8_A,duplicate_sequence,169,0.0000,0.0000,0.99,data/all_pdb_1y/fed_split/client_1/mmcif_files/7hq8.cif
7hq8_B,duplicate_sequence,169,0.0000,0.0000,0.99,data/all_pdb_1y/fed_split/client_1/mmcif_files/7hq8.cif
7hq9_A,duplicate_sequence,169,0.0000,0.0000,0.99,data/all_pdb_1y/fed_split/client_1/mmcif_files/7hq9.cif
7hq9_B,duplicate_sequence,169,0.0000,0.0000,0.99,data/all_pdb_1y/fed_split/client_1/mmcif_files/7hq9.cif
7hqa_A,duplicate_sequence,169,0.0000,0.0000,1.0,data/all_pdb_1y/fed_split/client_1/mmcif_files/7hqa.cif
7hqa_B,duplicate_sequence,169,0.0000,0.0000,1.0,data/all_pdb_1y/fed_split/client_1/mmcif_files/7hqa.cif
7hqb_A,duplicate_sequence,169,0.0000,0.0000,0.98,data/all_pdb_1y/fed_split/client_1/mmcif_files/7hqb.cif
7hqb_B,duplicate_sequence,169,0.0000,0.0000,0.98,data/all_pdb_1y/fed_split/client_1/mmcif_files/7hqb.cif
7hqc_A,duplicate_sequence,169,0.0000,0.0000,0.98,data/all_pdb_1y/fed_split/client_1/mmcif_files/7hqc.cif
7hqc_B,duplicate_sequence,169,0.0000,0.0000,0.98,data/all_pdb_1y/fed_split/client_1/mmcif_files/7hqc.cif
7hqd_A,duplicate_sequence,169,0.0000,0.0000,1.02,data/all_pdb_1y/fed_split/client_1/mmcif_files/7hqd.cif
7hqd_B,duplicate_sequence,169,0.0000,0.0000,1.02,data/all_pdb_1y/fed_split/client_1/mmcif_files/7hqd.cif
7hqe_A,duplicate_sequence,169,0.0000,0.0000,1.0,data/all_pdb_1y/fed_split/client_1/mmcif_files/7hqe.cif
7hqe_B,duplicate_sequence,169,0.0000,0.0000,1.0,data/all_pdb_1y/fed_split/client_1/mmcif_files/7hqe.cif
7hqf_A,duplicate_sequence,169,0.0000,0.0000,1.02,data/all_pdb_1y/fed_split/client_1/mmcif_files/7hqf.cif
7hqf_B,duplicate_sequence,169,0.0000,0.0000,1.02,data/all_pdb_1y/fed_split/client_1/mmcif_files/7hqf.cif
7hqg_A,duplicate_sequence,169,0.0000,0.0000,1.0,data/all_pdb_1y/fed_split/client_1/mmcif_files/7hqg.cif
7hqg_B,duplicate_sequence,169,0.0000,0.0000,1.0,data/all_pdb_1y/fed_split/client_1/mmcif_files/7hqg.cif
7hqh_A,duplicate_sequence,169,0.0000,0.0000,1.02,data/all_pdb_1y/fed_split/client_1/mmcif_files/7hqh.cif
7hqh_B,duplicate_sequence,169,0.0000,0.0000,1.02,data/all_pdb_1y/fed_split/client_1/mmcif_files/7hqh.cif
7hqi_A,duplicate_sequence,169,0.0000,0.0000,1.0,data/all_pdb_1y/fed_split/client_1/mmcif_files/7hqi.cif
7hqi_B,duplicate_sequence,169,0.0000,0.0000,1.0,data/all_pdb_1y/fed_split/client_1/mmcif_files/7hqi.cif
7hqj_A,duplicate_sequence,169,0.0000,0.0000,1.02,data/all_pdb_1y/fed_split/client_1/mmcif_files/7hqj.cif
7hqj_B,duplicate_sequence,169,0.0000,0.0000,1.02,data/all_pdb_1y/fed_split/client_1/mmcif_files/7hqj.cif
7hqk_A,duplicate_sequence,169,0.0000,0.0000,1.0,data/all_pdb_1y/fed_split/client_1/mmcif_files/7hqk.cif
7hqk_B,duplicate_sequence,169,0.0000,0.0000,1.0,data/all_pdb_1y/fed_split/client_1/mmcif_files/7hqk.cif
7hql_A,duplicate_sequence,169,0.0000,0.0000,0.99,data/all_pdb_1y/fed_split/client_1/mmcif_files/7hql.cif
7hql_B,duplicate_sequence,169,0.0000,0.0000,0.99,data/all_pdb_1y/fed_split/client_1/mmcif_files/7hql.cif
7hqm_A,duplicate_sequence,169,0.0000,0.0000,0.97,data/all_pdb_1y/fed_split/client_1/mmcif_files/7hqm.cif
7hqm_B,duplicate_sequence,169,0.0000,0.0000,0.97,data/all_pdb_1y/fed_split/client_1/mmcif_files/7hqm.cif
7hqn_A,duplicate_sequence,169,0.0000,0.0000,0.99,data/all_pdb_1y/fed_split/client_1/mmcif_files/7hqn.cif
7hqn_B,duplicate_sequence,169,0.0000,0.0000,0.99,data/all_pdb_1y/fed_split/client_1/mmcif_files/7hqn.cif
7hqo_A,duplicate_sequence,169,0.0000,0.0000,1.01,data/all_pdb_1y/fed_split/client_1/mmcif_files/7hqo.cif
7hqo_B,duplicate_sequence,169,0.0000,0.0000,1.01,data/all_pdb_1y/fed_split/client_1/mmcif_files/7hqo.cif
7hqp_A,duplicate_sequence,169,0.0000,0.0000,0.99,data/all_pdb_1y/fed_split/client_1/mmcif_files/7hqp.cif
7hqp_B,duplicate_sequence,169,0.0000,0.0000,0.99,data/all_pdb_1y/fed_split/client_1/mmcif_files/7hqp.cif
7iiw_A,duplicate_sequence,169,0.0000,0.0000,0.97,data/all_pdb_1y/fed_split/client_1/mmcif_files/7iiw.cif
7iiw_B,duplicate_sequence,169,0.0000,0.0000,0.97,data/all_pdb_1y/fed_split/client_1/mmcif_files/7iiw.cif
7iix_A,duplicate_sequence,169,0.0000,0.0000,1.02,data/all_pdb_1y/fed_split/client_1/mmcif_files/7iix.cif
7iix_B,duplicate_sequence,169,0.0000,0.0000,1.02,data/all_pdb_1y/fed_split/client_1/mmcif_files/7iix.cif
7iiy_A,duplicate_sequence,169,0.0000,0.0000,1.01,data/all_pdb_1y/fed_split/client_1/mmcif_files/7iiy.cif
7iiy_B,duplicate_sequence,169,0.0000,0.0000,1.01,data/all_pdb_1y/fed_split/client_1/mmcif_files/7iiy.cif
7iiz_A,duplicate_sequence,169,0.0000,0.0000,0.99,data/all_pdb_1y/fed_split/client_1/mmcif_files/7iiz.cif
7iiz_B,duplicate_sequence,169,0.0000,0.0000,0.99,data/all_pdb_1y/fed_split/client_1/mmcif_files/7iiz.cif
7ij0_A,duplicate_sequence,169,0.0000,0.0000,0.98,data/all_pdb_1y/fed_split/client_1/mmcif_files/7ij0.cif
7ij0_B,duplicate_sequence,169,0.0000,0.0000,0.98,data/all_pdb_1y/fed_split/client_1/mmcif_files/7ij0.cif
7ij1_A,duplicate_sequence,169,0.0000,0.0000,1.01,data/all_pdb_1y/fed_split/client_1/mmcif_files/7ij1.cif
7ij1_B,duplicate_sequence,169,0.0000,0.0000,1.01,data/all_pdb_1y/fed_split/client_1/mmcif_files/7ij1.cif
7ij2_A,duplicate_sequence,169,0.0000,0.0000,0.97,data/all_pdb_1y/fed_split/client_1/mmcif_files/7ij2.cif
7ij2_B,duplicate_sequence,169,0.0000,0.0000,0.97,data/all_pdb_1y/fed_split/client_1/mmcif_files/7ij2.cif
7ij3_A,duplicate_sequence,169,0.0000,0.0000,0.97,data/all_pdb_1y/fed_split/client_1/mmcif_files/7ij3.cif
7ij3_B,duplicate_sequence,169,0.0000,0.0000,0.97,data/all_pdb_1y/fed_split/client_1/mmcif_files/7ij3.cif
7ij4_A,duplicate_sequence,169,0.0000,0.0000,1.01,data/all_pdb_1y/fed_split/client_1/mmcif_files/7ij4.cif
7ij4_B,duplicate_sequence,169,0.0000,0.0000,1.01,data/all_pdb_1y/fed_split/client_1/mmcif_files/7ij4.cif
7ij5_A,duplicate_sequence,169,0.0000,0.0000,0.99,data/all_pdb_1y/fed_split/client_1/mmcif_files/7ij5.cif
7ij5_B,duplicate_sequence,169,0.0000,0.0000,0.99,data/all_pdb_1y/fed_split/client_1/mmcif_files/7ij5.cif
7ij6_A,duplicate_sequence,169,0.0000,0.0000,1.02,data/all_pdb_1y/fed_split/client_1/mmcif_files/7ij6.cif
7ij6_B,duplicate_sequence,169,0.0000,0.0000,1.02,data/all_pdb_1y/fed_split/client_1/mmcif_files/7ij6.cif
7ij7_A,duplicate_sequence,169,0.0000,0.0000,1.01,data/all_pdb_1y/fed_split/client_1/mmcif_files/7ij7.cif
7ij7_B,duplicate_sequence,169,0.0000,0.0000,1.01,data/all_pdb_1y/fed_split/client_1/mmcif_files/7ij7.cif
7ij8_A,duplicate_sequence,169,0.0000,0.0000,1.0,data/all_pdb_1y/fed_split/client_1/mmcif_files/7ij8.cif
7ij8_B,duplicate_sequence,169,0.0000,0.0000,1.0,data/all_pdb_1y/fed_split/client_1/mmcif_files/7ij8.cif
7ij9_A,duplicate_sequence,169,0.0000,0.0000,1.0,data/all_pdb_1y/fed_split/client_1/mmcif_files/7ij9.cif
7ij9_B,duplicate_sequence,169,0.0000,0.0000,1.0,data/all_pdb_1y/fed_split/client_1/mmcif_files/7ij9.cif
7ija_A,duplicate_sequence,169,0.0000,0.0000,1.0,data/all_pdb_1y/fed_split/client_1/mmcif_files/7ija.cif
7ija_B,duplicate_sequence,169,0.0000,0.0000,1.0,data/all_pdb_1y/fed_split/client_1/mmcif_files/7ija.cif
7ijb_A,duplicate_sequence,169,0.0000,0.0000,1.0,data/all_pdb_1y/fed_split/client_1/mmcif_files/7ijb.cif
7ijb_B,duplicate_sequence,169,0.0000,0.0000,1.0,data/all_pdb_1y/fed_split/client_1/mmcif_files/7ijb.cif
7ijc_A,duplicate_sequence,169,0.0000,0.0000,1.0,data/all_pdb_1y/fed_split/client_1/mmcif_files/7ijc.cif
7ijc_B,duplicate_sequence,169,0.0000,0.0000,1.0,data/all_pdb_1y/fed_split/client_1/mmcif_files/7ijc.cif
7ijd_A,duplicate_sequence,169,0.0000,0.0000,1.0,data/all_pdb_1y/fed_split/client_1/mmcif_files/7ijd.cif
7ijd_B,duplicate_sequence,169,0.0000,0.0000,1.0,data/all_pdb_1y/fed_split/client_1/mmcif_files/7ijd.cif
7ije_A,duplicate_sequence,169,0.0000,0.0000,1.0,data/all_pdb_1y/fed_split/client_1/mmcif_files/7ije.cif
7ije_B,duplicate_sequence,169,0.0000,0.0000,1.0,data/all_pdb_1y/fed_split/client_1/mmcif_files/7ije.cif
7ijf_A,duplicate_sequence,169,0.0000,0.0000,1.0,data/all_pdb_1y/fed_split/client_1/mmcif_files/7ijf.cif
7ijf_B,duplicate_sequence,169,0.0000,0.0000,1.0,data/all_pdb_1y/fed_split/client_1/mmcif_files/7ijf.cif
7ijg_A,duplicate_sequence,169,0.0000,0.0000,1.02,data/all_pdb_1y/fed_split/client_1/mmcif_files/7ijg.cif
7ijg_B,duplicate_sequence,169,0.0000,0.0000,1.02,data/all_pdb_1y/fed_split/client_1/mmcif_files/7ijg.cif
7ijh_A,duplicate_sequence,169,0.0000,0.0000,1.0,data/all_pdb_1y/fed_split/client_1/mmcif_files/7ijh.cif
7ijh_B,duplicate_sequence,169,0.0000,0.0000,1.0,data/all_pdb_1y/fed_split/client_1/mmcif_files/7ijh.cif
7iji_A,duplicate_sequence,169,0.0000,0.0000,1.02,data/all_pdb_1y/fed_split/client_1/mmcif_files/7iji.cif
7iji_B,duplicate_sequence,169,0.0000,0.0000,1.02,data/all_pdb_1y/fed_split/client_1/mmcif_files/7iji.cif
7ijj_A,duplicate_sequence,169,0.0000,0.0000,0.98,data/all_pdb_1y/fed_split/client_1/mmcif_files/7ijj.cif
7ijj_B,duplicate_sequence,169,0.0000,0.0000,0.98,data/all_pdb_1y/fed_split/client_1/mmcif_files/7ijj.cif
7ijk_A,duplicate_sequence,169,0.0000,0.0000,0.98,data/all_pdb_1y/fed_split/client_1/mmcif_files/7ijk.cif
7ijk_B,duplicate_sequence,169,0.0000,0.0000,0.98,data/all_pdb_1y/fed_split/client_1/mmcif_files/7ijk.cif
7ijl_A,duplicate_sequence,169,0.0000,0.0000,1.01,data/all_pdb_1y/fed_split/client_1/mmcif_files/7ijl.cif
7ijl_B,duplicate_sequence,169,0.0000,0.0000,1.01,data/all_pdb_1y/fed_split/client_1/mmcif_files/7ijl.cif
7ijm_A,duplicate_sequence,169,0.0000,0.0000,1.01,data/all_pdb_1y/fed_split/client_1/mmcif_files/7ijm.cif
7ijm_B,duplicate_sequence,169,0.0000,0.0000,1.01,data/all_pdb_1y/fed_split/client_1/mmcif_files/7ijm.cif
7ijn_A,duplicate_sequence,169,0.0000,0.0000,1.22,data/all_pdb_1y/fed_split/client_1/mmcif_files/7ijn.cif
7ijn_B,duplicate_sequence,169,0.0000,0.0000,1.22,data/all_pdb_1y/fed_split/client_1/mmcif_files/7ijn.cif
7ijo_A,duplicate_sequence,169,0.0000,0.0000,1.181,data/all_pdb_1y/fed_split/client_1/mmcif_files/7ijo.cif
7ijo_B,duplicate_sequence,169,0.0000,0.0000,1.181,data/all_pdb_1y/fed_split/client_1/mmcif_files/7ijo.cif
7ijp_A,duplicate_sequence,169,0.0000,0.0000,1.22,data/all_pdb_1y/fed_split/client_1/mmcif_files/7ijp.cif
7ijp_B,duplicate_sequence,169,0.0000,0.0000,1.22,data/all_pdb_1y/fed_split/client_1/mmcif_files/7ijp.cif
7ijq_A,duplicate_sequence,169,0.0000,0.0000,1.21,data/all_pdb_1y/fed_split/client_1/mmcif_files/7ijq.cif
7ijq_B,duplicate_sequence,169,0.0000,0.0000,1.21,data/all_pdb_1y/fed_split/client_1/mmcif_files/7ijq.cif
7ijr_A,duplicate_sequence,169,0.0000,0.0000,1.206,data/all_pdb_1y/fed_split/client_1/mmcif_files/7ijr.cif
7ijr_B,duplicate_sequence,169,0.0000,0.0000,1.206,data/all_pdb_1y/fed_split/client_1/mmcif_files/7ijr.cif
7ijs_A,duplicate_sequence,169,0.0000,0.0000,1.16,data/all_pdb_1y/fed_split/client_1/mmcif_files/7ijs.cif
7ijs_B,duplicate_sequence,169,0.0000,0.0000,1.16,data/all_pdb_1y/fed_split/client_1/mmcif_files/7ijs.cif
7ijt_A,duplicate_sequence,169,0.0000,0.0000,1.145,data/all_pdb_1y/fed_split/client_1/mmcif_files/7ijt.cif
7ijt_B,duplicate_sequence,169,0.0000,0.0000,1.145,data/all_pdb_1y/fed_split/client_1/mmcif_files/7ijt.cif
7ijv_A,duplicate_sequence,170,0.0000,0.0000,1.27,data/all_pdb_1y/fed_split/client_1/mmcif_files/7ijv.cif
7ijw_A,duplicate_sequence,170,0.0000,0.0000,1.607,data/all_pdb_1y/fed_split/client_1/mmcif_files/7ijw.cif
7ijx_A,duplicate_sequence,170,0.0000,0.0000,1.381,data/all_pdb_1y/fed_split/client_1/mmcif_files/7ijx.cif
7ijy_A,duplicate_sequence,170,0.0000,0.0000,1.481,data/all_pdb_1y/fed_split/client_1/mmcif_files/7ijy.cif
7ijz_A,duplicate_sequence,170,0.0000,0.0000,1.32,data/all_pdb_1y/fed_split/client_1/mmcif_files/7ijz.cif
7ik0_A,duplicate_sequence,170,0.0000,0.0000,1.369,data/all_pdb_1y/fed_split/client_1/mmcif_files/7ik0.cif
7ik1_A,duplicate_sequence,170,0.0000,0.0000,1.34,data/all_pdb_1y/fed_split/client_1/mmcif_files/7ik1.cif
7ik2_A,duplicate_sequence,170,0.0000,0.0000,1.151,data/all_pdb_1y/fed_split/client_1/mmcif_files/7ik2.cif
7ik3_A,duplicate_sequence,170,0.0000,0.0000,1.298,data/all_pdb_1y/fed_split/client_1/mmcif_files/7ik3.cif
7ik4_A,duplicate_sequence,170,0.0000,0.0000,1.15,data/all_pdb_1y/fed_split/client_1/mmcif_files/7ik4.cif
7ik5_A,duplicate_sequence,170,0.0000,0.0000,1.199,data/all_pdb_1y/fed_split/client_1/mmcif_files/7ik5.cif
7ik6_A,duplicate_sequence,170,0.0000,0.0000,1.301,data/all_pdb_1y/fed_split/client_1/mmcif_files/7ik6.cif
7ik7_A,duplicate_sequence,170,0.0000,0.0000,1.229,data/all_pdb_1y/fed_split/client_1/mmcif_files/7ik7.cif
7ik8_A,duplicate_sequence,170,0.0000,0.0000,1.151,data/all_pdb_1y/fed_split/client_1/mmcif_files/7ik8.cif
8qg3_A,duplicate_sequence,272,0.0000,0.0000,1.84,data/all_pdb_1y/fed_split/client_1/mmcif_files/8qg3.cif
8qg4_A,duplicate_sequence,272,0.0000,0.0000,1.69,data/all_pdb_1y/fed_split/client_1/mmcif_files/8qg4.cif
8qg9_A,duplicate_sequence,272,0.0000,0.0000,1.79,data/all_pdb_1y/fed_split/client_1/mmcif_files/8qg9.cif
8qgg_A,duplicate_sequence,272,0.0000,0.0000,1.59,data/all_pdb_1y/fed_split/client_1/mmcif_files/8qgg.cif
8qgh_A,duplicate_sequence,272,0.0000,0.0000,1.76,data/all_pdb_1y/fed_split/client_1/mmcif_files/8qgh.cif
8qgi_A,duplicate_sequence,272,0.0000,0.0000,1.93,data/all_pdb_1y/fed_split/client_1/mmcif_files/8qgi.cif
8qgl_A,duplicate_sequence,272,0.0000,0.0000,1.83,data/all_pdb_1y/fed_split/client_1/mmcif_files/8qgl.cif
8qgm_A,duplicate_sequence,272,0.0000,0.0000,1.66,data/all_pdb_1y/fed_split/client_1/mmcif_files/8qgm.cif
8qgo_A,duplicate_sequence,272,0.0000,0.0000,1.53,data/all_pdb_1y/fed_split/client_1/mmcif_files/8qgo.cif
8r3n_X,duplicate_sequence,179,0.0000,0.0000,1.45,data/all_pdb_1y/fed_split/client_1/mmcif_files/8r3n.cif
8rho_B,duplicate_sequence,122,0.0000,0.0000,1.45,data/all_pdb_1y/fed_split/client_1/mmcif_files/8rho.cif
8vhs_A,x_ratio_too_high,39,0.0513,0.0513,1.36,data/all_pdb_1y/fed_split/client_1/mmcif_files/8vhs.cif
8vhs_B,x_ratio_too_high,39,0.0513,0.0513,1.36,data/all_pdb_1y/fed_split/client_1/mmcif_files/8vhs.cif
8vhs_C,x_ratio_too_high,39,0.0513,0.0513,1.36,data/all_pdb_1y/fed_split/client_1/mmcif_files/8vhs.cif
8vhs_D,x_ratio_too_high,39,0.0513,0.0513,1.36,data/all_pdb_1y/fed_split/client_1/mmcif_files/8vhs.cif
8vqs_B,duplicate_sequence,137,0.0000,0.0000,2.0,data/all_pdb_1y/fed_split/client_1/mmcif_files/8vqs.cif
8vqu_A,duplicate_sequence,137,0.0000,0.0000,1.751,data/all_pdb_1y/fed_split/client_1/mmcif_files/8vqu.cif
8vqu_B,duplicate_sequence,137,0.0000,0.0000,1.751,data/all_pdb_1y/fed_split/client_1/mmcif_files/8vqu.cif
8xvn_B,duplicate_sequence,270,0.0000,0.0000,2.0,data/all_pdb_1y/fed_split/client_1/mmcif_files/8xvn.cif
8xvn_C,duplicate_sequence,270,0.0000,0.0000,2.0,data/all_pdb_1y/fed_split/client_1/mmcif_files/8xvn.cif
8xvn_D,duplicate_sequence,270,0.0000,0.0000,2.0,data/all_pdb_1y/fed_split/client_1/mmcif_files/8xvn.cif
8xvn_E,duplicate_sequence,270,0.0000,0.0000,2.0,data/all_pdb_1y/fed_split/client_1/mmcif_files/8xvn.cif
8xvn_F,duplicate_sequence,270,0.0000,0.0000,2.0,data/all_pdb_1y/fed_split/client_1/mmcif_files/8xvn.cif
8xvn_G,duplicate_sequence,270,0.0000,0.0000,2.0,data/all_pdb_1y/fed_split/client_1/mmcif_files/8xvn.cif
8xvn_H,duplicate_sequence,270,0.0000,0.0000,2.0,data/all_pdb_1y/fed_split/client_1/mmcif_files/8xvn.cif
8y23_B,duplicate_sequence,121,0.0000,0.0000,1.48,data/all_pdb_1y/fed_split/client_1/mmcif_files/8y23.cif
8y23_C,duplicate_sequence,121,0.0000,0.0000,1.48,data/all_pdb_1y/fed_split/client_1/mmcif_files/8y23.cif
8y23_D,duplicate_sequence,121,0.0000,0.0000,1.48,data/all_pdb_1y/fed_split/client_1/mmcif_files/8y23.cif
8y24_A,duplicate_sequence,121,0.0000,0.0000,1.45,data/all_pdb_1y/fed_split/client_1/mmcif_files/8y24.cif
8y24_B,duplicate_sequence,121,0.0000,0.0000,1.45,data/all_pdb_1y/fed_split/client_1/mmcif_files/8y24.cif
8y24_C,duplicate_sequence,121,0.0000,0.0000,1.45,data/all_pdb_1y/fed_split/client_1/mmcif_files/8y24.cif
8y24_D,duplicate_sequence,121,0.0000,0.0000,1.45,data/all_pdb_1y/fed_split/client_1/mmcif_files/8y24.cif
8y25_A,duplicate_sequence,121,0.0000,0.0000,1.45,data/all_pdb_1y/fed_split/client_1/mmcif_files/8y25.cif
8y25_B,duplicate_sequence,121,0.0000,0.0000,1.45,data/all_pdb_1y/fed_split/client_1/mmcif_files/8y25.cif
8y25_C,duplicate_sequence,121,0.0000,0.0000,1.45,data/all_pdb_1y/fed_split/client_1/mmcif_files/8y25.cif
8y25_D,duplicate_sequence,121,0.0000,0.0000,1.45,data/all_pdb_1y/fed_split/client_1/mmcif_files/8y25.cif
8y26_A,duplicate_sequence,121,0.0000,0.0000,1.23,data/all_pdb_1y/fed_split/client_1/mmcif_files/8y26.cif
8y26_B,duplicate_sequence,121,0.0000,0.0000,1.23,data/all_pdb_1y/fed_split/client_1/mmcif_files/8y26.cif
8y26_C,duplicate_sequence,121,0.0000,0.0000,1.23,data/all_pdb_1y/fed_split/client_1/mmcif_files/8y26.cif
8y26_D,duplicate_sequence,121,0.0000,0.0000,1.23,data/all_pdb_1y/fed_split/client_1/mmcif_files/8y26.cif
8y27_A,duplicate_sequence,121,0.0000,0.0000,1.45,data/all_pdb_1y/fed_split/client_1/mmcif_files/8y27.cif
8y27_B,duplicate_sequence,121,0.0000,0.0000,1.45,data/all_pdb_1y/fed_split/client_1/mmcif_files/8y27.cif
8y27_C,duplicate_sequence,121,0.0000,0.0000,1.45,data/all_pdb_1y/fed_split/client_1/mmcif_files/8y27.cif
8y27_D,duplicate_sequence,121,0.0000,0.0000,1.45,data/all_pdb_1y/fed_split/client_1/mmcif_files/8y27.cif
8y28_A,duplicate_sequence,121,0.0000,0.0000,1.33,data/all_pdb_1y/fed_split/client_1/mmcif_files/8y28.cif
8y28_B,duplicate_sequence,121,0.0000,0.0000,1.33,data/all_pdb_1y/fed_split/client_1/mmcif_files/8y28.cif
8y28_C,duplicate_sequence,121,0.0000,0.0000,1.33,data/all_pdb_1y/fed_split/client_1/mmcif_files/8y28.cif
8y28_D,duplicate_sequence,121,0.0000,0.0000,1.33,data/all_pdb_1y/fed_split/client_1/mmcif_files/8y28.cif
8y29_A,duplicate_sequence,121,0.0000,0.0000,1.42,data/all_pdb_1y/fed_split/client_1/mmcif_files/8y29.cif
8y29_B,duplicate_sequence,121,0.0000,0.0000,1.42,data/all_pdb_1y/fed_split/client_1/mmcif_files/8y29.cif
8y29_C,duplicate_sequence,121,0.0000,0.0000,1.42,data/all_pdb_1y/fed_split/client_1/mmcif_files/8y29.cif
8y29_D,duplicate_sequence,121,0.0000,0.0000,1.42,data/all_pdb_1y/fed_split/client_1/mmcif_files/8y29.cif
8y2a_A,duplicate_sequence,121,0.0000,0.0000,1.34,data/all_pdb_1y/fed_split/client_1/mmcif_files/8y2a.cif
8y2a_B,duplicate_sequence,121,0.0000,0.0000,1.34,data/all_pdb_1y/fed_split/client_1/mmcif_files/8y2a.cif
8y2a_C,duplicate_sequence,121,0.0000,0.0000,1.34,data/all_pdb_1y/fed_split/client_1/mmcif_files/8y2a.cif
8y2a_D,duplicate_sequence,121,0.0000,0.0000,1.34,data/all_pdb_1y/fed_split/client_1/mmcif_files/8y2a.cif
8y2b_A,duplicate_sequence,121,0.0000,0.0000,1.5,data/all_pdb_1y/fed_split/client_1/mmcif_files/8y2b.cif
8y2b_B,duplicate_sequence,121,0.0000,0.0000,1.5,data/all_pdb_1y/fed_split/client_1/mmcif_files/8y2b.cif
8y2b_C,duplicate_sequence,121,0.0000,0.0000,1.5,data/all_pdb_1y/fed_split/client_1/mmcif_files/8y2b.cif
8y2b_D,duplicate_sequence,121,0.0000,0.0000,1.5,data/all_pdb_1y/fed_split/client_1/mmcif_files/8y2b.cif
8yqg_B,duplicate_sequence,161,0.0000,0.0000,1.77,data/all_pdb_1y/fed_split/client_1/mmcif_files/8yqg.cif
8z3j_A,duplicate_sequence,132,0.0000,0.0000,1.52,data/all_pdb_1y/fed_split/client_1/mmcif_files/8z3j.cif
8z4h_B,duplicate_sequence,228,0.0000,0.0000,2.0,data/all_pdb_1y/fed_split/client_1/mmcif_files/8z4h.cif
8z4h_C,duplicate_sequence,228,0.0000,0.0000,2.0,data/all_pdb_1y/fed_split/client_1/mmcif_files/8z4h.cif
8z4h_D,duplicate_sequence,228,0.0000,0.0000,2.0,data/all_pdb_1y/fed_split/client_1/mmcif_files/8z4h.cif
8z4n_B,duplicate_sequence,228,0.0000,0.0000,2.0,data/all_pdb_1y/fed_split/client_1/mmcif_files/8z4n.cif
8z4n_C,duplicate_sequence,228,0.0000,0.0000,2.0,data/all_pdb_1y/fed_split/client_1/mmcif_files/8z4n.cif
8z4n_D,duplicate_sequence,228,0.0000,0.0000,2.0,data/all_pdb_1y/fed_split/client_1/mmcif_files/8z4n.cif
8z6c_B,duplicate_sequence,93,0.0000,0.0000,1.93,data/all_pdb_1y/fed_split/client_1/mmcif_files/8z6c.cif
8z6c_C,duplicate_sequence,93,0.0000,0.0000,1.93,data/all_pdb_1y/fed_split/client_1/mmcif_files/8z6c.cif
8z6o_A,duplicate_sequence,93,0.0000,0.0000,1.55,data/all_pdb_1y/fed_split/client_1/mmcif_files/8z6o.cif
8z6o_B,duplicate_sequence,93,0.0000,0.0000,1.55,data/all_pdb_1y/fed_split/client_1/mmcif_files/8z6o.cif
8zec_B,duplicate_sequence,151,0.0000,0.0000,1.65,data/all_pdb_1y/fed_split/client_1/mmcif_files/8zec.cif
8zg9_B,duplicate_sequence,69,0.0000,0.0000,1.673,data/all_pdb_1y/fed_split/client_1/mmcif_files/8zg9.cif
8zg9_C,duplicate_sequence,69,0.0000,0.0000,1.673,data/all_pdb_1y/fed_split/client_1/mmcif_files/8zg9.cif
8zg9_D,duplicate_sequence,69,0.0000,0.0000,1.673,data/all_pdb_1y/fed_split/client_1/mmcif_files/8zg9.cif
8zg9_E,duplicate_sequence,69,0.0000,0.0000,1.673,data/all_pdb_1y/fed_split/client_1/mmcif_files/8zg9.cif
8zg9_F,duplicate_sequence,69,0.0000,0.0000,1.673,data/all_pdb_1y/fed_split/client_1/mmcif_files/8zg9.cif
9avb_B,duplicate_sequence,129,0.0000,0.0000,1.95,data/all_pdb_1y/fed_split/client_1/mmcif_files/9avb.cif
9ayd_B,duplicate_sequence,129,0.0000,0.0000,1.53,data/all_pdb_1y/fed_split/client_1/mmcif_files/9ayd.cif
9bcy_BBB,duplicate_sequence,157,0.0000,0.0000,1.18,data/all_pdb_1y/fed_split/client_1/mmcif_files/9bcy.cif
9bqr_A,x_ratio_too_high,39,0.0513,0.0513,1.47,data/all_pdb_1y/fed_split/client_1/mmcif_files/9bqr.cif
9bqr_B,x_ratio_too_high,39,0.0513,0.0513,1.47,data/all_pdb_1y/fed_split/client_1/mmcif_files/9bqr.cif
9bqr_C,x_ratio_too_high,39,0.0513,0.0513,1.47,data/all_pdb_1y/fed_split/client_1/mmcif_files/9bqr.cif
9bqr_D,x_ratio_too_high,39,0.0513,0.0513,1.47,data/all_pdb_1y/fed_split/client_1/mmcif_files/9bqr.cif
9bzl_B,duplicate_sequence,285,0.0000,0.0000,1.81,data/all_pdb_1y/fed_split/client_1/mmcif_files/9bzl.cif
9c63_B,duplicate_sequence,162,0.0062,0.0062,1.34,data/all_pdb_1y/fed_split/client_1/mmcif_files/9c63.cif
9cd1_A,duplicate_sequence,259,0.0000,0.0000,2.0,data/all_pdb_1y/fed_split/client_1/mmcif_files/9cd1.cif
9cmk_B,duplicate_sequence,141,0.0000,0.0000,1.75,data/all_pdb_1y/fed_split/client_1/mmcif_files/9cmk.cif
9cxy_A,duplicate_sequence,169,0.0000,0.0000,1.03,data/all_pdb_1y/fed_split/client_1/mmcif_files/9cxy.cif
9cxy_B,duplicate_sequence,169,0.0000,0.0000,1.03,data/all_pdb_1y/fed_split/client_1/mmcif_files/9cxy.cif
9cxz_A,duplicate_sequence,169,0.0000,0.0000,1.02,data/all_pdb_1y/fed_split/client_1/mmcif_files/9cxz.cif
9cxz_B,duplicate_sequence,169,0.0000,0.0000,1.02,data/all_pdb_1y/fed_split/client_1/mmcif_files/9cxz.cif
9cy0_A,duplicate_sequence,170,0.0000,0.0000,0.8,data/all_pdb_1y/fed_split/client_1/mmcif_files/9cy0.cif
9cy0_B,duplicate_sequence,170,0.0000,0.0000,0.8,data/all_pdb_1y/fed_split/client_1/mmcif_files/9cy0.cif
9d10_A,duplicate_sequence,125,0.0000,0.0000,1.8,data/all_pdb_1y/fed_split/client_1/mmcif_files/9d10.cif
9d1v_B,duplicate_sequence,205,0.0000,0.0000,2.0,data/all_pdb_1y/fed_split/client_1/mmcif_files/9d1v.cif
9d1v_C,duplicate_sequence,205,0.0000,0.0000,2.0,data/all_pdb_1y/fed_split/client_1/mmcif_files/9d1v.cif
9d1v_D,duplicate_sequence,205,0.0000,0.0000,2.0,data/all_pdb_1y/fed_split/client_1/mmcif_files/9d1v.cif
9d6b_A,duplicate_sequence,169,0.0000,0.0000,1.02,data/all_pdb_1y/fed_split/client_1/mmcif_files/9d6b.cif
9d6b_B,duplicate_sequence,169,0.0000,0.0000,1.02,data/all_pdb_1y/fed_split/client_1/mmcif_files/9d6b.cif
9d6g_A,duplicate_sequence,169,0.0000,0.0000,1.0,data/all_pdb_1y/fed_split/client_1/mmcif_files/9d6g.cif
9d6g_B,duplicate_sequence,169,0.0000,0.0000,1.0,data/all_pdb_1y/fed_split/client_1/mmcif_files/9d6g.cif
9d6h_A,duplicate_sequence,169,0.0000,0.0000,1.02,data/all_pdb_1y/fed_split/client_1/mmcif_files/9d6h.cif
9d6h_B,duplicate_sequence,169,0.0000,0.0000,1.02,data/all_pdb_1y/fed_split/client_1/mmcif_files/9d6h.cif
9d6i_A,duplicate_sequence,169,0.0000,0.0000,0.97,data/all_pdb_1y/fed_split/client_1/mmcif_files/9d6i.cif
9d6i_B,duplicate_sequence,169,0.0000,0.0000,0.97,data/all_pdb_1y/fed_split/client_1/mmcif_files/9d6i.cif
9d9y_B,duplicate_sequence,183,0.0000,0.0000,1.8,data/all_pdb_1y/fed_split/client_1/mmcif_files/9d9y.cif
9dsb_B,duplicate_sequence,151,0.0000,0.0000,1.5,data/all_pdb_1y/fed_split/client_1/mmcif_files/9dsb.cif
9e5a_B,duplicate_sequence,260,0.0000,0.0000,1.46,data/all_pdb_1y/fed_split/client_1/mmcif_files/9e5a.cif
9eib_B,duplicate_sequence,89,0.0000,0.0000,1.67,data/all_pdb_1y/fed_split/client_1/mmcif_files/9eib.cif
9f5a_A,x_ratio_too_high,32,0.0625,0.0625,2.0,data/all_pdb_1y/fed_split/client_1/mmcif_files/9f5a.cif
9f5a_B,x_ratio_too_high,32,0.0625,0.0625,2.0,data/all_pdb_1y/fed_split/client_1/mmcif_files/9f5a.cif
9fqb_B,duplicate_sequence,30,0.0000,0.0000,1.09,data/all_pdb_1y/fed_split/client_1/mmcif_files/9fqb.cif
9g0j_B,duplicate_sequence,230,0.0000,0.0000,1.55,data/all_pdb_1y/fed_split/client_1/mmcif_files/9g0j.cif
9g3k_B,duplicate_sequence,114,0.0000,0.0000,1.55,data/all_pdb_1y/fed_split/client_1/mmcif_files/9g3k.cif
9g3k_C,duplicate_sequence,114,0.0000,0.0000,1.55,data/all_pdb_1y/fed_split/client_1/mmcif_files/9g3k.cif
9g3k_D,duplicate_sequence,114,0.0000,0.0000,1.55,data/all_pdb_1y/fed_split/client_1/mmcif_files/9g3k.cif
9g3l_A,duplicate_sequence,114,0.0000,0.0000,1.739,data/all_pdb_1y/fed_split/client_1/mmcif_files/9g3l.cif
9g3l_B,duplicate_sequence,114,0.0000,0.0000,1.739,data/all_pdb_1y/fed_split/client_1/mmcif_files/9g3l.cif
9g3l_C,duplicate_sequence,114,0.0000,0.0000,1.739,data/all_pdb_1y/fed_split/client_1/mmcif_files/9g3l.cif
9g3l_D,duplicate_sequence,114,0.0000,0.0000,1.739,data/all_pdb_1y/fed_split/client_1/mmcif_files/9g3l.cif
9g3t_B,duplicate_sequence,230,0.0000,0.0000,1.6,data/all_pdb_1y/fed_split/client_1/mmcif_files/9g3t.cif
9g6i_B,duplicate_sequence,199,0.0000,0.0000,1.74,data/all_pdb_1y/fed_split/client_1/mmcif_files/9g6i.cif
9g6i_C,duplicate_sequence,199,0.0000,0.0000,1.74,data/all_pdb_1y/fed_split/client_1/mmcif_files/9g6i.cif
9g6i_D,duplicate_sequence,199,0.0000,0.0000,1.74,data/all_pdb_1y/fed_split/client_1/mmcif_files/9g6i.cif
9g6i_E,duplicate_sequence,199,0.0000,0.0000,1.74,data/all_pdb_1y/fed_split/client_1/mmcif_files/9g6i.cif
9g6i_F,duplicate_sequence,199,0.0000,0.0000,1.74,data/all_pdb_1y/fed_split/client_1/mmcif_files/9g6i.cif
9g6i_G,duplicate_sequence,199,0.0000,0.0000,1.74,data/all_pdb_1y/fed_split/client_1/mmcif_files/9g6i.cif
9g6i_H,duplicate_sequence,199,0.0000,0.0000,1.74,data/all_pdb_1y/fed_split/client_1/mmcif_files/9g6i.cif
9g6i_I,duplicate_sequence,199,0.0000,0.0000,1.74,data/all_pdb_1y/fed_split/client_1/mmcif_files/9g6i.cif
9g6i_J,duplicate_sequence,199,0.0000,0.0000,1.74,data/all_pdb_1y/fed_split/client_1/mmcif_files/9g6i.cif
9g6i_K,duplicate_sequence,199,0.0000,0.0000,1.74,data/all_pdb_1y/fed_split/client_1/mmcif_files/9g6i.cif
9g6i_L,duplicate_sequence,199,0.0000,0.0000,1.74,data/all_pdb_1y/fed_split/client_1/mmcif_files/9g6i.cif
9g6i_M,duplicate_sequence,199,0.0000,0.0000,1.74,data/all_pdb_1y/fed_split/client_1/mmcif_files/9g6i.cif
9g6i_N,duplicate_sequence,199,0.0000,0.0000,1.74,data/all_pdb_1y/fed_split/client_1/mmcif_files/9g6i.cif
9g72_A,duplicate_sequence,199,0.0000,0.0000,1.91,data/all_pdb_1y/fed_split/client_1/mmcif_files/9g72.cif
9g72_B,duplicate_sequence,199,0.0000,0.0000,1.91,data/all_pdb_1y/fed_split/client_1/mmcif_files/9g72.cif
9g72_C,duplicate_sequence,199,0.0000,0.0000,1.91,data/all_pdb_1y/fed_split/client_1/mmcif_files/9g72.cif
9g72_D,duplicate_sequence,199,0.0000,0.0000,1.91,data/all_pdb_1y/fed_split/client_1/mmcif_files/9g72.cif
9g72_E,duplicate_sequence,199,0.0000,0.0000,1.91,data/all_pdb_1y/fed_split/client_1/mmcif_files/9g72.cif
9g72_F,duplicate_sequence,199,0.0000,0.0000,1.91,data/all_pdb_1y/fed_split/client_1/mmcif_files/9g72.cif
9g72_G,duplicate_sequence,199,0.0000,0.0000,1.91,data/all_pdb_1y/fed_split/client_1/mmcif_files/9g72.cif
9g72_H,duplicate_sequence,199,0.0000,0.0000,1.91,data/all_pdb_1y/fed_split/client_1/mmcif_files/9g72.cif
9g72_I,duplicate_sequence,199,0.0000,0.0000,1.91,data/all_pdb_1y/fed_split/client_1/mmcif_files/9g72.cif
9g72_J,duplicate_sequence,199,0.0000,0.0000,1.91,data/all_pdb_1y/fed_split/client_1/mmcif_files/9g72.cif
9g72_K,duplicate_sequence,199,0.0000,0.0000,1.91,data/all_pdb_1y/fed_split/client_1/mmcif_files/9g72.cif
9g72_L,duplicate_sequence,199,0.0000,0.0000,1.91,data/all_pdb_1y/fed_split/client_1/mmcif_files/9g72.cif
9g72_M,duplicate_sequence,199,0.0000,0.0000,1.91,data/all_pdb_1y/fed_split/client_1/mmcif_files/9g72.cif
9g72_N,duplicate_sequence,199,0.0000,0.0000,1.91,data/all_pdb_1y/fed_split/client_1/mmcif_files/9g72.cif
9g7d_A,duplicate_sequence,153,0.0000,0.0000,1.588,data/all_pdb_1y/fed_split/client_1/mmcif_files/9g7d.cif
9g7e_A,duplicate_sequence,153,0.0000,0.0000,1.398,data/all_pdb_1y/fed_split/client_1/mmcif_files/9g7e.cif
9gc8_A,duplicate_sequence,256,0.0000,0.0000,1.95,data/all_pdb_1y/fed_split/client_1/mmcif_files/9gc8.cif
9gej_B,duplicate_sequence,119,0.0000,0.0000,1.84,data/all_pdb_1y/fed_split/client_1/mmcif_files/9gej.cif
9gej_C,duplicate_sequence,119,0.0000,0.0000,1.84,data/all_pdb_1y/fed_split/client_1/mmcif_files/9gej.cif
9gej_D,duplicate_sequence,119,0.0000,0.0000,1.84,data/all_pdb_1y/fed_split/client_1/mmcif_files/9gej.cif
9gej_E,duplicate_sequence,119,0.0000,0.0000,1.84,data/all_pdb_1y/fed_split/client_1/mmcif_files/9gej.cif
9gej_F,duplicate_sequence,119,0.0000,0.0000,1.84,data/all_pdb_1y/fed_split/client_1/mmcif_files/9gej.cif
9gej_G,duplicate_sequence,119,0.0000,0.0000,1.84,data/all_pdb_1y/fed_split/client_1/mmcif_files/9gej.cif
9get_A,duplicate_sequence,119,0.0000,0.0000,1.29,data/all_pdb_1y/fed_split/client_1/mmcif_files/9get.cif
9geu_A,duplicate_sequence,119,0.0000,0.0000,1.56,data/all_pdb_1y/fed_split/client_1/mmcif_files/9geu.cif
9geu_B,duplicate_sequence,119,0.0000,0.0000,1.56,data/all_pdb_1y/fed_split/client_1/mmcif_files/9geu.cif
9gew_A,duplicate_sequence,119,0.0000,0.0000,1.47,data/all_pdb_1y/fed_split/client_1/mmcif_files/9gew.cif
9gey_A,duplicate_sequence,119,0.0000,0.0000,1.56,data/all_pdb_1y/fed_split/client_1/mmcif_files/9gey.cif
9gey_B,duplicate_sequence,119,0.0000,0.0000,1.56,data/all_pdb_1y/fed_split/client_1/mmcif_files/9gey.cif
9go4_A,duplicate_sequence,135,0.0000,0.0000,1.17,data/all_pdb_1y/fed_split/client_1/mmcif_files/9go4.cif
9go7_A,duplicate_sequence,135,0.0000,0.0000,1.04,data/all_pdb_1y/fed_split/client_1/mmcif_files/9go7.cif
9go8_A,duplicate_sequence,135,0.0000,0.0000,1.04,data/all_pdb_1y/fed_split/client_1/mmcif_files/9go8.cif
9gq0_A,duplicate_sequence,135,0.0000,0.0000,1.04,data/all_pdb_1y/fed_split/client_1/mmcif_files/9gq0.cif
9gqm_A,duplicate_sequence,135,0.0000,0.0000,1.01,data/all_pdb_1y/fed_split/client_1/mmcif_files/9gqm.cif
9gqp_A,duplicate_sequence,135,0.0000,0.0000,1.01,data/all_pdb_1y/fed_split/client_1/mmcif_files/9gqp.cif
9gtj_B,duplicate_sequence,193,0.0000,0.0000,0.99,data/all_pdb_1y/fed_split/client_1/mmcif_files/9gtj.cif
9gub_A,duplicate_sequence,171,0.0000,0.0000,1.1,data/all_pdb_1y/fed_split/client_1/mmcif_files/9gub.cif
9gw3_B,duplicate_sequence,275,0.0000,0.0000,2.0,data/all_pdb_1y/fed_split/client_1/mmcif_files/9gw3.cif
9gwc_A,duplicate_sequence,275,0.0000,0.0000,2.0,data/all_pdb_1y/fed_split/client_1/mmcif_files/9gwc.cif
9gwc_B,duplicate_sequence,275,0.0000,0.0000,2.0,data/all_pdb_1y/fed_split/client_1/mmcif_files/9gwc.cif
9gwu_A,duplicate_sequence,273,0.0000,0.0000,1.7,data/all_pdb_1y/fed_split/client_1/mmcif_files/9gwu.cif
9gwv_A,duplicate_sequence,273,0.0000,0.0000,1.9,data/all_pdb_1y/fed_split/client_1/mmcif_files/9gwv.cif
9gwv_B,duplicate_sequence,273,0.0000,0.0000,1.9,data/all_pdb_1y/fed_split/client_1/mmcif_files/9gwv.cif
9gww_A,duplicate_sequence,273,0.0000,0.0000,1.9,data/all_pdb_1y/fed_split/client_1/mmcif_files/9gww.cif
9gww_B,duplicate_sequence,273,0.0000,0.0000,1.9,data/all_pdb_1y/fed_split/client_1/mmcif_files/9gww.cif
9gx3_A,duplicate_sequence,275,0.0000,0.0000,1.9,data/all_pdb_1y/fed_split/client_1/mmcif_files/9gx3.cif
9gx3_B,duplicate_sequence,275,0.0000,0.0000,1.9,data/all_pdb_1y/fed_split/client_1/mmcif_files/9gx3.cif
9gx8_B,duplicate_sequence,232,0.0000,0.0000,1.56,data/all_pdb_1y/fed_split/client_1/mmcif_files/9gx8.cif
9gxf_B,duplicate_sequence,227,0.0000,0.0000,1.64,data/all_pdb_1y/fed_split/client_1/mmcif_files/9gxf.cif
9gyp_B,duplicate_sequence,126,0.0000,0.0000,1.801,data/all_pdb_1y/fed_split/client_1/mmcif_files/9gyp.cif
9gz7_B,duplicate_sequence,275,0.0000,0.0000,1.8,data/all_pdb_1y/fed_split/client_1/mmcif_files/9gz7.cif
9gz7_A,duplicate_sequence,275,0.0000,0.0000,1.8,data/all_pdb_1y/fed_split/client_1/mmcif_files/9gz7.cif
9gza_A,duplicate_sequence,275,0.0000,0.0000,1.9,data/all_pdb_1y/fed_split/client_1/mmcif_files/9gza.cif
9gza_B,duplicate_sequence,275,0.0000,0.0000,1.9,data/all_pdb_1y/fed_split/client_1/mmcif_files/9gza.cif
9h2t_B,duplicate_sequence,166,0.0000,0.0000,1.31,data/all_pdb_1y/fed_split/client_1/mmcif_files/9h2t.cif
9h2u_A,duplicate_sequence,166,0.0000,0.0000,1.21,data/all_pdb_1y/fed_split/client_1/mmcif_files/9h2u.cif
9h2u_B,duplicate_sequence,166,0.0000,0.0000,1.21,data/all_pdb_1y/fed_split/client_1/mmcif_files/9h2u.cif
9h2w_A,duplicate_sequence,166,0.0000,0.0000,1.28,data/all_pdb_1y/fed_split/client_1/mmcif_files/9h2w.cif
9h2w_B,duplicate_sequence,166,0.0000,0.0000,1.28,data/all_pdb_1y/fed_split/client_1/mmcif_files/9h2w.cif
9h2y_A,duplicate_sequence,166,0.0000,0.0000,1.24,data/all_pdb_1y/fed_split/client_1/mmcif_files/9h2y.cif
9h2y_B,duplicate_sequence,166,0.0000,0.0000,1.24,data/all_pdb_1y/fed_split/client_1/mmcif_files/9h2y.cif
9h3a_A,duplicate_sequence,227,0.0000,0.0000,1.35,data/all_pdb_1y/fed_split/client_1/mmcif_files/9h3a.cif
9h5h_B,duplicate_sequence,83,0.0000,0.0000,1.74,data/all_pdb_1y/fed_split/client_1/mmcif_files/9h5h.cif
9h5h_C,duplicate_sequence,83,0.0000,0.0000,1.74,data/all_pdb_1y/fed_split/client_1/mmcif_files/9h5h.cif
9h7q_A,duplicate_sequence,83,0.0000,0.0000,1.72,data/all_pdb_1y/fed_split/client_1/mmcif_files/9h7q.cif
9h7q_B,duplicate_sequence,83,0.0000,0.0000,1.72,data/all_pdb_1y/fed_split/client_1/mmcif_files/9h7q.cif
9h7q_C,duplicate_sequence,83,0.0000,0.0000,1.72,data/all_pdb_1y/fed_split/client_1/mmcif_files/9h7q.cif
9h7s_A,duplicate_sequence,83,0.0000,0.0000,1.99,data/all_pdb_1y/fed_split/client_1/mmcif_files/9h7s.cif
9h7s_B,duplicate_sequence,83,0.0000,0.0000,1.99,data/all_pdb_1y/fed_split/client_1/mmcif_files/9h7s.cif
9h7s_C,duplicate_sequence,83,0.0000,0.0000,1.99,data/all_pdb_1y/fed_split/client_1/mmcif_files/9h7s.cif
9h7t_A,duplicate_sequence,83,0.0000,0.0000,1.85,data/all_pdb_1y/fed_split/client_1/mmcif_files/9h7t.cif
9h7t_B,duplicate_sequence,83,0.0000,0.0000,1.85,data/all_pdb_1y/fed_split/client_1/mmcif_files/9h7t.cif
9h7t_C,duplicate_sequence,83,0.0000,0.0000,1.85,data/all_pdb_1y/fed_split/client_1/mmcif_files/9h7t.cif
9h88_B,duplicate_sequence,131,0.0000,0.0000,1.2,data/all_pdb_1y/fed_split/client_1/mmcif_files/9h88.cif
9h9z_B,duplicate_sequence,131,0.0000,0.0000,1.9,data/all_pdb_1y/fed_split/client_1/mmcif_files/9h9z.cif
9ha0_A,duplicate_sequence,131,0.0000,0.0000,1.75,data/all_pdb_1y/fed_split/client_1/mmcif_files/9ha0.cif
9ha0_B,duplicate_sequence,131,0.0000,0.0000,1.75,data/all_pdb_1y/fed_split/client_1/mmcif_files/9ha0.cif
9hd4_B,duplicate_sequence,114,0.0000,0.0000,1.491,data/all_pdb_1y/fed_split/client_1/mmcif_files/9hd4.cif
9hd4_C,duplicate_sequence,114,0.0000,0.0000,1.491,data/all_pdb_1y/fed_split/client_1/mmcif_files/9hd4.cif
9hd4_D,duplicate_sequence,114,0.0000,0.0000,1.491,data/all_pdb_1y/fed_split/client_1/mmcif_files/9hd4.cif
9hh8_A,duplicate_sequence,132,0.0000,0.0000,1.61,data/all_pdb_1y/fed_split/client_1/mmcif_files/9hh8.cif
9hha_A,duplicate_sequence,132,0.0000,0.0000,1.9,data/all_pdb_1y/fed_split/client_1/mmcif_files/9hha.cif
9hhc_A,duplicate_sequence,137,0.0000,0.0000,1.56,data/all_pdb_1y/fed_split/client_1/mmcif_files/9hhc.cif
9hn3_B,duplicate_sequence,244,0.0000,0.0000,1.49,data/all_pdb_1y/fed_split/client_1/mmcif_files/9hn3.cif
9hn6_BBB,duplicate_sequence,124,0.0000,0.0000,1.77,data/all_pdb_1y/fed_split/client_1/mmcif_files/9hn6.cif
9hpu_A,duplicate_sequence,245,0.0000,0.0000,1.8,data/all_pdb_1y/fed_split/client_1/mmcif_files/9hpu.cif
9hqt_A,duplicate_sequence,158,0.0000,0.0000,1.8,data/all_pdb_1y/fed_split/client_1/mmcif_files/9hqt.cif
9hs8_B,duplicate_sequence,158,0.0000,0.0000,1.85,data/all_pdb_1y/fed_split/client_1/mmcif_files/9hs8.cif
9hs8_A,duplicate_sequence,158,0.0000,0.0000,1.85,data/all_pdb_1y/fed_split/client_1/mmcif_files/9hs8.cif
9htc_A,duplicate_sequence,158,0.0000,0.0000,1.8,data/all_pdb_1y/fed_split/client_1/mmcif_files/9htc.cif
9htc_B,duplicate_sequence,158,0.0000,0.0000,1.8,data/all_pdb_1y/fed_split/client_1/mmcif_files/9htc.cif
9htk_B,duplicate_sequence,125,0.0000,0.0000,1.49,data/all_pdb_1y/fed_split/client_1/mmcif_files/9htk.cif
9htk_C,duplicate_sequence,125,0.0000,0.0000,1.49,data/all_pdb_1y/fed_split/client_1/mmcif_files/9htk.cif
9htl_A,duplicate_sequence,125,0.0000,0.0000,1.74,data/all_pdb_1y/fed_split/client_1/mmcif_files/9htl.cif
9htl_B,duplicate_sequence,125,0.0000,0.0000,1.74,data/all_pdb_1y/fed_split/client_1/mmcif_files/9htl.cif
9htl_C,duplicate_sequence,125,0.0000,0.0000,1.74,data/all_pdb_1y/fed_split/client_1/mmcif_files/9htl.cif
9htm_A,duplicate_sequence,125,0.0000,0.0000,1.85,data/all_pdb_1y/fed_split/client_1/mmcif_files/9htm.cif
9htm_B,duplicate_sequence,125,0.0000,0.0000,1.85,data/all_pdb_1y/fed_split/client_1/mmcif_files/9htm.cif
9htm_C,duplicate_sequence,125,0.0000,0.0000,1.85,data/all_pdb_1y/fed_split/client_1/mmcif_files/9htm.cif
9htn_A,duplicate_sequence,125,0.0000,0.0000,1.92,data/all_pdb_1y/fed_split/client_1/mmcif_files/9htn.cif
9htn_B,duplicate_sequence,125,0.0000,0.0000,1.92,data/all_pdb_1y/fed_split/client_1/mmcif_files/9htn.cif
9htn_C,duplicate_sequence,125,0.0000,0.0000,1.92,data/all_pdb_1y/fed_split/client_1/mmcif_files/9htn.cif
9hto_A,duplicate_sequence,125,0.0000,0.0000,1.85,data/all_pdb_1y/fed_split/client_1/mmcif_files/9hto.cif
9hto_B,duplicate_sequence,125,0.0000,0.0000,1.85,data/all_pdb_1y/fed_split/client_1/mmcif_files/9hto.cif
9hto_C,duplicate_sequence,125,0.0000,0.0000,1.85,data/all_pdb_1y/fed_split/client_1/mmcif_files/9hto.cif
9htq_A,duplicate_sequence,125,0.0000,0.0000,1.63,data/all_pdb_1y/fed_split/client_1/mmcif_files/9htq.cif
9htq_B,duplicate_sequence,125,0.0000,0.0000,1.63,data/all_pdb_1y/fed_split/client_1/mmcif_files/9htq.cif
9htq_C,duplicate_sequence,125,0.0000,0.0000,1.63,data/all_pdb_1y/fed_split/client_1/mmcif_files/9htq.cif
9htt_A,duplicate_sequence,158,0.0000,0.0000,1.75,data/all_pdb_1y/fed_split/client_1/mmcif_files/9htt.cif
9htt_B,duplicate_sequence,158,0.0000,0.0000,1.75,data/all_pdb_1y/fed_split/client_1/mmcif_files/9htt.cif
9hup_B,duplicate_sequence,289,0.0000,0.0000,1.76,data/all_pdb_1y/fed_split/client_1/mmcif_files/9hup.cif
9hup_C,duplicate_sequence,289,0.0000,0.0000,1.76,data/all_pdb_1y/fed_split/client_1/mmcif_files/9hup.cif
9hup_D,duplicate_sequence,289,0.0000,0.0000,1.76,data/all_pdb_1y/fed_split/client_1/mmcif_files/9hup.cif
9hut_A,duplicate_sequence,289,0.0000,0.0000,1.84,data/all_pdb_1y/fed_split/client_1/mmcif_files/9hut.cif
9hut_B,duplicate_sequence,289,0.0000,0.0000,1.84,data/all_pdb_1y/fed_split/client_1/mmcif_files/9hut.cif
9hut_C,duplicate_sequence,289,0.0000,0.0000,1.84,data/all_pdb_1y/fed_split/client_1/mmcif_files/9hut.cif
9hut_D,duplicate_sequence,289,0.0000,0.0000,1.84,data/all_pdb_1y/fed_split/client_1/mmcif_files/9hut.cif
9huu_A,duplicate_sequence,289,0.0000,0.0000,1.85,data/all_pdb_1y/fed_split/client_1/mmcif_files/9huu.cif
9huu_B,duplicate_sequence,289,0.0000,0.0000,1.85,data/all_pdb_1y/fed_split/client_1/mmcif_files/9huu.cif
9huu_C,duplicate_sequence,289,0.0000,0.0000,1.85,data/all_pdb_1y/fed_split/client_1/mmcif_files/9huu.cif
9huu_D,duplicate_sequence,289,0.0000,0.0000,1.85,data/all_pdb_1y/fed_split/client_1/mmcif_files/9huu.cif
9huv_A,duplicate_sequence,289,0.0000,0.0000,1.58,data/all_pdb_1y/fed_split/client_1/mmcif_files/9huv.cif
9huv_B,duplicate_sequence,289,0.0000,0.0000,1.58,data/all_pdb_1y/fed_split/client_1/mmcif_files/9huv.cif
9huv_C,duplicate_sequence,289,0.0000,0.0000,1.58,data/all_pdb_1y/fed_split/client_1/mmcif_files/9huv.cif
9huv_D,duplicate_sequence,289,0.0000,0.0000,1.58,data/all_pdb_1y/fed_split/client_1/mmcif_files/9huv.cif
9huw_A,duplicate_sequence,289,0.0000,0.0000,1.8,data/all_pdb_1y/fed_split/client_1/mmcif_files/9huw.cif
9huw_B,duplicate_sequence,289,0.0000,0.0000,1.8,data/all_pdb_1y/fed_split/client_1/mmcif_files/9huw.cif
9huw_C,duplicate_sequence,289,0.0000,0.0000,1.8,data/all_pdb_1y/fed_split/client_1/mmcif_files/9huw.cif
9huw_D,duplicate_sequence,289,0.0000,0.0000,1.8,data/all_pdb_1y/fed_split/client_1/mmcif_files/9huw.cif
9i2a_B,duplicate_sequence,104,0.0000,0.0000,1.7,data/all_pdb_1y/fed_split/client_1/mmcif_files/9i2a.cif
9i7a_B,duplicate_sequence,94,0.0000,0.0000,1.05,data/all_pdb_1y/fed_split/client_1/mmcif_files/9i7a.cif
9i7b_A,duplicate_sequence,94,0.0000,0.0000,1.41,data/all_pdb_1y/fed_split/client_1/mmcif_files/9i7b.cif
9i7b_B,duplicate_sequence,94,0.0000,0.0000,1.41,data/all_pdb_1y/fed_split/client_1/mmcif_files/9i7b.cif
9i7c_B,duplicate_sequence,94,0.0000,0.0000,1.55,data/all_pdb_1y/fed_split/client_1/mmcif_files/9i7c.cif
9i7c_C,duplicate_sequence,94,0.0000,0.0000,1.55,data/all_pdb_1y/fed_split/client_1/mmcif_files/9i7c.cif
9i7e_A,duplicate_sequence,94,0.0000,0.0000,1.58,data/all_pdb_1y/fed_split/client_1/mmcif_files/9i7e.cif
9i7e_B,duplicate_sequence,94,0.0000,0.0000,1.58,data/all_pdb_1y/fed_split/client_1/mmcif_files/9i7e.cif
9i7g_A,duplicate_sequence,94,0.0000,0.0000,1.93,data/all_pdb_1y/fed_split/client_1/mmcif_files/9i7g.cif
9i7g_B,duplicate_sequence,94,0.0000,0.0000,1.93,data/all_pdb_1y/fed_split/client_1/mmcif_files/9i7g.cif
9i7g_C,duplicate_sequence,94,0.0000,0.0000,1.93,data/all_pdb_1y/fed_split/client_1/mmcif_files/9i7g.cif
9i7h_A,duplicate_sequence,94,0.0000,0.0000,1.54,data/all_pdb_1y/fed_split/client_1/mmcif_files/9i7h.cif
9i7h_B,duplicate_sequence,94,0.0000,0.0000,1.54,data/all_pdb_1y/fed_split/client_1/mmcif_files/9i7h.cif
9i7i_A,duplicate_sequence,94,0.0000,0.0000,1.4,data/all_pdb_1y/fed_split/client_1/mmcif_files/9i7i.cif
9i7i_B,duplicate_sequence,94,0.0000,0.0000,1.4,data/all_pdb_1y/fed_split/client_1/mmcif_files/9i7i.cif
9i7i_C,duplicate_sequence,94,0.0000,0.0000,1.4,data/all_pdb_1y/fed_split/client_1/mmcif_files/9i7i.cif
9i7j_A,duplicate_sequence,94,0.0000,0.0000,1.8,data/all_pdb_1y/fed_split/client_1/mmcif_files/9i7j.cif
9i7j_B,duplicate_sequence,94,0.0000,0.0000,1.8,data/all_pdb_1y/fed_split/client_1/mmcif_files/9i7j.cif
9i7j_C,duplicate_sequence,94,0.0000,0.0000,1.8,data/all_pdb_1y/fed_split/client_1/mmcif_files/9i7j.cif
9i7j_D,duplicate_sequence,94,0.0000,0.0000,1.8,data/all_pdb_1y/fed_split/client_1/mmcif_files/9i7j.cif
9i7j_E,duplicate_sequence,94,0.0000,0.0000,1.8,data/all_pdb_1y/fed_split/client_1/mmcif_files/9i7j.cif
9i7z_B,duplicate_sequence,121,0.0000,0.0000,1.85,data/all_pdb_1y/fed_split/client_1/mmcif_files/9i7z.cif
9i7z_C,duplicate_sequence,121,0.0000,0.0000,1.85,data/all_pdb_1y/fed_split/client_1/mmcif_files/9i7z.cif
9i7z_D,duplicate_sequence,121,0.0000,0.0000,1.85,data/all_pdb_1y/fed_split/client_1/mmcif_files/9i7z.cif
9i80_A,duplicate_sequence,121,0.0000,0.0000,1.95,data/all_pdb_1y/fed_split/client_1/mmcif_files/9i80.cif
9i80_B,duplicate_sequence,121,0.0000,0.0000,1.95,data/all_pdb_1y/fed_split/client_1/mmcif_files/9i80.cif
9i80_C,duplicate_sequence,121,0.0000,0.0000,1.95,data/all_pdb_1y/fed_split/client_1/mmcif_files/9i80.cif
9i80_D,duplicate_sequence,121,0.0000,0.0000,1.95,data/all_pdb_1y/fed_split/client_1/mmcif_files/9i80.cif
9i80_E,duplicate_sequence,121,0.0000,0.0000,1.95,data/all_pdb_1y/fed_split/client_1/mmcif_files/9i80.cif
9i80_F,duplicate_sequence,121,0.0000,0.0000,1.95,data/all_pdb_1y/fed_split/client_1/mmcif_files/9i80.cif
9i80_G,duplicate_sequence,121,0.0000,0.0000,1.95,data/all_pdb_1y/fed_split/client_1/mmcif_files/9i80.cif
9i80_H,duplicate_sequence,121,0.0000,0.0000,1.95,data/all_pdb_1y/fed_split/client_1/mmcif_files/9i80.cif
9iab_B,duplicate_sequence,273,0.0000,0.0000,1.57,data/all_pdb_1y/fed_split/client_1/mmcif_files/9iab.cif
9iey_B,duplicate_sequence,122,0.0000,0.0000,1.7,data/all_pdb_1y/fed_split/client_1/mmcif_files/9iey.cif
9iez_A,duplicate_sequence,122,0.0000,0.0000,1.45,data/all_pdb_1y/fed_split/client_1/mmcif_files/9iez.cif
9iez_B,duplicate_sequence,122,0.0000,0.0000,1.45,data/all_pdb_1y/fed_split/client_1/mmcif_files/9iez.cif
9igk_B,duplicate_sequence,179,0.0000,0.0000,1.6,data/all_pdb_1y/fed_split/client_1/mmcif_files/9igk.cif
9igk_C,duplicate_sequence,179,0.0000,0.0000,1.6,data/all_pdb_1y/fed_split/client_1/mmcif_files/9igk.cif
9igk_D,duplicate_sequence,179,0.0000,0.0000,1.6,data/all_pdb_1y/fed_split/client_1/mmcif_files/9igk.cif
9ikp_B,duplicate_sequence,184,0.0000,0.0000,1.68,data/all_pdb_1y/fed_split/client_1/mmcif_files/9ikp.cif
9il3_A,duplicate_sequence,184,0.0000,0.0000,1.45,data/all_pdb_1y/fed_split/client_1/mmcif_files/9il3.cif
9il3_B,duplicate_sequence,184,0.0000,0.0000,1.45,data/all_pdb_1y/fed_split/client_1/mmcif_files/9il3.cif
9ila_A,duplicate_sequence,184,0.0000,0.0000,1.56,data/all_pdb_1y/fed_split/client_1/mmcif_files/9ila.cif
9ila_B,duplicate_sequence,184,0.0000,0.0000,1.56,data/all_pdb_1y/fed_split/client_1/mmcif_files/9ila.cif
9ilf_A,duplicate_sequence,184,0.0000,0.0000,1.56,data/all_pdb_1y/fed_split/client_1/mmcif_files/9ilf.cif
9ilf_B,duplicate_sequence,184,0.0000,0.0000,1.56,data/all_pdb_1y/fed_split/client_1/mmcif_files/9ilf.cif
9in8_A,duplicate_sequence,231,0.0000,0.0000,1.34,data/all_pdb_1y/fed_split/client_1/mmcif_files/9in8.cif
9in9_A,duplicate_sequence,231,0.0000,0.0000,1.41,data/all_pdb_1y/fed_split/client_1/mmcif_files/9in9.cif
9j9u_B,duplicate_sequence,183,0.0000,0.0000,1.9,data/all_pdb_1y/fed_split/client_1/mmcif_files/9j9u.cif
9jg7_C,duplicate_sequence,106,0.0000,0.0000,1.93,data/all_pdb_1y/fed_split/client_1/mmcif_files/9jg7.cif
9jg7_E,duplicate_sequence,106,0.0000,0.0000,1.93,data/all_pdb_1y/fed_split/client_1/mmcif_files/9jg7.cif
9jg7_G,duplicate_sequence,106,0.0000,0.0000,1.93,data/all_pdb_1y/fed_split/client_1/mmcif_files/9jg7.cif
9jg7_I,duplicate_sequence,106,0.0000,0.0000,1.93,data/all_pdb_1y/fed_split/client_1/mmcif_files/9jg7.cif
9jg7_K,duplicate_sequence,106,0.0000,0.0000,1.93,data/all_pdb_1y/fed_split/client_1/mmcif_files/9jg7.cif
9jg7_M,duplicate_sequence,106,0.0000,0.0000,1.93,data/all_pdb_1y/fed_split/client_1/mmcif_files/9jg7.cif
9jg7_O,duplicate_sequence,106,0.0000,0.0000,1.93,data/all_pdb_1y/fed_split/client_1/mmcif_files/9jg7.cif
9jiq_B,duplicate_sequence,159,0.0000,0.0000,1.78,data/all_pdb_1y/fed_split/client_1/mmcif_files/9jiq.cif
9jir_A,duplicate_sequence,159,0.0000,0.0000,1.3,data/all_pdb_1y/fed_split/client_1/mmcif_files/9jir.cif
9jir_B,duplicate_sequence,159,0.0000,0.0000,1.3,data/all_pdb_1y/fed_split/client_1/mmcif_files/9jir.cif
9jis_A,duplicate_sequence,159,0.0000,0.0000,1.41,data/all_pdb_1y/fed_split/client_1/mmcif_files/9jis.cif
9jis_B,duplicate_sequence,159,0.0000,0.0000,1.41,data/all_pdb_1y/fed_split/client_1/mmcif_files/9jis.cif
9jlm_B,duplicate_sequence,150,0.0000,0.0000,1.9,data/all_pdb_1y/fed_split/client_1/mmcif_files/9jlm.cif
9jvd_B,duplicate_sequence,111,0.0000,0.0000,1.9,data/all_pdb_1y/fed_split/client_1/mmcif_files/9jvd.cif
9jvd_C,duplicate_sequence,111,0.0000,0.0000,1.9,data/all_pdb_1y/fed_split/client_1/mmcif_files/9jvd.cif
9jvd_D,duplicate_sequence,111,0.0000,0.0000,1.9,data/all_pdb_1y/fed_split/client_1/mmcif_files/9jvd.cif
9k2c_B,duplicate_sequence,203,0.0000,0.0000,1.98,data/all_pdb_1y/fed_split/client_1/mmcif_files/9k2c.cif
9k2c_C,duplicate_sequence,203,0.0000,0.0000,1.98,data/all_pdb_1y/fed_split/client_1/mmcif_files/9k2c.cif
9k2c_D,duplicate_sequence,203,0.0000,0.0000,1.98,data/all_pdb_1y/fed_split/client_1/mmcif_files/9k2c.cif
9k2c_E,duplicate_sequence,203,0.0000,0.0000,1.98,data/all_pdb_1y/fed_split/client_1/mmcif_files/9k2c.cif
9k2c_F,duplicate_sequence,203,0.0000,0.0000,1.98,data/all_pdb_1y/fed_split/client_1/mmcif_files/9k2c.cif
9k2c_G,duplicate_sequence,203,0.0000,0.0000,1.98,data/all_pdb_1y/fed_split/client_1/mmcif_files/9k2c.cif
9k2c_H,duplicate_sequence,203,0.0000,0.0000,1.98,data/all_pdb_1y/fed_split/client_1/mmcif_files/9k2c.cif
9k2c_I,duplicate_sequence,203,0.0000,0.0000,1.98,data/all_pdb_1y/fed_split/client_1/mmcif_files/9k2c.cif
9k2c_J,duplicate_sequence,203,0.0000,0.0000,1.98,data/all_pdb_1y/fed_split/client_1/mmcif_files/9k2c.cif
9k2c_K,duplicate_sequence,203,0.0000,0.0000,1.98,data/all_pdb_1y/fed_split/client_1/mmcif_files/9k2c.cif
9k2c_L,duplicate_sequence,203,0.0000,0.0000,1.98,data/all_pdb_1y/fed_split/client_1/mmcif_files/9k2c.cif
9k2c_M,duplicate_sequence,203,0.0000,0.0000,1.98,data/all_pdb_1y/fed_split/client_1/mmcif_files/9k2c.cif
9k2c_N,duplicate_sequence,203,0.0000,0.0000,1.98,data/all_pdb_1y/fed_split/client_1/mmcif_files/9k2c.cif
9k2d_B,duplicate_sequence,201,0.0000,0.0000,1.98,data/all_pdb_1y/fed_split/client_1/mmcif_files/9k2d.cif
9k2d_C,duplicate_sequence,201,0.0000,0.0000,1.98,data/all_pdb_1y/fed_split/client_1/mmcif_files/9k2d.cif
9k2d_D,duplicate_sequence,201,0.0000,0.0000,1.98,data/all_pdb_1y/fed_split/client_1/mmcif_files/9k2d.cif
9k2d_E,duplicate_sequence,201,0.0000,0.0000,1.98,data/all_pdb_1y/fed_split/client_1/mmcif_files/9k2d.cif
9k2d_F,duplicate_sequence,201,0.0000,0.0000,1.98,data/all_pdb_1y/fed_split/client_1/mmcif_files/9k2d.cif
9k2d_G,duplicate_sequence,201,0.0000,0.0000,1.98,data/all_pdb_1y/fed_split/client_1/mmcif_files/9k2d.cif
9k2d_H,duplicate_sequence,201,0.0000,0.0000,1.98,data/all_pdb_1y/fed_split/client_1/mmcif_files/9k2d.cif
9k2d_I,duplicate_sequence,201,0.0000,0.0000,1.98,data/all_pdb_1y/fed_split/client_1/mmcif_files/9k2d.cif
9k2d_J,duplicate_sequence,201,0.0000,0.0000,1.98,data/all_pdb_1y/fed_split/client_1/mmcif_files/9k2d.cif
9k2d_K,duplicate_sequence,201,0.0000,0.0000,1.98,data/all_pdb_1y/fed_split/client_1/mmcif_files/9k2d.cif
9k2d_L,duplicate_sequence,201,0.0000,0.0000,1.98,data/all_pdb_1y/fed_split/client_1/mmcif_files/9k2d.cif
9k2d_M,duplicate_sequence,201,0.0000,0.0000,1.98,data/all_pdb_1y/fed_split/client_1/mmcif_files/9k2d.cif
9k2d_N,duplicate_sequence,201,0.0000,0.0000,1.98,data/all_pdb_1y/fed_split/client_1/mmcif_files/9k2d.cif
9k3g_B,duplicate_sequence,189,0.0000,0.0000,1.23,data/all_pdb_1y/fed_split/client_1/mmcif_files/9k3g.cif
9k3w_B,duplicate_sequence,65,0.0000,0.0000,1.6,data/all_pdb_1y/fed_split/client_1/mmcif_files/9k3w.cif
9k3w_C,duplicate_sequence,65,0.0000,0.0000,1.6,data/all_pdb_1y/fed_split/client_1/mmcif_files/9k3w.cif
9kf2_A,duplicate_sequence,212,0.0000,0.0000,1.55,data/all_pdb_1y/fed_split/client_1/mmcif_files/9kf2.cif
9ko3_B,duplicate_sequence,174,0.0000,0.0000,1.95,data/all_pdb_1y/fed_split/client_1/mmcif_files/9ko3.cif
9ko3_C,duplicate_sequence,174,0.0000,0.0000,1.95,data/all_pdb_1y/fed_split/client_1/mmcif_files/9ko3.cif
9ko3_D,duplicate_sequence,174,0.0000,0.0000,1.95,data/all_pdb_1y/fed_split/client_1/mmcif_files/9ko3.cif
9koe_B,duplicate_sequence,247,0.0000,0.0000,1.76,data/all_pdb_1y/fed_split/client_1/mmcif_files/9koe.cif
9kpl_E,duplicate_sequence,144,0.0000,0.0000,1.8,data/all_pdb_1y/fed_split/client_1/mmcif_files/9kpl.cif
9ks7_A,duplicate_sequence,144,0.0000,0.0000,1.7,data/all_pdb_1y/fed_split/client_1/mmcif_files/9ks7.cif
9ks7_B,duplicate_sequence,144,0.0000,0.0000,1.7,data/all_pdb_1y/fed_split/client_1/mmcif_files/9ks7.cif
9ks7_E,duplicate_sequence,144,0.0000,0.0000,1.7,data/all_pdb_1y/fed_split/client_1/mmcif_files/9ks7.cif
9ks7_G,duplicate_sequence,144,0.0000,0.0000,1.7,data/all_pdb_1y/fed_split/client_1/mmcif_files/9ks7.cif
9l08_B,duplicate_sequence,291,0.0000,0.0000,1.6,data/all_pdb_1y/fed_split/client_1/mmcif_files/9l08.cif
9l8b_B,duplicate_sequence,189,0.0000,0.0000,1.99,data/all_pdb_1y/fed_split/client_1/mmcif_files/9l8b.cif
9lb2_B,duplicate_sequence,148,0.0000,0.0000,1.4,data/all_pdb_1y/fed_split/client_1/mmcif_files/9lb2.cif
9lb3_B,duplicate_sequence,148,0.0000,0.0000,0.95,data/all_pdb_1y/fed_split/client_1/mmcif_files/9lb3.cif
9lb4_B,duplicate_sequence,149,0.0000,0.0000,1.303,data/all_pdb_1y/fed_split/client_1/mmcif_files/9lb4.cif
9lmm_B,duplicate_sequence,113,0.0000,0.0000,1.65,data/all_pdb_1y/fed_split/client_1/mmcif_files/9lmm.cif
9lom_A,duplicate_sequence,54,0.0000,0.0000,1.63,data/all_pdb_1y/fed_split/client_1/mmcif_files/9lom.cif
9ls5_B,duplicate_sequence,175,0.0000,0.0000,1.4,data/all_pdb_1y/fed_split/client_1/mmcif_files/9ls5.cif
9ltk_B,duplicate_sequence,253,0.0000,0.0000,1.9,data/all_pdb_1y/fed_split/client_1/mmcif_files/9ltk.cif
9m0u_B,duplicate_sequence,62,0.0000,0.0000,1.89,data/all_pdb_1y/fed_split/client_1/mmcif_files/9m0u.cif
9m7m_A,duplicate_sequence,226,0.0000,0.0000,1.26,data/all_pdb_1y/fed_split/client_1/mmcif_files/9m7m.cif
9mb3_B,duplicate_sequence,165,0.0000,0.0000,1.6,data/all_pdb_1y/fed_split/client_1/mmcif_files/9mb3.cif
9mfz_B,duplicate_sequence,125,0.0000,0.0000,1.55,data/all_pdb_1y/fed_split/client_1/mmcif_files/9mfz.cif
9mfz_C,duplicate_sequence,125,0.0000,0.0000,1.55,data/all_pdb_1y/fed_split/client_1/mmcif_files/9mfz.cif
9mfz_D,duplicate_sequence,125,0.0000,0.0000,1.55,data/all_pdb_1y/fed_split/client_1/mmcif_files/9mfz.cif
9mgt_B,duplicate_sequence,148,0.0000,0.0000,1.96,data/all_pdb_1y/fed_split/client_1/mmcif_files/9mgt.cif
9mh3_A,duplicate_sequence,148,0.0000,0.0000,1.38,data/all_pdb_1y/fed_split/client_1/mmcif_files/9mh3.cif
9mh3_B,duplicate_sequence,148,0.0000,0.0000,1.38,data/all_pdb_1y/fed_split/client_1/mmcif_files/9mh3.cif
9mh5_A,duplicate_sequence,148,0.0000,0.0000,1.46,data/all_pdb_1y/fed_split/client_1/mmcif_files/9mh5.cif
9mh5_B,duplicate_sequence,148,0.0000,0.0000,1.46,data/all_pdb_1y/fed_split/client_1/mmcif_files/9mh5.cif
9mh6_A,duplicate_sequence,148,0.0000,0.0000,1.37,data/all_pdb_1y/fed_split/client_1/mmcif_files/9mh6.cif
9mh6_B,duplicate_sequence,148,0.0000,0.0000,1.37,data/all_pdb_1y/fed_split/client_1/mmcif_files/9mh6.cif
9mhj_B,duplicate_sequence,274,0.0000,0.0000,1.94,data/all_pdb_1y/fed_split/client_1/mmcif_files/9mhj.cif
9mjp_B,duplicate_sequence,218,0.0000,0.0000,1.99,data/all_pdb_1y/fed_split/client_1/mmcif_files/9mjp.cif
9mjp_C,duplicate_sequence,218,0.0000,0.0000,1.99,data/all_pdb_1y/fed_split/client_1/mmcif_files/9mjp.cif
9mjp_D,duplicate_sequence,218,0.0000,0.0000,1.99,data/all_pdb_1y/fed_split/client_1/mmcif_files/9mjp.cif
9mjp_E,duplicate_sequence,218,0.0000,0.0000,1.99,data/all_pdb_1y/fed_split/client_1/mmcif_files/9mjp.cif
9mjp_F,duplicate_sequence,218,0.0000,0.0000,1.99,data/all_pdb_1y/fed_split/client_1/mmcif_files/9mjp.cif
9mjp_G,duplicate_sequence,218,0.0000,0.0000,1.99,data/all_pdb_1y/fed_split/client_1/mmcif_files/9mjp.cif
9mjp_H,duplicate_sequence,218,0.0000,0.0000,1.99,data/all_pdb_1y/fed_split/client_1/mmcif_files/9mjp.cif
9mjp_I,duplicate_sequence,218,0.0000,0.0000,1.99,data/all_pdb_1y/fed_split/client_1/mmcif_files/9mjp.cif
9mjp_J,duplicate_sequence,218,0.0000,0.0000,1.99,data/all_pdb_1y/fed_split/client_1/mmcif_files/9mjp.cif
9mjp_K,duplicate_sequence,218,0.0000,0.0000,1.99,data/all_pdb_1y/fed_split/client_1/mmcif_files/9mjp.cif
9mjp_L,duplicate_sequence,218,0.0000,0.0000,1.99,data/all_pdb_1y/fed_split/client_1/mmcif_files/9mjp.cif
9mjp_M,duplicate_sequence,218,0.0000,0.0000,1.99,data/all_pdb_1y/fed_split/client_1/mmcif_files/9mjp.cif
9mjp_N,duplicate_sequence,218,0.0000,0.0000,1.99,data/all_pdb_1y/fed_split/client_1/mmcif_files/9mjp.cif
9mk2_A,duplicate_sequence,218,0.0000,0.0000,1.95,data/all_pdb_1y/fed_split/client_1/mmcif_files/9mk2.cif
9mk2_B,duplicate_sequence,218,0.0000,0.0000,1.95,data/all_pdb_1y/fed_split/client_1/mmcif_files/9mk2.cif
9mk2_C,duplicate_sequence,218,0.0000,0.0000,1.95,data/all_pdb_1y/fed_split/client_1/mmcif_files/9mk2.cif
9mk2_D,duplicate_sequence,218,0.0000,0.0000,1.95,data/all_pdb_1y/fed_split/client_1/mmcif_files/9mk2.cif
9mk2_E,duplicate_sequence,218,0.0000,0.0000,1.95,data/all_pdb_1y/fed_split/client_1/mmcif_files/9mk2.cif
9mk2_F,duplicate_sequence,218,0.0000,0.0000,1.95,data/all_pdb_1y/fed_split/client_1/mmcif_files/9mk2.cif
9mk2_G,duplicate_sequence,218,0.0000,0.0000,1.95,data/all_pdb_1y/fed_split/client_1/mmcif_files/9mk2.cif
9mk5_A,duplicate_sequence,218,0.0000,0.0000,1.9,data/all_pdb_1y/fed_split/client_1/mmcif_files/9mk5.cif
9mk5_B,duplicate_sequence,218,0.0000,0.0000,1.9,data/all_pdb_1y/fed_split/client_1/mmcif_files/9mk5.cif
9mk5_C,duplicate_sequence,218,0.0000,0.0000,1.9,data/all_pdb_1y/fed_split/client_1/mmcif_files/9mk5.cif
9mk5_D,duplicate_sequence,218,0.0000,0.0000,1.9,data/all_pdb_1y/fed_split/client_1/mmcif_files/9mk5.cif
9mk5_E,duplicate_sequence,218,0.0000,0.0000,1.9,data/all_pdb_1y/fed_split/client_1/mmcif_files/9mk5.cif
9mk5_F,duplicate_sequence,218,0.0000,0.0000,1.9,data/all_pdb_1y/fed_split/client_1/mmcif_files/9mk5.cif
9mk5_G,duplicate_sequence,218,0.0000,0.0000,1.9,data/all_pdb_1y/fed_split/client_1/mmcif_files/9mk5.cif
9mk5_H,duplicate_sequence,218,0.0000,0.0000,1.9,data/all_pdb_1y/fed_split/client_1/mmcif_files/9mk5.cif
9mk5_I,duplicate_sequence,218,0.0000,0.0000,1.9,data/all_pdb_1y/fed_split/client_1/mmcif_files/9mk5.cif
9mk5_J,duplicate_sequence,218,0.0000,0.0000,1.9,data/all_pdb_1y/fed_split/client_1/mmcif_files/9mk5.cif
9mk5_K,duplicate_sequence,218,0.0000,0.0000,1.9,data/all_pdb_1y/fed_split/client_1/mmcif_files/9mk5.cif
9mk5_L,duplicate_sequence,218,0.0000,0.0000,1.9,data/all_pdb_1y/fed_split/client_1/mmcif_files/9mk5.cif
9mk5_M,duplicate_sequence,218,0.0000,0.0000,1.9,data/all_pdb_1y/fed_split/client_1/mmcif_files/9mk5.cif
9mk5_N,duplicate_sequence,218,0.0000,0.0000,1.9,data/all_pdb_1y/fed_split/client_1/mmcif_files/9mk5.cif
9mua_B,duplicate_sequence,186,0.0000,0.0000,1.97,data/all_pdb_1y/fed_split/client_1/mmcif_files/9mua.cif
9mua_C,duplicate_sequence,186,0.0000,0.0000,1.97,data/all_pdb_1y/fed_split/client_1/mmcif_files/9mua.cif
9mua_D,duplicate_sequence,186,0.0000,0.0000,1.97,data/all_pdb_1y/fed_split/client_1/mmcif_files/9mua.cif
9mua_E,duplicate_sequence,186,0.0000,0.0000,1.97,data/all_pdb_1y/fed_split/client_1/mmcif_files/9mua.cif
9mua_F,duplicate_sequence,186,0.0000,0.0000,1.97,data/all_pdb_1y/fed_split/client_1/mmcif_files/9mua.cif
9mvr_B,duplicate_sequence,83,0.0000,0.0000,1.94,data/all_pdb_1y/fed_split/client_1/mmcif_files/9mvr.cif
9n2m_A,duplicate_sequence,293,0.0000,0.0000,1.35,data/all_pdb_1y/fed_split/client_1/mmcif_files/9n2m.cif
9n2o_A,duplicate_sequence,293,0.0000,0.0000,1.49,data/all_pdb_1y/fed_split/client_1/mmcif_files/9n2o.cif
9n42_B,duplicate_sequence,106,0.0000,0.0000,1.5,data/all_pdb_1y/fed_split/client_1/mmcif_files/9n42.cif
9n42_C,duplicate_sequence,106,0.0000,0.0000,1.5,data/all_pdb_1y/fed_split/client_1/mmcif_files/9n42.cif
9ncs_A,duplicate_sequence,124,0.0000,0.0000,1.83,data/all_pdb_1y/fed_split/client_1/mmcif_files/9ncs.cif
9ncs_B,duplicate_sequence,124,0.0000,0.0000,1.83,data/all_pdb_1y/fed_split/client_1/mmcif_files/9ncs.cif
9ng1_B,duplicate_sequence,268,0.0000,0.0000,1.91,data/all_pdb_1y/fed_split/client_1/mmcif_files/9ng1.cif
9ng1_C,duplicate_sequence,268,0.0000,0.0000,1.91,data/all_pdb_1y/fed_split/client_1/mmcif_files/9ng1.cif
9ng1_D,duplicate_sequence,268,0.0000,0.0000,1.91,data/all_pdb_1y/fed_split/client_1/mmcif_files/9ng1.cif
9nsm_B,duplicate_sequence,177,0.0000,0.0000,1.85,data/all_pdb_1y/fed_split/client_1/mmcif_files/9nsm.cif
9nsm_C,duplicate_sequence,177,0.0000,0.0000,1.85,data/all_pdb_1y/fed_split/client_1/mmcif_files/9nsm.cif
9nx3_B,duplicate_sequence,242,0.0000,0.0000,1.9,data/all_pdb_1y/fed_split/client_1/mmcif_files/9nx3.cif
9nx3_C,duplicate_sequence,242,0.0000,0.0000,1.9,data/all_pdb_1y/fed_split/client_1/mmcif_files/9nx3.cif
9nx3_D,duplicate_sequence,242,0.0000,0.0000,1.9,data/all_pdb_1y/fed_split/client_1/mmcif_files/9nx3.cif
9nx3_E,duplicate_sequence,242,0.0000,0.0000,1.9,data/all_pdb_1y/fed_split/client_1/mmcif_files/9nx3.cif
9nx3_F,duplicate_sequence,242,0.0000,0.0000,1.9,data/all_pdb_1y/fed_split/client_1/mmcif_files/9nx3.cif
9nzy_B,duplicate_sequence,275,0.0000,0.0000,1.6,data/all_pdb_1y/fed_split/client_1/mmcif_files/9nzy.cif
9o0j_B,duplicate_sequence,178,0.0000,0.0000,1.88,data/all_pdb_1y/fed_split/client_1/mmcif_files/9o0j.cif
9o0j_C,duplicate_sequence,178,0.0000,0.0000,1.88,data/all_pdb_1y/fed_split/client_1/mmcif_files/9o0j.cif
9o0j_D,duplicate_sequence,178,0.0000,0.0000,1.88,data/all_pdb_1y/fed_split/client_1/mmcif_files/9o0j.cif
9o0j_E,duplicate_sequence,178,0.0000,0.0000,1.88,data/all_pdb_1y/fed_split/client_1/mmcif_files/9o0j.cif
9o0j_F,duplicate_sequence,178,0.0000,0.0000,1.88,data/all_pdb_1y/fed_split/client_1/mmcif_files/9o0j.cif
9o0j_G,duplicate_sequence,178,0.0000,0.0000,1.88,data/all_pdb_1y/fed_split/client_1/mmcif_files/9o0j.cif
9o0j_H,duplicate_sequence,178,0.0000,0.0000,1.88,data/all_pdb_1y/fed_split/client_1/mmcif_files/9o0j.cif
9o0j_I,duplicate_sequence,178,0.0000,0.0000,1.88,data/all_pdb_1y/fed_split/client_1/mmcif_files/9o0j.cif
9o0j_J,duplicate_sequence,178,0.0000,0.0000,1.88,data/all_pdb_1y/fed_split/client_1/mmcif_files/9o0j.cif
9o4v_A,duplicate_sequence,124,0.0000,0.0000,1.7,data/all_pdb_1y/fed_split/client_1/mmcif_files/9o4v.cif
9o4v_B,duplicate_sequence,124,0.0000,0.0000,1.7,data/all_pdb_1y/fed_split/client_1/mmcif_files/9o4v.cif
9o5b_A,duplicate_sequence,124,0.0000,0.0000,1.71,data/all_pdb_1y/fed_split/client_1/mmcif_files/9o5b.cif
9o5b_B,duplicate_sequence,124,0.0000,0.0000,1.71,data/all_pdb_1y/fed_split/client_1/mmcif_files/9o5b.cif
9o8v_A,duplicate_sequence,125,0.0000,0.0000,1.29,data/all_pdb_1y/fed_split/client_1/mmcif_files/9o8v.cif
9o8v_B,duplicate_sequence,125,0.0000,0.0000,1.29,data/all_pdb_1y/fed_split/client_1/mmcif_files/9o8v.cif
9o90_B,duplicate_sequence,285,0.0000,0.0000,1.93,data/all_pdb_1y/fed_split/client_1/mmcif_files/9o90.cif
9o9r_B,duplicate_sequence,156,0.0000,0.0000,1.31,data/all_pdb_1y/fed_split/client_1/mmcif_files/9o9r.cif
9o9r_C,duplicate_sequence,156,0.0000,0.0000,1.31,data/all_pdb_1y/fed_split/client_1/mmcif_files/9o9r.cif
9oai_A,duplicate_sequence,156,0.0000,0.0000,1.51,data/all_pdb_1y/fed_split/client_1/mmcif_files/9oai.cif
9oai_B,duplicate_sequence,156,0.0000,0.0000,1.51,data/all_pdb_1y/fed_split/client_1/mmcif_files/9oai.cif
9oai_C,duplicate_sequence,156,0.0000,0.0000,1.51,data/all_pdb_1y/fed_split/client_1/mmcif_files/9oai.cif
9oak_B,duplicate_sequence,157,0.0000,0.0000,1.61,data/all_pdb_1y/fed_split/client_1/mmcif_files/9oak.cif
9oak_C,duplicate_sequence,157,0.0000,0.0000,1.61,data/all_pdb_1y/fed_split/client_1/mmcif_files/9oak.cif
9oan_A,duplicate_sequence,156,0.0000,0.0000,1.63,data/all_pdb_1y/fed_split/client_1/mmcif_files/9oan.cif
9oan_B,duplicate_sequence,156,0.0000,0.0000,1.63,data/all_pdb_1y/fed_split/client_1/mmcif_files/9oan.cif
9oan_C,duplicate_sequence,156,0.0000,0.0000,1.63,data/all_pdb_1y/fed_split/client_1/mmcif_files/9oan.cif
9ob9_A,duplicate_sequence,156,0.0000,0.0000,1.6,data/all_pdb_1y/fed_split/client_1/mmcif_files/9ob9.cif
9ob9_B,duplicate_sequence,156,0.0000,0.0000,1.6,data/all_pdb_1y/fed_split/client_1/mmcif_files/9ob9.cif
9ob9_C,duplicate_sequence,156,0.0000,0.0000,1.6,data/all_pdb_1y/fed_split/client_1/mmcif_files/9ob9.cif
9oba_A,duplicate_sequence,156,0.0000,0.0000,1.58,data/all_pdb_1y/fed_split/client_1/mmcif_files/9oba.cif
9oba_B,duplicate_sequence,156,0.0000,0.0000,1.58,data/all_pdb_1y/fed_split/client_1/mmcif_files/9oba.cif
9oba_C,duplicate_sequence,156,0.0000,0.0000,1.58,data/all_pdb_1y/fed_split/client_1/mmcif_files/9oba.cif
9obc_A,duplicate_sequence,156,0.0000,0.0000,1.62,data/all_pdb_1y/fed_split/client_1/mmcif_files/9obc.cif
9obc_B,duplicate_sequence,156,0.0000,0.0000,1.62,data/all_pdb_1y/fed_split/client_1/mmcif_files/9obc.cif
9obc_C,duplicate_sequence,156,0.0000,0.0000,1.62,data/all_pdb_1y/fed_split/client_1/mmcif_files/9obc.cif
9od6_A,duplicate_sequence,156,0.0000,0.0000,1.45,data/all_pdb_1y/fed_split/client_1/mmcif_files/9od6.cif
9od6_B,duplicate_sequence,156,0.0000,0.0000,1.45,data/all_pdb_1y/fed_split/client_1/mmcif_files/9od6.cif
9od6_C,duplicate_sequence,156,0.0000,0.0000,1.45,data/all_pdb_1y/fed_split/client_1/mmcif_files/9od6.cif
9oh7_A,duplicate_sequence,128,0.0000,0.0000,2.0,data/all_pdb_1y/fed_split/client_1/mmcif_files/9oh7.cif
9oh7_E,duplicate_sequence,128,0.0000,0.0000,2.0,data/all_pdb_1y/fed_split/client_1/mmcif_files/9oh7.cif
9oh7_G,duplicate_sequence,128,0.0000,0.0000,2.0,data/all_pdb_1y/fed_split/client_1/mmcif_files/9oh7.cif
9ori_B,duplicate_sequence,138,0.0000,0.0000,1.74,data/all_pdb_1y/fed_split/client_1/mmcif_files/9ori.cif
9p39_A,duplicate_sequence,182,0.0000,0.0000,1.3,data/all_pdb_1y/fed_split/client_1/mmcif_files/9p39.cif
9p8l_B,duplicate_sequence,98,0.0000,0.0000,1.62,data/all_pdb_1y/fed_split/client_1/mmcif_files/9p8l.cif
9p8l_C,duplicate_sequence,98,0.0000,0.0000,1.62,data/all_pdb_1y/fed_split/client_1/mmcif_files/9p8l.cif
9pcs_B,duplicate_sequence,300,0.0000,0.0000,1.5,data/all_pdb_1y/fed_split/client_1/mmcif_files/9pcs.cif
9pcs_C,duplicate_sequence,300,0.0000,0.0000,1.5,data/all_pdb_1y/fed_split/client_1/mmcif_files/9pcs.cif
9pcs_D,duplicate_sequence,300,0.0000,0.0000,1.5,data/all_pdb_1y/fed_split/client_1/mmcif_files/9pcs.cif
9pcs_E,duplicate_sequence,300,0.0000,0.0000,1.5,data/all_pdb_1y/fed_split/client_1/mmcif_files/9pcs.cif
9pcs_F,duplicate_sequence,300,0.0000,0.0000,1.5,data/all_pdb_1y/fed_split/client_1/mmcif_files/9pcs.cif
9pcs_G,duplicate_sequence,300,0.0000,0.0000,1.5,data/all_pdb_1y/fed_split/client_1/mmcif_files/9pcs.cif
9pcs_H,duplicate_sequence,300,0.0000,0.0000,1.5,data/all_pdb_1y/fed_split/client_1/mmcif_files/9pcs.cif
9pfy_A,duplicate_sequence,157,0.0000,0.0000,1.42,data/all_pdb_1y/fed_split/client_1/mmcif_files/9pfy.cif
9pfy_B,duplicate_sequence,157,0.0000,0.0000,1.42,data/all_pdb_1y/fed_split/client_1/mmcif_files/9pfy.cif
9pfy_C,duplicate_sequence,157,0.0000,0.0000,1.42,data/all_pdb_1y/fed_split/client_1/mmcif_files/9pfy.cif
9pg0_A,duplicate_sequence,156,0.0000,0.0000,1.45,data/all_pdb_1y/fed_split/client_1/mmcif_files/9pg0.cif
9pg0_B,duplicate_sequence,156,0.0000,0.0000,1.45,data/all_pdb_1y/fed_split/client_1/mmcif_files/9pg0.cif
9pg0_C,duplicate_sequence,156,0.0000,0.0000,1.45,data/all_pdb_1y/fed_split/client_1/mmcif_files/9pg0.cif
9png_B,duplicate_sequence,106,0.0000,0.0000,1.97,data/all_pdb_1y/fed_split/client_1/mmcif_files/9png.cif
9png_C,duplicate_sequence,106,0.0000,0.0000,1.97,data/all_pdb_1y/fed_split/client_1/mmcif_files/9png.cif
9pnh_A,duplicate_sequence,106,0.0000,0.0000,1.84,data/all_pdb_1y/fed_split/client_1/mmcif_files/9pnh.cif
9pnh_B,duplicate_sequence,106,0.0000,0.0000,1.84,data/all_pdb_1y/fed_split/client_1/mmcif_files/9pnh.cif
9pnh_C,duplicate_sequence,106,0.0000,0.0000,1.84,data/all_pdb_1y/fed_split/client_1/mmcif_files/9pnh.cif
9ppn_A,duplicate_sequence,106,0.0000,0.0000,1.87,data/all_pdb_1y/fed_split/client_1/mmcif_files/9ppn.cif
9ppn_B,duplicate_sequence,106,0.0000,0.0000,1.87,data/all_pdb_1y/fed_split/client_1/mmcif_files/9ppn.cif
9ppn_C,duplicate_sequence,106,0.0000,0.0000,1.87,data/all_pdb_1y/fed_split/client_1/mmcif_files/9ppn.cif
9ppo_A,duplicate_sequence,106,0.0000,0.0000,1.62,data/all_pdb_1y/fed_split/client_1/mmcif_files/9ppo.cif
9ppo_B,duplicate_sequence,106,0.0000,0.0000,1.62,data/all_pdb_1y/fed_split/client_1/mmcif_files/9ppo.cif
9ppo_C,duplicate_sequence,106,0.0000,0.0000,1.62,data/all_pdb_1y/fed_split/client_1/mmcif_files/9ppo.cif
9ppr_A,duplicate_sequence,106,0.0000,0.0000,1.57,data/all_pdb_1y/fed_split/client_1/mmcif_files/9ppr.cif
9ppr_B,duplicate_sequence,106,0.0000,0.0000,1.57,data/all_pdb_1y/fed_split/client_1/mmcif_files/9ppr.cif
9ppr_C,duplicate_sequence,106,0.0000,0.0000,1.57,data/all_pdb_1y/fed_split/client_1/mmcif_files/9ppr.cif
9pps_A,duplicate_sequence,106,0.0000,0.0000,2.0,data/all_pdb_1y/fed_split/client_1/mmcif_files/9pps.cif
9pps_B,duplicate_sequence,106,0.0000,0.0000,2.0,data/all_pdb_1y/fed_split/client_1/mmcif_files/9pps.cif
9pps_C,duplicate_sequence,106,0.0000,0.0000,2.0,data/all_pdb_1y/fed_split/client_1/mmcif_files/9pps.cif
9ppt_A,duplicate_sequence,106,0.0000,0.0000,1.78,data/all_pdb_1y/fed_split/client_1/mmcif_files/9ppt.cif
9ppt_B,duplicate_sequence,106,0.0000,0.0000,1.78,data/all_pdb_1y/fed_split/client_1/mmcif_files/9ppt.cif
9ppt_C,duplicate_sequence,106,0.0000,0.0000,1.78,data/all_pdb_1y/fed_split/client_1/mmcif_files/9ppt.cif
9pq4_A,duplicate_sequence,106,0.0000,0.0000,1.48,data/all_pdb_1y/fed_split/client_1/mmcif_files/9pq4.cif
9pq4_B,duplicate_sequence,106,0.0000,0.0000,1.48,data/all_pdb_1y/fed_split/client_1/mmcif_files/9pq4.cif
9pq4_C,duplicate_sequence,106,0.0000,0.0000,1.48,data/all_pdb_1y/fed_split/client_1/mmcif_files/9pq4.cif
9pua_L,duplicate_sequence,127,0.0000,0.0000,0.944,data/all_pdb_1y/fed_split/client_1/mmcif_files/9pua.cif
9pub_J,duplicate_sequence,127,0.0000,0.0000,0.953,data/all_pdb_1y/fed_split/client_1/mmcif_files/9pub.cif
9pub_K,duplicate_sequence,127,0.0000,0.0000,0.953,data/all_pdb_1y/fed_split/client_1/mmcif_files/9pub.cif
9q3h_B,duplicate_sequence,127,0.0000,0.0000,1.89,data/all_pdb_1y/fed_split/client_1/mmcif_files/9q3h.cif
9q86_A,duplicate_sequence,158,0.0000,0.0000,2.0,data/all_pdb_1y/fed_split/client_1/mmcif_files/9q86.cif
9q86_B,duplicate_sequence,158,0.0000,0.0000,2.0,data/all_pdb_1y/fed_split/client_1/mmcif_files/9q86.cif
9qdk_B,duplicate_sequence,288,0.0000,0.0000,1.9,data/all_pdb_1y/fed_split/client_1/mmcif_files/9qdk.cif
9qdk_C,duplicate_sequence,288,0.0000,0.0000,1.9,data/all_pdb_1y/fed_split/client_1/mmcif_files/9qdk.cif
9qdk_D,duplicate_sequence,288,0.0000,0.0000,1.9,data/all_pdb_1y/fed_split/client_1/mmcif_files/9qdk.cif
9qel_B,duplicate_sequence,167,0.0000,0.0000,1.86,data/all_pdb_1y/fed_split/client_1/mmcif_files/9qel.cif
9qeo_A,duplicate_sequence,167,0.0000,0.0000,1.98,data/all_pdb_1y/fed_split/client_1/mmcif_files/9qeo.cif
9qeo_B,duplicate_sequence,167,0.0000,0.0000,1.98,data/all_pdb_1y/fed_split/client_1/mmcif_files/9qeo.cif
9qfi_A,duplicate_sequence,167,0.0000,0.0000,1.91,data/all_pdb_1y/fed_split/client_1/mmcif_files/9qfi.cif
9qfi_B,duplicate_sequence,167,0.0000,0.0000,1.91,data/all_pdb_1y/fed_split/client_1/mmcif_files/9qfi.cif
9qfl_A,duplicate_sequence,167,0.0000,0.0000,1.7,data/all_pdb_1y/fed_split/client_1/mmcif_files/9qfl.cif
9qfl_B,duplicate_sequence,167,0.0000,0.0000,1.7,data/all_pdb_1y/fed_split/client_1/mmcif_files/9qfl.cif
9qfr_B,duplicate_sequence,181,0.0000,0.0000,1.52,data/all_pdb_1y/fed_split/client_1/mmcif_files/9qfr.cif
9qft_D,duplicate_sequence,180,0.0000,0.0000,1.82,data/all_pdb_1y/fed_split/client_1/mmcif_files/9qft.cif
9qg2_B,duplicate_sequence,275,0.0000,0.0000,2.0,data/all_pdb_1y/fed_split/client_1/mmcif_files/9qg2.cif
9qg2_A,duplicate_sequence,275,0.0000,0.0000,2.0,data/all_pdb_1y/fed_split/client_1/mmcif_files/9qg2.cif
9qg4_B,duplicate_sequence,275,0.0000,0.0000,1.9,data/all_pdb_1y/fed_split/client_1/mmcif_files/9qg4.cif
9qg4_A,duplicate_sequence,275,0.0000,0.0000,1.9,data/all_pdb_1y/fed_split/client_1/mmcif_files/9qg4.cif
9qh2_B,duplicate_sequence,248,0.0000,0.0000,1.7,data/all_pdb_1y/fed_split/client_1/mmcif_files/9qh2.cif
9qhr_B,duplicate_sequence,118,0.0000,0.0000,1.5,data/all_pdb_1y/fed_split/client_1/mmcif_files/9qhr.cif
9qhr_C,duplicate_sequence,118,0.0000,0.0000,1.5,data/all_pdb_1y/fed_split/client_1/mmcif_files/9qhr.cif
9qhr_D,duplicate_sequence,118,0.0000,0.0000,1.5,data/all_pdb_1y/fed_split/client_1/mmcif_files/9qhr.cif
9qne_A,duplicate_sequence,159,0.0000,0.0000,1.84,data/all_pdb_1y/fed_split/client_1/mmcif_files/9qne.cif
9qnz_B,duplicate_sequence,159,0.0000,0.0000,1.88,data/all_pdb_1y/fed_split/client_1/mmcif_files/9qnz.cif
9qnz_C,duplicate_sequence,159,0.0000,0.0000,1.88,data/all_pdb_1y/fed_split/client_1/mmcif_files/9qnz.cif
9qnz_D,duplicate_sequence,159,0.0000,0.0000,1.88,data/all_pdb_1y/fed_split/client_1/mmcif_files/9qnz.cif
9qq4_B,duplicate_sequence,139,0.0000,0.0000,1.07,data/all_pdb_1y/fed_split/client_1/mmcif_files/9qq4.cif
9qq4_C,duplicate_sequence,139,0.0000,0.0000,1.07,data/all_pdb_1y/fed_split/client_1/mmcif_files/9qq4.cif
9qq4_D,duplicate_sequence,139,0.0000,0.0000,1.07,data/all_pdb_1y/fed_split/client_1/mmcif_files/9qq4.cif
9qq5_A,duplicate_sequence,139,0.0000,0.0000,1.54,data/all_pdb_1y/fed_split/client_1/mmcif_files/9qq5.cif
9qq5_C,duplicate_sequence,139,0.0000,0.0000,1.54,data/all_pdb_1y/fed_split/client_1/mmcif_files/9qq5.cif
9qq5_E,duplicate_sequence,139,0.0000,0.0000,1.54,data/all_pdb_1y/fed_split/client_1/mmcif_files/9qq5.cif
9qq5_G,duplicate_sequence,139,0.0000,0.0000,1.54,data/all_pdb_1y/fed_split/client_1/mmcif_files/9qq5.cif
9qqi_A,duplicate_sequence,139,0.0000,0.0000,1.68,data/all_pdb_1y/fed_split/client_1/mmcif_files/9qqi.cif
9qqi_B,duplicate_sequence,139,0.0000,0.0000,1.68,data/all_pdb_1y/fed_split/client_1/mmcif_files/9qqi.cif
9qqi_C,duplicate_sequence,139,0.0000,0.0000,1.68,data/all_pdb_1y/fed_split/client_1/mmcif_files/9qqi.cif
9qqi_D,duplicate_sequence,139,0.0000,0.0000,1.68,data/all_pdb_1y/fed_split/client_1/mmcif_files/9qqi.cif
9qr7_A,duplicate_sequence,135,0.0000,0.0000,1.01,data/all_pdb_1y/fed_split/client_1/mmcif_files/9qr7.cif
9qro_A,duplicate_sequence,126,0.0000,0.0000,1.58,data/all_pdb_1y/fed_split/client_1/mmcif_files/9qro.cif
9qro_B,duplicate_sequence,126,0.0000,0.0000,1.58,data/all_pdb_1y/fed_split/client_1/mmcif_files/9qro.cif
9qt0_B,duplicate_sequence,65,0.0000,0.0000,1.3,data/all_pdb_1y/fed_split/client_1/mmcif_files/9qt0.cif
9qtc_A,duplicate_sequence,126,0.0000,0.0000,1.3,data/all_pdb_1y/fed_split/client_1/mmcif_files/9qtc.cif
9qtc_B,duplicate_sequence,126,0.0000,0.0000,1.3,data/all_pdb_1y/fed_split/client_1/mmcif_files/9qtc.cif
9qye_A,duplicate_sequence,203,0.0000,0.0000,1.44,data/all_pdb_1y/fed_split/client_1/mmcif_files/9qye.cif
9qyo_A,duplicate_sequence,135,0.0000,0.0000,1.02,data/all_pdb_1y/fed_split/client_1/mmcif_files/9qyo.cif
9r6d_A,duplicate_sequence,135,0.0000,0.0000,0.94,data/all_pdb_1y/fed_split/client_1/mmcif_files/9r6d.cif
9r6e_A,duplicate_sequence,135,0.0000,0.0000,1.02,data/all_pdb_1y/fed_split/client_1/mmcif_files/9r6e.cif
9ran_A,duplicate_sequence,135,0.0000,0.0000,1.02,data/all_pdb_1y/fed_split/client_1/mmcif_files/9ran.cif
9rbz_B,duplicate_sequence,211,0.0000,0.0000,1.8,data/all_pdb_1y/fed_split/client_1/mmcif_files/9rbz.cif
9rbz_C,duplicate_sequence,211,0.0000,0.0000,1.8,data/all_pdb_1y/fed_split/client_1/mmcif_files/9rbz.cif
9rbz_D,duplicate_sequence,211,0.0000,0.0000,1.8,data/all_pdb_1y/fed_split/client_1/mmcif_files/9rbz.cif
9rfp_B,duplicate_sequence,168,0.0000,0.0000,1.65,data/all_pdb_1y/fed_split/client_1/mmcif_files/9rfp.cif
9rhn_B,duplicate_sequence,169,0.0000,0.0000,1.95,data/all_pdb_1y/fed_split/client_1/mmcif_files/9rhn.cif
9rho_A,duplicate_sequence,169,0.0000,0.0000,1.6,data/all_pdb_1y/fed_split/client_1/mmcif_files/9rho.cif
9rho_B,duplicate_sequence,169,0.0000,0.0000,1.6,data/all_pdb_1y/fed_split/client_1/mmcif_files/9rho.cif
9rie_A,duplicate_sequence,199,0.0000,0.0000,1.305,data/all_pdb_1y/fed_split/client_1/mmcif_files/9rie.cif
9rk7_A,duplicate_sequence,199,0.0000,0.0000,1.6,data/all_pdb_1y/fed_split/client_1/mmcif_files/9rk7.cif
9rka_A,duplicate_sequence,199,0.0000,0.0000,1.9,data/all_pdb_1y/fed_split/client_1/mmcif_files/9rka.cif
9ro8_B,duplicate_sequence,149,0.0000,0.0000,1.59,data/all_pdb_1y/fed_split/client_1/mmcif_files/9ro8.cif
9rpl_B,duplicate_sequence,270,0.0000,0.0000,1.93,data/all_pdb_1y/fed_split/client_1/mmcif_files/9rpl.cif
9rt6_B,duplicate_sequence,81,0.0123,0.0123,1.897,data/all_pdb_1y/fed_split/client_1/mmcif_files/9rt6.cif
9rxn_B,duplicate_sequence,107,0.0000,0.0000,1.36,data/all_pdb_1y/fed_split/client_1/mmcif_files/9rxn.cif
9rxw_B,duplicate_sequence,97,0.0000,0.0000,1.6,data/all_pdb_1y/fed_split/client_1/mmcif_files/9rxw.cif
9rxx_B,duplicate_sequence,97,0.0000,0.0000,1.616,data/all_pdb_1y/fed_split/client_1/mmcif_files/9rxx.cif
9sia_B,duplicate_sequence,119,0.0000,0.0000,1.83,data/all_pdb_1y/fed_split/client_1/mmcif_files/9sia.cif
9sia_C,duplicate_sequence,119,0.0000,0.0000,1.83,data/all_pdb_1y/fed_split/client_1/mmcif_files/9sia.cif
9sic_B,duplicate_sequence,119,0.0000,0.0000,1.5,data/all_pdb_1y/fed_split/client_1/mmcif_files/9sic.cif
9sic_C,duplicate_sequence,119,0.0000,0.0000,1.5,data/all_pdb_1y/fed_split/client_1/mmcif_files/9sic.cif
9sid_B,duplicate_sequence,119,0.0000,0.0000,1.69,data/all_pdb_1y/fed_split/client_1/mmcif_files/9sid.cif
9sqt_A,duplicate_sequence,121,0.0000,0.0000,1.49,data/all_pdb_1y/fed_split/client_1/mmcif_files/9sqt.cif
9sqt_B,duplicate_sequence,121,0.0000,0.0000,1.49,data/all_pdb_1y/fed_split/client_1/mmcif_files/9sqt.cif
9sqt_C,duplicate_sequence,121,0.0000,0.0000,1.49,data/all_pdb_1y/fed_split/client_1/mmcif_files/9sqt.cif
9sqt_D,duplicate_sequence,121,0.0000,0.0000,1.49,data/all_pdb_1y/fed_split/client_1/mmcif_files/9sqt.cif
9sqt_E,duplicate_sequence,121,0.0000,0.0000,1.49,data/all_pdb_1y/fed_split/client_1/mmcif_files/9sqt.cif
9sqt_F,duplicate_sequence,121,0.0000,0.0000,1.49,data/all_pdb_1y/fed_split/client_1/mmcif_files/9sqt.cif
9sqt_G,duplicate_sequence,121,0.0000,0.0000,1.49,data/all_pdb_1y/fed_split/client_1/mmcif_files/9sqt.cif
9sqt_H,duplicate_sequence,121,0.0000,0.0000,1.49,data/all_pdb_1y/fed_split/client_1/mmcif_files/9sqt.cif
9t2w_B,duplicate_sequence,123,0.0000,0.0000,1.75,data/all_pdb_1y/fed_split/client_1/mmcif_files/9t2w.cif
9t7f_A,duplicate_sequence,119,0.0000,0.0000,1.5,data/all_pdb_1y/fed_split/client_1/mmcif_files/9t7f.cif
9t7f_B,duplicate_sequence,119,0.0000,0.0000,1.5,data/all_pdb_1y/fed_split/client_1/mmcif_files/9t7f.cif
9t7f_C,duplicate_sequence,119,0.0000,0.0000,1.5,data/all_pdb_1y/fed_split/client_1/mmcif_files/9t7f.cif
9tb1_B,x_ratio_too_high,39,0.0513,0.0513,1.59,data/all_pdb_1y/fed_split/client_1/mmcif_files/9tb1.cif
9tf5_A,duplicate_sequence,119,0.0000,0.0000,1.63,data/all_pdb_1y/fed_split/client_1/mmcif_files/9tf5.cif
9tf5_B,duplicate_sequence,119,0.0000,0.0000,1.63,data/all_pdb_1y/fed_split/client_1/mmcif_files/9tf5.cif
9tf5_C,duplicate_sequence,119,0.0000,0.0000,1.63,data/all_pdb_1y/fed_split/client_1/mmcif_files/9tf5.cif
9u5n_B,duplicate_sequence,113,0.0000,0.0000,1.27,data/all_pdb_1y/fed_split/client_1/mmcif_files/9u5n.cif
9u5v_A,duplicate_sequence,113,0.0000,0.0000,1.663,data/all_pdb_1y/fed_split/client_1/mmcif_files/9u5v.cif
9u5v_B,duplicate_sequence,113,0.0000,0.0000,1.663,data/all_pdb_1y/fed_split/client_1/mmcif_files/9u5v.cif
9u7b_B,duplicate_sequence,188,0.0000,0.0000,1.7,data/all_pdb_1y/fed_split/client_1/mmcif_files/9u7b.cif
9ual_B,duplicate_sequence,73,0.0000,0.0000,1.68,data/all_pdb_1y/fed_split/client_1/mmcif_files/9ual.cif
9v0h_B,duplicate_sequence,269,0.0000,0.0000,1.665,data/all_pdb_1y/fed_split/client_1/mmcif_files/9v0h.cif
9vak_A,duplicate_sequence,183,0.0000,0.0000,2.0,data/all_pdb_1y/fed_split/client_1/mmcif_files/9vak.cif
9vak_C,duplicate_sequence,183,0.0000,0.0000,2.0,data/all_pdb_1y/fed_split/client_1/mmcif_files/9vak.cif
9vak_D,duplicate_sequence,183,0.0000,0.0000,2.0,data/all_pdb_1y/fed_split/client_1/mmcif_files/9vak.cif
9vio_B,duplicate_sequence,202,0.0000,0.0000,2.0,data/all_pdb_1y/fed_split/client_1/mmcif_files/9vio.cif
9vio_C,duplicate_sequence,202,0.0000,0.0000,2.0,data/all_pdb_1y/fed_split/client_1/mmcif_files/9vio.cif
9vis_A,duplicate_sequence,202,0.0000,0.0000,1.85,data/all_pdb_1y/fed_split/client_1/mmcif_files/9vis.cif
9vzt_A,duplicate_sequence,273,0.0000,0.0000,1.475,data/all_pdb_1y/fed_split/client_1/mmcif_files/9vzt.cif
9w4u_B,duplicate_sequence,122,0.0000,0.0000,2.0,data/all_pdb_1y/fed_split/client_1/mmcif_files/9w4u.cif
9w4u_C,duplicate_sequence,122,0.0000,0.0000,2.0,data/all_pdb_1y/fed_split/client_1/mmcif_files/9w4u.cif
9w4u_D,duplicate_sequence,122,0.0000,0.0000,2.0,data/all_pdb_1y/fed_split/client_1/mmcif_files/9w4u.cif
9w8h_B,duplicate_sequence,108,0.0000,0.0000,2.0,data/all_pdb_1y/fed_split/client_1/mmcif_files/9w8h.cif
9w8i_A,duplicate_sequence,108,0.0000,0.0000,2.0,data/all_pdb_1y/fed_split/client_1/mmcif_files/9w8i.cif
9w8i_B,duplicate_sequence,108,0.0000,0.0000,2.0,data/all_pdb_1y/fed_split/client_1/mmcif_files/9w8i.cif
9w8k_A,duplicate_sequence,108,0.0000,0.0000,2.0,data/all_pdb_1y/fed_split/client_1/mmcif_files/9w8k.cif
9w8k_B,duplicate_sequence,108,0.0000,0.0000,2.0,data/all_pdb_1y/fed_split/client_1/mmcif_files/9w8k.cif
9w8l_A,duplicate_sequence,108,0.0000,0.0000,2.0,data/all_pdb_1y/fed_split/client_1/mmcif_files/9w8l.cif
9w8l_B,duplicate_sequence,108,0.0000,0.0000,2.0,data/all_pdb_1y/fed_split/client_1/mmcif_files/9w8l.cif
9w8m_A,duplicate_sequence,108,0.0000,0.0000,2.0,data/all_pdb_1y/fed_split/client_1/mmcif_files/9w8m.cif
9w8m_B,duplicate_sequence,108,0.0000,0.0000,2.0,data/all_pdb_1y/fed_split/client_1/mmcif_files/9w8m.cif
9w8n_A,duplicate_sequence,108,0.0000,0.0000,2.0,data/all_pdb_1y/fed_split/client_1/mmcif_files/9w8n.cif
9w8n_B,duplicate_sequence,108,0.0000,0.0000,2.0,data/all_pdb_1y/fed_split/client_1/mmcif_files/9w8n.cif
9w8o_A,duplicate_sequence,108,0.0000,0.0000,2.0,data/all_pdb_1y/fed_split/client_1/mmcif_files/9w8o.cif
9w8o_B,duplicate_sequence,108,0.0000,0.0000,2.0,data/all_pdb_1y/fed_split/client_1/mmcif_files/9w8o.cif
9w8p_A,duplicate_sequence,108,0.0000,0.0000,2.0,data/all_pdb_1y/fed_split/client_1/mmcif_files/9w8p.cif
9w8p_B,duplicate_sequence,108,0.0000,0.0000,2.0,data/all_pdb_1y/fed_split/client_1/mmcif_files/9w8p.cif
9wfh_A,duplicate_sequence,183,0.0000,0.0000,2.0,data/all_pdb_1y/fed_split/client_1/mmcif_files/9wfh.cif
9wfh_B,duplicate_sequence,183,0.0000,0.0000,2.0,data/all_pdb_1y/fed_split/client_1/mmcif_files/9wfh.cif
9wh0_A,duplicate_sequence,108,0.0000,0.0000,2.0,data/all_pdb_1y/fed_split/client_1/mmcif_files/9wh0.cif
9wh0_B,duplicate_sequence,108,0.0000,0.0000,2.0,data/all_pdb_1y/fed_split/client_1/mmcif_files/9wh0.cif
9wh2_A,duplicate_sequence,108,0.0000,0.0000,2.0,data/all_pdb_1y/fed_split/client_1/mmcif_files/9wh2.cif
9wh2_B,duplicate_sequence,108,0.0000,0.0000,2.0,data/all_pdb_1y/fed_split/client_1/mmcif_files/9wh2.cif
9wh5_A,duplicate_sequence,108,0.0000,0.0000,2.0,data/all_pdb_1y/fed_split/client_1/mmcif_files/9wh5.cif
9wh5_B,duplicate_sequence,108,0.0000,0.0000,2.0,data/all_pdb_1y/fed_split/client_1/mmcif_files/9wh5.cif
9wh6_A,duplicate_sequence,108,0.0000,0.0000,2.0,data/all_pdb_1y/fed_split/client_1/mmcif_files/9wh6.cif
9wh6_B,duplicate_sequence,108,0.0000,0.0000,2.0,data/all_pdb_1y/fed_split/client_1/mmcif_files/9wh6.cif
9wzk_B,duplicate_sequence,296,0.0000,0.0000,1.8,data/all_pdb_1y/fed_split/client_1/mmcif_files/9wzk.cif
9x6l_B,duplicate_sequence,270,0.0000,0.0000,1.97,data/all_pdb_1y/fed_split/client_1/mmcif_files/9x6l.cif
9x6l_C,duplicate_sequence,270,0.0000,0.0000,1.97,data/all_pdb_1y/fed_split/client_1/mmcif_files/9x6l.cif
9x6l_D,duplicate_sequence,270,0.0000,0.0000,1.97,data/all_pdb_1y/fed_split/client_1/mmcif_files/9x6l.cif
9x6m_A,duplicate_sequence,270,0.0000,0.0000,1.73,data/all_pdb_1y/fed_split/client_1/mmcif_files/9x6m.cif
9x6m_B,duplicate_sequence,270,0.0000,0.0000,1.73,data/all_pdb_1y/fed_split/client_1/mmcif_files/9x6m.cif
9x6m_C,duplicate_sequence,270,0.0000,0.0000,1.73,data/all_pdb_1y/fed_split/client_1/mmcif_files/9x6m.cif
9x6m_D,duplicate_sequence,270,0.0000,0.0000,1.73,data/all_pdb_1y/fed_split/client_1/mmcif_files/9x6m.cif
9x6n_A,duplicate_sequence,270,0.0000,0.0000,1.56,data/all_pdb_1y/fed_split/client_1/mmcif_files/9x6n.cif
9x6n_B,duplicate_sequence,270,0.0000,0.0000,1.56,data/all_pdb_1y/fed_split/client_1/mmcif_files/9x6n.cif
9x6n_C,duplicate_sequence,270,0.0000,0.0000,1.56,data/all_pdb_1y/fed_split/client_1/mmcif_files/9x6n.cif
9x6n_D,duplicate_sequence,270,0.0000,0.0000,1.56,data/all_pdb_1y/fed_split/client_1/mmcif_files/9x6n.cif
9x6o_B,duplicate_sequence,257,0.0000,0.0000,1.89,data/all_pdb_1y/fed_split/client_1/mmcif_files/9x6o.cif
9x6o_C,duplicate_sequence,257,0.0000,0.0000,1.89,data/all_pdb_1y/fed_split/client_1/mmcif_files/9x6o.cif
9x6o_D,duplicate_sequence,257,0.0000,0.0000,1.89,data/all_pdb_1y/fed_split/client_1/mmcif_files/9x6o.cif
9xc8_B,duplicate_sequence,220,0.0000,0.0000,1.59,data/all_pdb_1y/fed_split/client_1/mmcif_files/9xc8.cif
9xc8_C,duplicate_sequence,220,0.0000,0.0000,1.59,data/all_pdb_1y/fed_split/client_1/mmcif_files/9xc8.cif
9xvh_B,duplicate_sequence,186,0.0000,0.0000,1.94,data/all_pdb_1y/fed_split/client_1/mmcif_files/9xvh.cif
9xvh_C,duplicate_sequence,186,0.0000,0.0000,1.94,data/all_pdb_1y/fed_split/client_1/mmcif_files/9xvh.cif
9xvh_D,duplicate_sequence,186,0.0000,0.0000,1.94,data/all_pdb_1y/fed_split/client_1/mmcif_files/9xvh.cif
9xwv_B,duplicate_sequence,259,0.0000,0.0000,1.94,data/all_pdb_1y/fed_split/client_1/mmcif_files/9xwv.cif
9yfb_A,duplicate_sequence,285,0.0000,0.0000,1.82,data/all_pdb_1y/fed_split/client_1/mmcif_files/9yfb.cif
9yfi_A,duplicate_sequence,285,0.0000,0.0000,1.8,data/all_pdb_1y/fed_split/client_1/mmcif_files/9yfi.cif
9yfi_B,duplicate_sequence,285,0.0000,0.0000,1.8,data/all_pdb_1y/fed_split/client_1/mmcif_files/9yfi.cif
9yfk_A,duplicate_sequence,285,0.0000,0.0000,1.68,data/all_pdb_1y/fed_split/client_1/mmcif_files/9yfk.cif
9yfk_B,duplicate_sequence,285,0.0000,0.0000,1.68,data/all_pdb_1y/fed_split/client_1/mmcif_files/9yfk.cif
9yg7_B,duplicate_sequence,116,0.0000,0.0000,1.6,data/all_pdb_1y/fed_split/client_1/mmcif_files/9yg7.cif
9yg7_C,duplicate_sequence,116,0.0000,0.0000,1.6,data/all_pdb_1y/fed_split/client_1/mmcif_files/9yg7.cif
9yg7_D,duplicate_sequence,116,0.0000,0.0000,1.6,data/all_pdb_1y/fed_split/client_1/mmcif_files/9yg7.cif
9ygk_A,duplicate_sequence,285,0.0000,0.0000,1.95,data/all_pdb_1y/fed_split/client_1/mmcif_files/9ygk.cif
9ygk_B,duplicate_sequence,285,0.0000,0.0000,1.95,data/all_pdb_1y/fed_split/client_1/mmcif_files/9ygk.cif
9yh9_B,duplicate_sequence,182,0.0000,0.0000,1.65,data/all_pdb_1y/fed_split/client_1/mmcif_files/9yh9.cif
9yn9_A,duplicate_sequence,156,0.0000,0.0000,1.64,data/all_pdb_1y/fed_split/client_1/mmcif_files/9yn9.cif
9yn9_B,duplicate_sequence,156,0.0000,0.0000,1.64,data/all_pdb_1y/fed_split/client_1/mmcif_files/9yn9.cif
9yn9_C,duplicate_sequence,156,0.0000,0.0000,1.64,data/all_pdb_1y/fed_split/client_1/mmcif_files/9yn9.cif
9z1p_A,x_ratio_too_high,35,0.0571,0.0571,1.6,data/all_pdb_1y/fed_split/client_1/mmcif_files/9z1p.cif
9z1p_B,x_ratio_too_high,35,0.0571,0.0571,1.6,data/all_pdb_1y/fed_split/client_1/mmcif_files/9z1p.cif
9z1q_A,x_ratio_too_high,35,0.0857,0.0857,1.8,data/all_pdb_1y/fed_split/client_1/mmcif_files/9z1q.cif
9z1q_B,x_ratio_too_high,35,0.0857,0.0857,1.8,data/all_pdb_1y/fed_split/client_1/mmcif_files/9z1q.cif
9z1r_A,x_ratio_too_high,35,0.0571,0.0571,1.9,data/all_pdb_1y/fed_split/client_1/mmcif_files/9z1r.cif
9z1r_B,x_ratio_too_high,35,0.0571,0.0571,1.9,data/all_pdb_1y/fed_split/client_1/mmcif_files/9z1r.cif
9z1r_C,x_ratio_too_high,35,0.0571,0.0571,1.9,data/all_pdb_1y/fed_split/client_1/mmcif_files/9z1r.cif
9z1r_D,x_ratio_too_high,35,0.0571,0.0571,1.9,data/all_pdb_1y/fed_split/client_1/mmcif_files/9z1r.cif
9z1s_A,x_ratio_too_high,35,0.0571,0.0571,1.75,data/all_pdb_1y/fed_split/client_1/mmcif_files/9z1s.cif
9z1s_B,x_ratio_too_high,35,0.0571,0.0571,1.75,data/all_pdb_1y/fed_split/client_1/mmcif_files/9z1s.cif
9z1t_A,x_ratio_too_high,35,0.0571,0.0571,1.6,data/all_pdb_1y/fed_split/client_1/mmcif_files/9z1t.cif
9z1t_B,x_ratio_too_high,35,0.0571,0.0571,1.6,data/all_pdb_1y/fed_split/client_1/mmcif_files/9z1t.cif
9z1u_A,x_ratio_too_high,35,0.0571,0.0571,1.5,data/all_pdb_1y/fed_split/client_1/mmcif_files/9z1u.cif
9z1u_B,x_ratio_too_high,35,0.0571,0.0571,1.5,data/all_pdb_1y/fed_split/client_1/mmcif_files/9z1u.cif
9z1v_A,x_ratio_too_high,35,0.0857,0.0857,1.65,data/all_pdb_1y/fed_split/client_1/mmcif_files/9z1v.cif
9z1v_B,x_ratio_too_high,35,0.0857,0.0857,1.65,data/all_pdb_1y/fed_split/client_1/mmcif_files/9z1v.cif
9zk0_B,duplicate_sequence,143,0.0000,0.0000,1.4,data/all_pdb_1y/fed_split/client_1/mmcif_files/9zk0.cif
9zk1_A,duplicate_sequence,143,0.0000,0.0000,1.51,data/all_pdb_1y/fed_split/client_1/mmcif_files/9zk1.cif
9zk1_B,duplicate_sequence,143,0.0000,0.0000,1.51,data/all_pdb_1y/fed_split/client_1/mmcif_files/9zk1.cif
9zk1_C,duplicate_sequence,143,0.0000,0.0000,1.51,data/all_pdb_1y/fed_split/client_1/mmcif_files/9zk1.cif
9zk1_D,duplicate_sequence,143,0.0000,0.0000,1.51,data/all_pdb_1y/fed_split/client_1/mmcif_files/9zk1.cif
9zk2_A,duplicate_sequence,143,0.0000,0.0000,1.53,data/all_pdb_1y/fed_split/client_1/mmcif_files/9zk2.cif
9zk2_B,duplicate_sequence,143,0.0000,0.0000,1.53,data/all_pdb_1y/fed_split/client_1/mmcif_files/9zk2.cif
9zk3_A,duplicate_sequence,143,0.0000,0.0000,1.35,data/all_pdb_1y/fed_split/client_1/mmcif_files/9zk3.cif
9zk3_B,duplicate_sequence,143,0.0000,0.0000,1.35,data/all_pdb_1y/fed_split/client_1/mmcif_files/9zk3.cif
9zk4_A,duplicate_sequence,143,0.0000,0.0000,1.3,data/all_pdb_1y/fed_split/client_1/mmcif_files/9zk4.cif
9zk4_B,duplicate_sequence,143,0.0000,0.0000,1.3,data/all_pdb_1y/fed_split/client_1/mmcif_files/9zk4.cif
9zk5_A,duplicate_sequence,143,0.0000,0.0000,1.54,data/all_pdb_1y/fed_split/client_1/mmcif_files/9zk5.cif
9zk6_A,duplicate_sequence,143,0.0000,0.0000,1.7,data/all_pdb_1y/fed_split/client_1/mmcif_files/9zk6.cif
9zk6_B,duplicate_sequence,143,0.0000,0.0000,1.7,data/all_pdb_1y/fed_split/client_1/mmcif_files/9zk6.cif
9zog_B,duplicate_sequence,157,0.0000,0.0000,1.48,data/all_pdb_1y/fed_split/client_1/mmcif_files/9zog.cif
9zog_C,duplicate_sequence,157,0.0000,0.0000,1.48,data/all_pdb_1y/fed_split/client_1/mmcif_files/9zog.cif
9zog_D,duplicate_sequence,157,0.0000,0.0000,1.48,data/all_pdb_1y/fed_split/client_1/mmcif_files/9zog.cif
9zog_E,duplicate_sequence,157,0.0000,0.0000,1.48,data/all_pdb_1y/fed_split/client_1/mmcif_files/9zog.cif
9zog_F,duplicate_sequence,157,0.0000,0.0000,1.48,data/all_pdb_1y/fed_split/client_1/mmcif_files/9zog.cif
