label,reason,length,x_ratio,noncanonical_ratio,resolution,source_file
10mv_A,duplicate_sequence,275,0.0000,0.0000,1.66,data/all_pdb_1y/fed_split/client_3/mmcif_files/10mv.cif
10mw_A,duplicate_sequence,275,0.0000,0.0000,1.62,data/all_pdb_1y/fed_split/client_3/mmcif_files/10mw.cif
10qs_A,duplicate_sequence,275,0.0000,0.0000,1.733,data/all_pdb_1y/fed_split/client_3/mmcif_files/10qs.cif
10xc_A,duplicate_sequence,99,0.0000,0.0000,1.2,data/all_pdb_1y/fed_split/client_3/mmcif_files/10xc.cif
11tv_A,duplicate_sequence,280,0.0000,0.0000,1.65,data/all_pdb_1y/fed_split/client_3/mmcif_files/11tv.cif
11tw_D,duplicate_sequence,280,0.0000,0.0000,1.99,data/all_pdb_1y/fed_split/client_3/mmcif_files/11tw.cif
11tw_A,duplicate_sequence,280,0.0000,0.0000,1.99,data/all_pdb_1y/fed_split/client_3/mmcif_files/11tw.cif
13rz_B,duplicate_sequence,78,0.0000,0.0000,1.66,data/all_pdb_1y/fed_split/client_3/mmcif_files/13rz.cif
13rz_C,duplicate_sequence,78,0.0000,0.0000,1.66,data/all_pdb_1y/fed_split/client_3/mmcif_files/13rz.cif
13rz_D,duplicate_sequence,78,0.0000,0.0000,1.66,data/all_pdb_1y/fed_split/client_3/mmcif_files/13rz.cif
13sa_A,duplicate_sequence,78,0.0000,0.0000,1.569,data/all_pdb_1y/fed_split/client_3/mmcif_files/13sa.cif
13sa_B,duplicate_sequence,78,0.0000,0.0000,1.569,data/all_pdb_1y/fed_split/client_3/mmcif_files/13sa.cif
13sa_C,duplicate_sequence,78,0.0000,0.0000,1.569,data/all_pdb_1y/fed_split/client_3/mmcif_files/13sa.cif
13sa_D,duplicate_sequence,78,0.0000,0.0000,1.569,data/all_pdb_1y/fed_split/client_3/mmcif_files/13sa.cif
13sb_A,duplicate_sequence,78,0.0000,0.0000,1.48,data/all_pdb_1y/fed_split/client_3/mmcif_files/13sb.cif
13sb_B,duplicate_sequence,78,0.0000,0.0000,1.48,data/all_pdb_1y/fed_split/client_3/mmcif_files/13sb.cif
13sb_C,duplicate_sequence,78,0.0000,0.0000,1.48,data/all_pdb_1y/fed_split/client_3/mmcif_files/13sb.cif
13sb_D,duplicate_sequence,78,0.0000,0.0000,1.48,data/all_pdb_1y/fed_split/client_3/mmcif_files/13sb.cif
13sc_A,duplicate_sequence,78,0.0000,0.0000,1.475,data/all_pdb_1y/fed_split/client_3/mmcif_files/13sc.cif
13sc_B,duplicate_sequence,78,0.0000,0.0000,1.475,data/all_pdb_1y/fed_split/client_3/mmcif_files/13sc.cif
13sc_C,duplicate_sequence,78,0.0000,0.0000,1.475,data/all_pdb_1y/fed_split/client_3/mmcif_files/13sc.cif
13sc_D,duplicate_sequence,78,0.0000,0.0000,1.475,data/all_pdb_1y/fed_split/client_3/mmcif_files/13sc.cif
13sd_A,duplicate_sequence,78,0.0000,0.0000,1.52,data/all_pdb_1y/fed_split/client_3/mmcif_files/13sd.cif
13sd_B,duplicate_sequence,78,0.0000,0.0000,1.52,data/all_pdb_1y/fed_split/client_3/mmcif_files/13sd.cif
13sd_C,duplicate_sequence,78,0.0000,0.0000,1.52,data/all_pdb_1y/fed_split/client_3/mmcif_files/13sd.cif
13sd_D,duplicate_sequence,78,0.0000,0.0000,1.52,data/all_pdb_1y/fed_split/client_3/mmcif_files/13sd.cif
13se_A,duplicate_sequence,78,0.0000,0.0000,1.44,data/all_pdb_1y/fed_split/client_3/mmcif_files/13se.cif
13se_B,duplicate_sequence,78,0.0000,0.0000,1.44,data/all_pdb_1y/fed_split/client_3/mmcif_files/13se.cif
13se_C,duplicate_sequence,78,0.0000,0.0000,1.44,data/all_pdb_1y/fed_split/client_3/mmcif_files/13se.cif
13se_D,duplicate_sequence,78,0.0000,0.0000,1.44,data/all_pdb_1y/fed_split/client_3/mmcif_files/13se.cif
13sf_A,duplicate_sequence,78,0.0000,0.0000,1.708,data/all_pdb_1y/fed_split/client_3/mmcif_files/13sf.cif
13sf_B,duplicate_sequence,78,0.0000,0.0000,1.708,data/all_pdb_1y/fed_split/client_3/mmcif_files/13sf.cif
13sf_C,duplicate_sequence,78,0.0000,0.0000,1.708,data/all_pdb_1y/fed_split/client_3/mmcif_files/13sf.cif
13sf_D,duplicate_sequence,78,0.0000,0.0000,1.708,data/all_pdb_1y/fed_split/client_3/mmcif_files/13sf.cif
13sg_A,duplicate_sequence,78,0.0000,0.0000,1.725,data/all_pdb_1y/fed_split/client_3/mmcif_files/13sg.cif
13sg_B,duplicate_sequence,78,0.0000,0.0000,1.725,data/all_pdb_1y/fed_split/client_3/mmcif_files/13sg.cif
13sg_C,duplicate_sequence,78,0.0000,0.0000,1.725,data/all_pdb_1y/fed_split/client_3/mmcif_files/13sg.cif
13sg_D,duplicate_sequence,78,0.0000,0.0000,1.725,data/all_pdb_1y/fed_split/client_3/mmcif_files/13sg.cif
13sh_A,duplicate_sequence,78,0.0000,0.0000,1.6,data/all_pdb_1y/fed_split/client_3/mmcif_files/13sh.cif
13sh_B,duplicate_sequence,78,0.0000,0.0000,1.6,data/all_pdb_1y/fed_split/client_3/mmcif_files/13sh.cif
13sh_C,duplicate_sequence,78,0.0000,0.0000,1.6,data/all_pdb_1y/fed_split/client_3/mmcif_files/13sh.cif
13sh_D,duplicate_sequence,78,0.0000,0.0000,1.6,data/all_pdb_1y/fed_split/client_3/mmcif_files/13sh.cif
13si_A,duplicate_sequence,78,0.0000,0.0000,1.54,data/all_pdb_1y/fed_split/client_3/mmcif_files/13si.cif
13si_B,duplicate_sequence,78,0.0000,0.0000,1.54,data/all_pdb_1y/fed_split/client_3/mmcif_files/13si.cif
13si_C,duplicate_sequence,78,0.0000,0.0000,1.54,data/all_pdb_1y/fed_split/client_3/mmcif_files/13si.cif
13si_D,duplicate_sequence,78,0.0000,0.0000,1.54,data/all_pdb_1y/fed_split/client_3/mmcif_files/13si.cif
13sj_A,duplicate_sequence,78,0.0000,0.0000,1.47,data/all_pdb_1y/fed_split/client_3/mmcif_files/13sj.cif
13sj_B,duplicate_sequence,78,0.0000,0.0000,1.47,data/all_pdb_1y/fed_split/client_3/mmcif_files/13sj.cif
13sj_C,duplicate_sequence,78,0.0000,0.0000,1.47,data/all_pdb_1y/fed_split/client_3/mmcif_files/13sj.cif
13sj_D,duplicate_sequence,78,0.0000,0.0000,1.47,data/all_pdb_1y/fed_split/client_3/mmcif_files/13sj.cif
13sk_A,duplicate_sequence,78,0.0000,0.0000,1.536,data/all_pdb_1y/fed_split/client_3/mmcif_files/13sk.cif
13sk_B,duplicate_sequence,78,0.0000,0.0000,1.536,data/all_pdb_1y/fed_split/client_3/mmcif_files/13sk.cif
13sk_C,duplicate_sequence,78,0.0000,0.0000,1.536,data/all_pdb_1y/fed_split/client_3/mmcif_files/13sk.cif
13sk_D,duplicate_sequence,78,0.0000,0.0000,1.536,data/all_pdb_1y/fed_split/client_3/mmcif_files/13sk.cif
13sl_A,duplicate_sequence,78,0.0000,0.0000,1.339,data/all_pdb_1y/fed_split/client_3/mmcif_files/13sl.cif
13sl_B,duplicate_sequence,78,0.0000,0.0000,1.339,data/all_pdb_1y/fed_split/client_3/mmcif_files/13sl.cif
13sl_C,duplicate_sequence,78,0.0000,0.0000,1.339,data/all_pdb_1y/fed_split/client_3/mmcif_files/13sl.cif
13sl_D,duplicate_sequence,78,0.0000,0.0000,1.339,data/all_pdb_1y/fed_split/client_3/mmcif_files/13sl.cif
13sm_A,duplicate_sequence,78,0.0000,0.0000,1.4,data/all_pdb_1y/fed_split/client_3/mmcif_files/13sm.cif
13sm_B,duplicate_sequence,78,0.0000,0.0000,1.4,data/all_pdb_1y/fed_split/client_3/mmcif_files/13sm.cif
13sm_C,duplicate_sequence,78,0.0000,0.0000,1.4,data/all_pdb_1y/fed_split/client_3/mmcif_files/13sm.cif
13sm_D,duplicate_sequence,78,0.0000,0.0000,1.4,data/all_pdb_1y/fed_split/client_3/mmcif_files/13sm.cif
13sn_A,duplicate_sequence,78,0.0000,0.0000,1.44,data/all_pdb_1y/fed_split/client_3/mmcif_files/13sn.cif
13sn_B,duplicate_sequence,78,0.0000,0.0000,1.44,data/all_pdb_1y/fed_split/client_3/mmcif_files/13sn.cif
13sn_C,duplicate_sequence,78,0.0000,0.0000,1.44,data/all_pdb_1y/fed_split/client_3/mmcif_files/13sn.cif
13sn_D,duplicate_sequence,78,0.0000,0.0000,1.44,data/all_pdb_1y/fed_split/client_3/mmcif_files/13sn.cif
13so_A,duplicate_sequence,78,0.0000,0.0000,1.615,data/all_pdb_1y/fed_split/client_3/mmcif_files/13so.cif
13so_B,duplicate_sequence,78,0.0000,0.0000,1.615,data/all_pdb_1y/fed_split/client_3/mmcif_files/13so.cif
13so_C,duplicate_sequence,78,0.0000,0.0000,1.615,data/all_pdb_1y/fed_split/client_3/mmcif_files/13so.cif
13so_D,duplicate_sequence,78,0.0000,0.0000,1.615,data/all_pdb_1y/fed_split/client_3/mmcif_files/13so.cif
13sp_A,duplicate_sequence,78,0.0000,0.0000,1.69,data/all_pdb_1y/fed_split/client_3/mmcif_files/13sp.cif
13sp_B,duplicate_sequence,78,0.0000,0.0000,1.69,data/all_pdb_1y/fed_split/client_3/mmcif_files/13sp.cif
13sp_C,duplicate_sequence,78,0.0000,0.0000,1.69,data/all_pdb_1y/fed_split/client_3/mmcif_files/13sp.cif
13sp_D,duplicate_sequence,78,0.0000,0.0000,1.69,data/all_pdb_1y/fed_split/client_3/mmcif_files/13sp.cif
13sq_A,duplicate_sequence,78,0.0000,0.0000,1.301,data/all_pdb_1y/fed_split/client_3/mmcif_files/13sq.cif
13sq_B,duplicate_sequence,78,0.0000,0.0000,1.301,data/all_pdb_1y/fed_split/client_3/mmcif_files/13sq.cif
13sq_C,duplicate_sequence,78,0.0000,0.0000,1.301,data/all_pdb_1y/fed_split/client_3/mmcif_files/13sq.cif
13sq_D,duplicate_sequence,78,0.0000,0.0000,1.301,data/all_pdb_1y/fed_split/client_3/mmcif_files/13sq.cif
13sr_A,duplicate_sequence,78,0.0000,0.0000,1.65,data/all_pdb_1y/fed_split/client_3/mmcif_files/13sr.cif
13sr_B,duplicate_sequence,78,0.0000,0.0000,1.65,data/all_pdb_1y/fed_split/client_3/mmcif_files/13sr.cif
13sr_C,duplicate_sequence,78,0.0000,0.0000,1.65,data/all_pdb_1y/fed_split/client_3/mmcif_files/13sr.cif
13sr_D,duplicate_sequence,78,0.0000,0.0000,1.65,data/all_pdb_1y/fed_split/client_3/mmcif_files/13sr.cif
13ss_A,duplicate_sequence,78,0.0000,0.0000,1.689,data/all_pdb_1y/fed_split/client_3/mmcif_files/13ss.cif
13ss_B,duplicate_sequence,78,0.0000,0.0000,1.689,data/all_pdb_1y/fed_split/client_3/mmcif_files/13ss.cif
13ss_C,duplicate_sequence,78,0.0000,0.0000,1.689,data/all_pdb_1y/fed_split/client_3/mmcif_files/13ss.cif
13ss_D,duplicate_sequence,78,0.0000,0.0000,1.689,data/all_pdb_1y/fed_split/client_3/mmcif_files/13ss.cif
13st_A,duplicate_sequence,78,0.0000,0.0000,1.37,data/all_pdb_1y/fed_split/client_3/mmcif_files/13st.cif
13st_B,duplicate_sequence,78,0.0000,0.0000,1.37,data/all_pdb_1y/fed_split/client_3/mmcif_files/13st.cif
13st_C,duplicate_sequence,78,0.0000,0.0000,1.37,data/all_pdb_1y/fed_split/client_3/mmcif_files/13st.cif
13st_D,duplicate_sequence,78,0.0000,0.0000,1.37,data/all_pdb_1y/fed_split/client_3/mmcif_files/13st.cif
13su_A,duplicate_sequence,78,0.0000,0.0000,1.502,data/all_pdb_1y/fed_split/client_3/mmcif_files/13su.cif
13su_B,duplicate_sequence,78,0.0000,0.0000,1.502,data/all_pdb_1y/fed_split/client_3/mmcif_files/13su.cif
13su_C,duplicate_sequence,78,0.0000,0.0000,1.502,data/all_pdb_1y/fed_split/client_3/mmcif_files/13su.cif
13su_D,duplicate_sequence,78,0.0000,0.0000,1.502,data/all_pdb_1y/fed_split/client_3/mmcif_files/13su.cif
13sv_A,duplicate_sequence,78,0.0000,0.0000,1.68,data/all_pdb_1y/fed_split/client_3/mmcif_files/13sv.cif
13sv_B,duplicate_sequence,78,0.0000,0.0000,1.68,data/all_pdb_1y/fed_split/client_3/mmcif_files/13sv.cif
13sv_C,duplicate_sequence,78,0.0000,0.0000,1.68,data/all_pdb_1y/fed_split/client_3/mmcif_files/13sv.cif
13sv_D,duplicate_sequence,78,0.0000,0.0000,1.68,data/all_pdb_1y/fed_split/client_3/mmcif_files/13sv.cif
13sw_A,duplicate_sequence,78,0.0000,0.0000,1.371,data/all_pdb_1y/fed_split/client_3/mmcif_files/13sw.cif
13sw_B,duplicate_sequence,78,0.0000,0.0000,1.371,data/all_pdb_1y/fed_split/client_3/mmcif_files/13sw.cif
13sw_C,duplicate_sequence,78,0.0000,0.0000,1.371,data/all_pdb_1y/fed_split/client_3/mmcif_files/13sw.cif
13sw_D,duplicate_sequence,78,0.0000,0.0000,1.371,data/all_pdb_1y/fed_split/client_3/mmcif_files/13sw.cif
13sx_A,duplicate_sequence,78,0.0000,0.0000,1.36,data/all_pdb_1y/fed_split/client_3/mmcif_files/13sx.cif
13sx_B,duplicate_sequence,78,0.0000,0.0000,1.36,data/all_pdb_1y/fed_split/client_3/mmcif_files/13sx.cif
13sx_C,duplicate_sequence,78,0.0000,0.0000,1.36,data/all_pdb_1y/fed_split/client_3/mmcif_files/13sx.cif
13sx_D,duplicate_sequence,78,0.0000,0.0000,1.36,data/all_pdb_1y/fed_split/client_3/mmcif_files/13sx.cif
13sy_A,duplicate_sequence,78,0.0000,0.0000,1.291,data/all_pdb_1y/fed_split/client_3/mmcif_files/13sy.cif
13sy_B,duplicate_sequence,78,0.0000,0.0000,1.291,data/all_pdb_1y/fed_split/client_3/mmcif_files/13sy.cif
13sy_C,duplicate_sequence,78,0.0000,0.0000,1.291,data/all_pdb_1y/fed_split/client_3/mmcif_files/13sy.cif
13sy_D,duplicate_sequence,78,0.0000,0.0000,1.291,data/all_pdb_1y/fed_split/client_3/mmcif_files/13sy.cif
13sz_A,duplicate_sequence,78,0.0000,0.0000,1.49,data/all_pdb_1y/fed_split/client_3/mmcif_files/13sz.cif
13sz_B,duplicate_sequence,78,0.0000,0.0000,1.49,data/all_pdb_1y/fed_split/client_3/mmcif_files/13sz.cif
13sz_C,duplicate_sequence,78,0.0000,0.0000,1.49,data/all_pdb_1y/fed_split/client_3/mmcif_files/13sz.cif
13sz_D,duplicate_sequence,78,0.0000,0.0000,1.49,data/all_pdb_1y/fed_split/client_3/mmcif_files/13sz.cif
13ta_A,duplicate_sequence,78,0.0000,0.0000,1.509,data/all_pdb_1y/fed_split/client_3/mmcif_files/13ta.cif
13ta_B,duplicate_sequence,78,0.0000,0.0000,1.509,data/all_pdb_1y/fed_split/client_3/mmcif_files/13ta.cif
13ta_C,duplicate_sequence,78,0.0000,0.0000,1.509,data/all_pdb_1y/fed_split/client_3/mmcif_files/13ta.cif
13ta_D,duplicate_sequence,78,0.0000,0.0000,1.509,data/all_pdb_1y/fed_split/client_3/mmcif_files/13ta.cif
13tb_A,duplicate_sequence,78,0.0000,0.0000,1.55,data/all_pdb_1y/fed_split/client_3/mmcif_files/13tb.cif
13tb_B,duplicate_sequence,78,0.0000,0.0000,1.55,data/all_pdb_1y/fed_split/client_3/mmcif_files/13tb.cif
13tb_C,duplicate_sequence,78,0.0000,0.0000,1.55,data/all_pdb_1y/fed_split/client_3/mmcif_files/13tb.cif
13tb_D,duplicate_sequence,78,0.0000,0.0000,1.55,data/all_pdb_1y/fed_split/client_3/mmcif_files/13tb.cif
21dg_A,duplicate_sequence,244,0.0000,0.0000,1.38,data/all_pdb_1y/fed_split/client_3/mmcif_files/21dg.cif
21kv_B,duplicate_sequence,182,0.0000,0.0000,2.0,data/all_pdb_1y/fed_split/client_3/mmcif_files/21kv.cif
21kw_A,duplicate_sequence,182,0.0000,0.0000,2.0,data/all_pdb_1y/fed_split/client_3/mmcif_files/21kw.cif
21le_A,duplicate_sequence,182,0.0000,0.0000,2.0,data/all_pdb_1y/fed_split/client_3/mmcif_files/21le.cif
21lp_A,duplicate_sequence,174,0.0000,0.0000,1.57,data/all_pdb_1y/fed_split/client_3/mmcif_files/21lp.cif
22rb_C,duplicate_sequence,262,0.0000,0.0000,1.75,data/all_pdb_1y/fed_split/client_3/mmcif_files/22rb.cif
22wm_B,duplicate_sequence,262,0.0000,0.0000,1.91,data/all_pdb_1y/fed_split/client_3/mmcif_files/22wm.cif
22wm_C,duplicate_sequence,262,0.0000,0.0000,1.91,data/all_pdb_1y/fed_split/client_3/mmcif_files/22wm.cif
24uu_B,duplicate_sequence,287,0.0000,0.0000,1.97,data/all_pdb_1y/fed_split/client_3/mmcif_files/24uu.cif
27aa_B,duplicate_sequence,166,0.0000,0.0000,1.834,data/all_pdb_1y/fed_split/client_3/mmcif_files/27aa.cif
27aa_C,duplicate_sequence,166,0.0000,0.0000,1.834,data/all_pdb_1y/fed_split/client_3/mmcif_files/27aa.cif
27aa_D,duplicate_sequence,166,0.0000,0.0000,1.834,data/all_pdb_1y/fed_split/client_3/mmcif_files/27aa.cif
27ah_B,duplicate_sequence,82,0.0000,0.0000,1.4,data/all_pdb_1y/fed_split/client_3/mmcif_files/27ah.cif
28kc_A,duplicate_sequence,182,0.0000,0.0000,1.94,data/all_pdb_1y/fed_split/client_3/mmcif_files/28kc.cif
28lz_A,duplicate_sequence,182,0.0000,0.0000,1.94,data/all_pdb_1y/fed_split/client_3/mmcif_files/28lz.cif
29hm_B,duplicate_sequence,183,0.0000,0.0000,1.801,data/all_pdb_1y/fed_split/client_3/mmcif_files/29hm.cif
7hqq_B,duplicate_sequence,295,0.0000,0.0000,1.99,data/all_pdb_1y/fed_split/client_3/mmcif_files/7hqq.cif
7hqr_A,duplicate_sequence,295,0.0000,0.0000,1.77,data/all_pdb_1y/fed_split/client_3/mmcif_files/7hqr.cif
7hqr_B,duplicate_sequence,295,0.0000,0.0000,1.77,data/all_pdb_1y/fed_split/client_3/mmcif_files/7hqr.cif
7hqs_A,duplicate_sequence,295,0.0000,0.0000,1.617,data/all_pdb_1y/fed_split/client_3/mmcif_files/7hqs.cif
7hqs_B,duplicate_sequence,295,0.0000,0.0000,1.617,data/all_pdb_1y/fed_split/client_3/mmcif_files/7hqs.cif
7hqt_A,duplicate_sequence,295,0.0000,0.0000,1.582,data/all_pdb_1y/fed_split/client_3/mmcif_files/7hqt.cif
7hqt_B,duplicate_sequence,295,0.0000,0.0000,1.582,data/all_pdb_1y/fed_split/client_3/mmcif_files/7hqt.cif
7hqu_A,duplicate_sequence,295,0.0000,0.0000,1.741,data/all_pdb_1y/fed_split/client_3/mmcif_files/7hqu.cif
7hqu_B,duplicate_sequence,295,0.0000,0.0000,1.741,data/all_pdb_1y/fed_split/client_3/mmcif_files/7hqu.cif
7hqv_A,duplicate_sequence,295,0.0000,0.0000,1.653,data/all_pdb_1y/fed_split/client_3/mmcif_files/7hqv.cif
7hqv_B,duplicate_sequence,295,0.0000,0.0000,1.653,data/all_pdb_1y/fed_split/client_3/mmcif_files/7hqv.cif
7hqw_A,duplicate_sequence,295,0.0000,0.0000,1.481,data/all_pdb_1y/fed_split/client_3/mmcif_files/7hqw.cif
7hqw_B,duplicate_sequence,295,0.0000,0.0000,1.481,data/all_pdb_1y/fed_split/client_3/mmcif_files/7hqw.cif
7hqx_A,duplicate_sequence,295,0.0000,0.0000,1.655,data/all_pdb_1y/fed_split/client_3/mmcif_files/7hqx.cif
7hqx_B,duplicate_sequence,295,0.0000,0.0000,1.655,data/all_pdb_1y/fed_split/client_3/mmcif_files/7hqx.cif
7hqy_A,duplicate_sequence,295,0.0000,0.0000,1.677,data/all_pdb_1y/fed_split/client_3/mmcif_files/7hqy.cif
7hqy_B,duplicate_sequence,295,0.0000,0.0000,1.677,data/all_pdb_1y/fed_split/client_3/mmcif_files/7hqy.cif
7hqz_A,duplicate_sequence,295,0.0000,0.0000,1.917,data/all_pdb_1y/fed_split/client_3/mmcif_files/7hqz.cif
7hqz_B,duplicate_sequence,295,0.0000,0.0000,1.917,data/all_pdb_1y/fed_split/client_3/mmcif_files/7hqz.cif
7hr0_A,duplicate_sequence,295,0.0000,0.0000,1.49,data/all_pdb_1y/fed_split/client_3/mmcif_files/7hr0.cif
7hr0_B,duplicate_sequence,295,0.0000,0.0000,1.49,data/all_pdb_1y/fed_split/client_3/mmcif_files/7hr0.cif
7hr1_A,duplicate_sequence,295,0.0000,0.0000,1.649,data/all_pdb_1y/fed_split/client_3/mmcif_files/7hr1.cif
7hr1_B,duplicate_sequence,295,0.0000,0.0000,1.649,data/all_pdb_1y/fed_split/client_3/mmcif_files/7hr1.cif
7hr2_A,duplicate_sequence,295,0.0000,0.0000,1.828,data/all_pdb_1y/fed_split/client_3/mmcif_files/7hr2.cif
7hr2_B,duplicate_sequence,295,0.0000,0.0000,1.828,data/all_pdb_1y/fed_split/client_3/mmcif_files/7hr2.cif
7hr5_A,duplicate_sequence,295,0.0000,0.0000,1.751,data/all_pdb_1y/fed_split/client_3/mmcif_files/7hr5.cif
7hr5_B,duplicate_sequence,295,0.0000,0.0000,1.751,data/all_pdb_1y/fed_split/client_3/mmcif_files/7hr5.cif
7hr7_A,duplicate_sequence,295,0.0000,0.0000,1.71,data/all_pdb_1y/fed_split/client_3/mmcif_files/7hr7.cif
7hr7_B,duplicate_sequence,295,0.0000,0.0000,1.71,data/all_pdb_1y/fed_split/client_3/mmcif_files/7hr7.cif
7hr9_A,duplicate_sequence,295,0.0000,0.0000,1.67,data/all_pdb_1y/fed_split/client_3/mmcif_files/7hr9.cif
7hr9_B,duplicate_sequence,295,0.0000,0.0000,1.67,data/all_pdb_1y/fed_split/client_3/mmcif_files/7hr9.cif
7hra_A,duplicate_sequence,295,0.0000,0.0000,1.85,data/all_pdb_1y/fed_split/client_3/mmcif_files/7hra.cif
7hra_B,duplicate_sequence,295,0.0000,0.0000,1.85,data/all_pdb_1y/fed_split/client_3/mmcif_files/7hra.cif
7hrb_A,duplicate_sequence,295,0.0000,0.0000,1.84,data/all_pdb_1y/fed_split/client_3/mmcif_files/7hrb.cif
7hrb_B,duplicate_sequence,295,0.0000,0.0000,1.84,data/all_pdb_1y/fed_split/client_3/mmcif_files/7hrb.cif
7hrc_A,duplicate_sequence,295,0.0000,0.0000,1.87,data/all_pdb_1y/fed_split/client_3/mmcif_files/7hrc.cif
7hrc_B,duplicate_sequence,295,0.0000,0.0000,1.87,data/all_pdb_1y/fed_split/client_3/mmcif_files/7hrc.cif
7hrd_A,duplicate_sequence,295,0.0000,0.0000,1.66,data/all_pdb_1y/fed_split/client_3/mmcif_files/7hrd.cif
7hrd_B,duplicate_sequence,295,0.0000,0.0000,1.66,data/all_pdb_1y/fed_split/client_3/mmcif_files/7hrd.cif
7hrf_A,duplicate_sequence,295,0.0000,0.0000,1.85,data/all_pdb_1y/fed_split/client_3/mmcif_files/7hrf.cif
7hrf_B,duplicate_sequence,295,0.0000,0.0000,1.85,data/all_pdb_1y/fed_split/client_3/mmcif_files/7hrf.cif
7hrg_A,duplicate_sequence,295,0.0000,0.0000,1.92,data/all_pdb_1y/fed_split/client_3/mmcif_files/7hrg.cif
7hrg_B,duplicate_sequence,295,0.0000,0.0000,1.92,data/all_pdb_1y/fed_split/client_3/mmcif_files/7hrg.cif
7hrh_A,duplicate_sequence,295,0.0000,0.0000,1.919,data/all_pdb_1y/fed_split/client_3/mmcif_files/7hrh.cif
7hrh_B,duplicate_sequence,295,0.0000,0.0000,1.919,data/all_pdb_1y/fed_split/client_3/mmcif_files/7hrh.cif
7hri_A,duplicate_sequence,295,0.0000,0.0000,1.694,data/all_pdb_1y/fed_split/client_3/mmcif_files/7hri.cif
7hri_B,duplicate_sequence,295,0.0000,0.0000,1.694,data/all_pdb_1y/fed_split/client_3/mmcif_files/7hri.cif
7hrj_A,duplicate_sequence,295,0.0000,0.0000,1.959,data/all_pdb_1y/fed_split/client_3/mmcif_files/7hrj.cif
7hrj_B,duplicate_sequence,295,0.0000,0.0000,1.959,data/all_pdb_1y/fed_split/client_3/mmcif_files/7hrj.cif
7hrk_A,duplicate_sequence,295,0.0000,0.0000,1.747,data/all_pdb_1y/fed_split/client_3/mmcif_files/7hrk.cif
7hrk_B,duplicate_sequence,295,0.0000,0.0000,1.747,data/all_pdb_1y/fed_split/client_3/mmcif_files/7hrk.cif
7hrl_A,duplicate_sequence,295,0.0000,0.0000,1.91,data/all_pdb_1y/fed_split/client_3/mmcif_files/7hrl.cif
7hrl_B,duplicate_sequence,295,0.0000,0.0000,1.91,data/all_pdb_1y/fed_split/client_3/mmcif_files/7hrl.cif
7hrm_A,duplicate_sequence,295,0.0000,0.0000,1.829,data/all_pdb_1y/fed_split/client_3/mmcif_files/7hrm.cif
7hrm_B,duplicate_sequence,295,0.0000,0.0000,1.829,data/all_pdb_1y/fed_split/client_3/mmcif_files/7hrm.cif
7hrn_A,duplicate_sequence,295,0.0000,0.0000,1.657,data/all_pdb_1y/fed_split/client_3/mmcif_files/7hrn.cif
7hrn_B,duplicate_sequence,295,0.0000,0.0000,1.657,data/all_pdb_1y/fed_split/client_3/mmcif_files/7hrn.cif
7hro_A,duplicate_sequence,295,0.0000,0.0000,1.99,data/all_pdb_1y/fed_split/client_3/mmcif_files/7hro.cif
7hro_B,duplicate_sequence,295,0.0000,0.0000,1.99,data/all_pdb_1y/fed_split/client_3/mmcif_files/7hro.cif
7hrq_A,duplicate_sequence,295,0.0000,0.0000,1.911,data/all_pdb_1y/fed_split/client_3/mmcif_files/7hrq.cif
7hrq_B,duplicate_sequence,295,0.0000,0.0000,1.911,data/all_pdb_1y/fed_split/client_3/mmcif_files/7hrq.cif
7hrr_A,duplicate_sequence,295,0.0000,0.0000,1.92,data/all_pdb_1y/fed_split/client_3/mmcif_files/7hrr.cif
7hrr_B,duplicate_sequence,295,0.0000,0.0000,1.92,data/all_pdb_1y/fed_split/client_3/mmcif_files/7hrr.cif
7hrs_A,duplicate_sequence,295,0.0000,0.0000,1.77,data/all_pdb_1y/fed_split/client_3/mmcif_files/7hrs.cif
7hrs_B,duplicate_sequence,295,0.0000,0.0000,1.77,data/all_pdb_1y/fed_split/client_3/mmcif_files/7hrs.cif
7hrt_A,duplicate_sequence,295,0.0000,0.0000,1.599,data/all_pdb_1y/fed_split/client_3/mmcif_files/7hrt.cif
7hrt_B,duplicate_sequence,295,0.0000,0.0000,1.599,data/all_pdb_1y/fed_split/client_3/mmcif_files/7hrt.cif
7hru_A,duplicate_sequence,295,0.0000,0.0000,1.792,data/all_pdb_1y/fed_split/client_3/mmcif_files/7hru.cif
7hru_B,duplicate_sequence,295,0.0000,0.0000,1.792,data/all_pdb_1y/fed_split/client_3/mmcif_files/7hru.cif
7hrv_A,duplicate_sequence,295,0.0000,0.0000,1.491,data/all_pdb_1y/fed_split/client_3/mmcif_files/7hrv.cif
7hrv_B,duplicate_sequence,295,0.0000,0.0000,1.491,data/all_pdb_1y/fed_split/client_3/mmcif_files/7hrv.cif
7hrw_A,duplicate_sequence,295,0.0000,0.0000,1.52,data/all_pdb_1y/fed_split/client_3/mmcif_files/7hrw.cif
7hrw_B,duplicate_sequence,295,0.0000,0.0000,1.52,data/all_pdb_1y/fed_split/client_3/mmcif_files/7hrw.cif
7hrx_A,duplicate_sequence,295,0.0000,0.0000,1.69,data/all_pdb_1y/fed_split/client_3/mmcif_files/7hrx.cif
7hrx_B,duplicate_sequence,295,0.0000,0.0000,1.69,data/all_pdb_1y/fed_split/client_3/mmcif_files/7hrx.cif
7hrz_A,duplicate_sequence,295,0.0000,0.0000,1.858,data/all_pdb_1y/fed_split/client_3/mmcif_files/7hrz.cif
7hrz_B,duplicate_sequence,295,0.0000,0.0000,1.858,data/all_pdb_1y/fed_split/client_3/mmcif_files/7hrz.cif
7hs0_A,duplicate_sequence,295,0.0000,0.0000,1.98,data/all_pdb_1y/fed_split/client_3/mmcif_files/7hs0.cif
7hs0_B,duplicate_sequence,295,0.0000,0.0000,1.98,data/all_pdb_1y/fed_split/client_3/mmcif_files/7hs0.cif
7hs2_A,duplicate_sequence,295,0.0000,0.0000,1.58,data/all_pdb_1y/fed_split/client_3/mmcif_files/7hs2.cif
7hs2_B,duplicate_sequence,295,0.0000,0.0000,1.58,data/all_pdb_1y/fed_split/client_3/mmcif_files/7hs2.cif
7hs3_A,duplicate_sequence,295,0.0000,0.0000,1.829,data/all_pdb_1y/fed_split/client_3/mmcif_files/7hs3.cif
7hs3_B,duplicate_sequence,295,0.0000,0.0000,1.829,data/all_pdb_1y/fed_split/client_3/mmcif_files/7hs3.cif
7hs4_A,duplicate_sequence,295,0.0000,0.0000,1.95,data/all_pdb_1y/fed_split/client_3/mmcif_files/7hs4.cif
7hs4_B,duplicate_sequence,295,0.0000,0.0000,1.95,data/all_pdb_1y/fed_split/client_3/mmcif_files/7hs4.cif
7hs5_A,duplicate_sequence,295,0.0000,0.0000,1.81,data/all_pdb_1y/fed_split/client_3/mmcif_files/7hs5.cif
7hs5_B,duplicate_sequence,295,0.0000,0.0000,1.81,data/all_pdb_1y/fed_split/client_3/mmcif_files/7hs5.cif
7hs9_A,duplicate_sequence,295,0.0000,0.0000,1.72,data/all_pdb_1y/fed_split/client_3/mmcif_files/7hs9.cif
7hs9_B,duplicate_sequence,295,0.0000,0.0000,1.72,data/all_pdb_1y/fed_split/client_3/mmcif_files/7hs9.cif
7hsa_A,duplicate_sequence,295,0.0000,0.0000,1.776,data/all_pdb_1y/fed_split/client_3/mmcif_files/7hsa.cif
7hsa_B,duplicate_sequence,295,0.0000,0.0000,1.776,data/all_pdb_1y/fed_split/client_3/mmcif_files/7hsa.cif
7hsb_A,duplicate_sequence,295,0.0000,0.0000,1.722,data/all_pdb_1y/fed_split/client_3/mmcif_files/7hsb.cif
7hsb_B,duplicate_sequence,295,0.0000,0.0000,1.722,data/all_pdb_1y/fed_split/client_3/mmcif_files/7hsb.cif
7hsd_A,duplicate_sequence,295,0.0000,0.0000,1.996,data/all_pdb_1y/fed_split/client_3/mmcif_files/7hsd.cif
7hsd_B,duplicate_sequence,295,0.0000,0.0000,1.996,data/all_pdb_1y/fed_split/client_3/mmcif_files/7hsd.cif
7hse_A,duplicate_sequence,295,0.0000,0.0000,1.881,data/all_pdb_1y/fed_split/client_3/mmcif_files/7hse.cif
7hse_B,duplicate_sequence,295,0.0000,0.0000,1.881,data/all_pdb_1y/fed_split/client_3/mmcif_files/7hse.cif
7hsg_A,duplicate_sequence,295,0.0000,0.0000,1.891,data/all_pdb_1y/fed_split/client_3/mmcif_files/7hsg.cif
7hsg_B,duplicate_sequence,295,0.0000,0.0000,1.891,data/all_pdb_1y/fed_split/client_3/mmcif_files/7hsg.cif
7hsh_A,duplicate_sequence,295,0.0000,0.0000,1.97,data/all_pdb_1y/fed_split/client_3/mmcif_files/7hsh.cif
7hsh_B,duplicate_sequence,295,0.0000,0.0000,1.97,data/all_pdb_1y/fed_split/client_3/mmcif_files/7hsh.cif
7hsi_A,duplicate_sequence,295,0.0000,0.0000,1.89,data/all_pdb_1y/fed_split/client_3/mmcif_files/7hsi.cif
7hsi_B,duplicate_sequence,295,0.0000,0.0000,1.89,data/all_pdb_1y/fed_split/client_3/mmcif_files/7hsi.cif
7hsj_A,duplicate_sequence,295,0.0000,0.0000,1.87,data/all_pdb_1y/fed_split/client_3/mmcif_files/7hsj.cif
7hsj_B,duplicate_sequence,295,0.0000,0.0000,1.87,data/all_pdb_1y/fed_split/client_3/mmcif_files/7hsj.cif
7hsk_A,duplicate_sequence,295,0.0000,0.0000,1.79,data/all_pdb_1y/fed_split/client_3/mmcif_files/7hsk.cif
7hsk_B,duplicate_sequence,295,0.0000,0.0000,1.79,data/all_pdb_1y/fed_split/client_3/mmcif_files/7hsk.cif
7hsl_A,duplicate_sequence,295,0.0000,0.0000,1.629,data/all_pdb_1y/fed_split/client_3/mmcif_files/7hsl.cif
7hsl_B,duplicate_sequence,295,0.0000,0.0000,1.629,data/all_pdb_1y/fed_split/client_3/mmcif_files/7hsl.cif
7hsp_A,duplicate_sequence,295,0.0000,0.0000,1.75,data/all_pdb_1y/fed_split/client_3/mmcif_files/7hsp.cif
7hsp_B,duplicate_sequence,295,0.0000,0.0000,1.75,data/all_pdb_1y/fed_split/client_3/mmcif_files/7hsp.cif
7hsq_A,duplicate_sequence,295,0.0000,0.0000,1.85,data/all_pdb_1y/fed_split/client_3/mmcif_files/7hsq.cif
7hsq_B,duplicate_sequence,295,0.0000,0.0000,1.85,data/all_pdb_1y/fed_split/client_3/mmcif_files/7hsq.cif
7hsr_A,duplicate_sequence,295,0.0000,0.0000,1.989,data/all_pdb_1y/fed_split/client_3/mmcif_files/7hsr.cif
7hsr_B,duplicate_sequence,295,0.0000,0.0000,1.989,data/all_pdb_1y/fed_split/client_3/mmcif_files/7hsr.cif
7hss_A,duplicate_sequence,295,0.0000,0.0000,1.947,data/all_pdb_1y/fed_split/client_3/mmcif_files/7hss.cif
7hss_B,duplicate_sequence,295,0.0000,0.0000,1.947,data/all_pdb_1y/fed_split/client_3/mmcif_files/7hss.cif
7hsu_A,duplicate_sequence,295,0.0000,0.0000,1.66,data/all_pdb_1y/fed_split/client_3/mmcif_files/7hsu.cif
7hsu_B,duplicate_sequence,295,0.0000,0.0000,1.66,data/all_pdb_1y/fed_split/client_3/mmcif_files/7hsu.cif
7hsx_A,duplicate_sequence,295,0.0000,0.0000,1.639,data/all_pdb_1y/fed_split/client_3/mmcif_files/7hsx.cif
7hsx_B,duplicate_sequence,295,0.0000,0.0000,1.639,data/all_pdb_1y/fed_split/client_3/mmcif_files/7hsx.cif
7hsy_A,duplicate_sequence,295,0.0000,0.0000,1.88,data/all_pdb_1y/fed_split/client_3/mmcif_files/7hsy.cif
7hsy_B,duplicate_sequence,295,0.0000,0.0000,1.88,data/all_pdb_1y/fed_split/client_3/mmcif_files/7hsy.cif
7hsz_A,duplicate_sequence,295,0.0000,0.0000,1.741,data/all_pdb_1y/fed_split/client_3/mmcif_files/7hsz.cif
7hsz_B,duplicate_sequence,295,0.0000,0.0000,1.741,data/all_pdb_1y/fed_split/client_3/mmcif_files/7hsz.cif
7ht1_A,duplicate_sequence,295,0.0000,0.0000,1.73,data/all_pdb_1y/fed_split/client_3/mmcif_files/7ht1.cif
7ht1_B,duplicate_sequence,295,0.0000,0.0000,1.73,data/all_pdb_1y/fed_split/client_3/mmcif_files/7ht1.cif
7ht2_A,duplicate_sequence,295,0.0000,0.0000,1.598,data/all_pdb_1y/fed_split/client_3/mmcif_files/7ht2.cif
7ht2_B,duplicate_sequence,295,0.0000,0.0000,1.598,data/all_pdb_1y/fed_split/client_3/mmcif_files/7ht2.cif
7ht3_A,duplicate_sequence,295,0.0000,0.0000,1.89,data/all_pdb_1y/fed_split/client_3/mmcif_files/7ht3.cif
7ht3_B,duplicate_sequence,295,0.0000,0.0000,1.89,data/all_pdb_1y/fed_split/client_3/mmcif_files/7ht3.cif
7ht4_A,duplicate_sequence,295,0.0000,0.0000,1.763,data/all_pdb_1y/fed_split/client_3/mmcif_files/7ht4.cif
7ht4_B,duplicate_sequence,295,0.0000,0.0000,1.763,data/all_pdb_1y/fed_split/client_3/mmcif_files/7ht4.cif
7ht5_A,duplicate_sequence,295,0.0000,0.0000,1.828,data/all_pdb_1y/fed_split/client_3/mmcif_files/7ht5.cif
7ht5_B,duplicate_sequence,295,0.0000,0.0000,1.828,data/all_pdb_1y/fed_split/client_3/mmcif_files/7ht5.cif
7ht7_A,duplicate_sequence,295,0.0000,0.0000,1.88,data/all_pdb_1y/fed_split/client_3/mmcif_files/7ht7.cif
7ht7_B,duplicate_sequence,295,0.0000,0.0000,1.88,data/all_pdb_1y/fed_split/client_3/mmcif_files/7ht7.cif
7ht8_A,duplicate_sequence,295,0.0000,0.0000,1.72,data/all_pdb_1y/fed_split/client_3/mmcif_files/7ht8.cif
7ht8_B,duplicate_sequence,295,0.0000,0.0000,1.72,data/all_pdb_1y/fed_split/client_3/mmcif_files/7ht8.cif
7ht9_A,duplicate_sequence,295,0.0000,0.0000,1.879,data/all_pdb_1y/fed_split/client_3/mmcif_files/7ht9.cif
7ht9_B,duplicate_sequence,295,0.0000,0.0000,1.879,data/all_pdb_1y/fed_split/client_3/mmcif_files/7ht9.cif
7hta_A,duplicate_sequence,295,0.0000,0.0000,1.688,data/all_pdb_1y/fed_split/client_3/mmcif_files/7hta.cif
7hta_B,duplicate_sequence,295,0.0000,0.0000,1.688,data/all_pdb_1y/fed_split/client_3/mmcif_files/7hta.cif
7htb_A,duplicate_sequence,295,0.0000,0.0000,1.979,data/all_pdb_1y/fed_split/client_3/mmcif_files/7htb.cif
7htb_B,duplicate_sequence,295,0.0000,0.0000,1.979,data/all_pdb_1y/fed_split/client_3/mmcif_files/7htb.cif
7htc_A,duplicate_sequence,295,0.0000,0.0000,1.811,data/all_pdb_1y/fed_split/client_3/mmcif_files/7htc.cif
7htc_B,duplicate_sequence,295,0.0000,0.0000,1.811,data/all_pdb_1y/fed_split/client_3/mmcif_files/7htc.cif
7htg_A,duplicate_sequence,295,0.0000,0.0000,1.92,data/all_pdb_1y/fed_split/client_3/mmcif_files/7htg.cif
7htg_B,duplicate_sequence,295,0.0000,0.0000,1.92,data/all_pdb_1y/fed_split/client_3/mmcif_files/7htg.cif
7htj_A,duplicate_sequence,295,0.0000,0.0000,1.91,data/all_pdb_1y/fed_split/client_3/mmcif_files/7htj.cif
7htj_B,duplicate_sequence,295,0.0000,0.0000,1.91,data/all_pdb_1y/fed_split/client_3/mmcif_files/7htj.cif
7htl_A,duplicate_sequence,295,0.0000,0.0000,1.763,data/all_pdb_1y/fed_split/client_3/mmcif_files/7htl.cif
7htl_B,duplicate_sequence,295,0.0000,0.0000,1.763,data/all_pdb_1y/fed_split/client_3/mmcif_files/7htl.cif
7htn_A,duplicate_sequence,295,0.0000,0.0000,2.0,data/all_pdb_1y/fed_split/client_3/mmcif_files/7htn.cif
7htn_B,duplicate_sequence,295,0.0000,0.0000,2.0,data/all_pdb_1y/fed_split/client_3/mmcif_files/7htn.cif
7hto_A,duplicate_sequence,295,0.0000,0.0000,1.79,data/all_pdb_1y/fed_split/client_3/mmcif_files/7hto.cif
7hto_B,duplicate_sequence,295,0.0000,0.0000,1.79,data/all_pdb_1y/fed_split/client_3/mmcif_files/7hto.cif
7htp_A,duplicate_sequence,295,0.0000,0.0000,1.861,data/all_pdb_1y/fed_split/client_3/mmcif_files/7htp.cif
7htp_B,duplicate_sequence,295,0.0000,0.0000,1.861,data/all_pdb_1y/fed_split/client_3/mmcif_files/7htp.cif
7htq_A,duplicate_sequence,295,0.0000,0.0000,1.6,data/all_pdb_1y/fed_split/client_3/mmcif_files/7htq.cif
7htq_B,duplicate_sequence,295,0.0000,0.0000,1.6,data/all_pdb_1y/fed_split/client_3/mmcif_files/7htq.cif
7htr_A,duplicate_sequence,295,0.0000,0.0000,1.884,data/all_pdb_1y/fed_split/client_3/mmcif_files/7htr.cif
7htr_B,duplicate_sequence,295,0.0000,0.0000,1.884,data/all_pdb_1y/fed_split/client_3/mmcif_files/7htr.cif
7htv_A,duplicate_sequence,295,0.0000,0.0000,1.963,data/all_pdb_1y/fed_split/client_3/mmcif_files/7htv.cif
7htv_B,duplicate_sequence,295,0.0000,0.0000,1.963,data/all_pdb_1y/fed_split/client_3/mmcif_files/7htv.cif
7htw_A,duplicate_sequence,295,0.0000,0.0000,1.769,data/all_pdb_1y/fed_split/client_3/mmcif_files/7htw.cif
7htw_B,duplicate_sequence,295,0.0000,0.0000,1.769,data/all_pdb_1y/fed_split/client_3/mmcif_files/7htw.cif
7htx_A,duplicate_sequence,295,0.0000,0.0000,1.861,data/all_pdb_1y/fed_split/client_3/mmcif_files/7htx.cif
7htx_B,duplicate_sequence,295,0.0000,0.0000,1.861,data/all_pdb_1y/fed_split/client_3/mmcif_files/7htx.cif
7hu1_A,duplicate_sequence,295,0.0000,0.0000,1.718,data/all_pdb_1y/fed_split/client_3/mmcif_files/7hu1.cif
7hu1_B,duplicate_sequence,295,0.0000,0.0000,1.718,data/all_pdb_1y/fed_split/client_3/mmcif_files/7hu1.cif
7hu2_A,duplicate_sequence,295,0.0000,0.0000,1.93,data/all_pdb_1y/fed_split/client_3/mmcif_files/7hu2.cif
7hu2_B,duplicate_sequence,295,0.0000,0.0000,1.93,data/all_pdb_1y/fed_split/client_3/mmcif_files/7hu2.cif
7hu6_A,duplicate_sequence,295,0.0000,0.0000,2.0,data/all_pdb_1y/fed_split/client_3/mmcif_files/7hu6.cif
7hu6_B,duplicate_sequence,295,0.0000,0.0000,2.0,data/all_pdb_1y/fed_split/client_3/mmcif_files/7hu6.cif
7hu7_A,duplicate_sequence,295,0.0000,0.0000,1.781,data/all_pdb_1y/fed_split/client_3/mmcif_files/7hu7.cif
7hu7_B,duplicate_sequence,295,0.0000,0.0000,1.781,data/all_pdb_1y/fed_split/client_3/mmcif_files/7hu7.cif
7hu8_A,duplicate_sequence,295,0.0000,0.0000,1.731,data/all_pdb_1y/fed_split/client_3/mmcif_files/7hu8.cif
7hu8_B,duplicate_sequence,295,0.0000,0.0000,1.731,data/all_pdb_1y/fed_split/client_3/mmcif_files/7hu8.cif
7hu9_A,duplicate_sequence,295,0.0000,0.0000,1.679,data/all_pdb_1y/fed_split/client_3/mmcif_files/7hu9.cif
7hu9_B,duplicate_sequence,295,0.0000,0.0000,1.679,data/all_pdb_1y/fed_split/client_3/mmcif_files/7hu9.cif
7hua_A,duplicate_sequence,295,0.0000,0.0000,1.8,data/all_pdb_1y/fed_split/client_3/mmcif_files/7hua.cif
7hua_B,duplicate_sequence,295,0.0000,0.0000,1.8,data/all_pdb_1y/fed_split/client_3/mmcif_files/7hua.cif
8qm4_B,duplicate_sequence,215,0.0000,0.0000,1.849,data/all_pdb_1y/fed_split/client_3/mmcif_files/8qm4.cif
8qm5_A,duplicate_sequence,215,0.0000,0.0000,1.889,data/all_pdb_1y/fed_split/client_3/mmcif_files/8qm5.cif
8qm5_B,duplicate_sequence,215,0.0000,0.0000,1.889,data/all_pdb_1y/fed_split/client_3/mmcif_files/8qm5.cif
8qm6_A,duplicate_sequence,215,0.0000,0.0000,1.93,data/all_pdb_1y/fed_split/client_3/mmcif_files/8qm6.cif
8qm6_B,duplicate_sequence,215,0.0000,0.0000,1.93,data/all_pdb_1y/fed_split/client_3/mmcif_files/8qm6.cif
8qm8_B,duplicate_sequence,215,0.0000,0.0000,1.585,data/all_pdb_1y/fed_split/client_3/mmcif_files/8qm8.cif
8qm9_A,duplicate_sequence,215,0.0000,0.0000,1.973,data/all_pdb_1y/fed_split/client_3/mmcif_files/8qm9.cif
8qm9_B,duplicate_sequence,215,0.0000,0.0000,1.973,data/all_pdb_1y/fed_split/client_3/mmcif_files/8qm9.cif
8rib_B,duplicate_sequence,69,0.0000,0.0000,1.126,data/all_pdb_1y/fed_split/client_3/mmcif_files/8rib.cif
8rwp_A,duplicate_sequence,290,0.0000,0.0000,1.19,data/all_pdb_1y/fed_split/client_3/mmcif_files/8rwp.cif
8rws_A,duplicate_sequence,290,0.0000,0.0000,1.09,data/all_pdb_1y/fed_split/client_3/mmcif_files/8rws.cif
8s4e_B,duplicate_sequence,124,0.0000,0.0000,1.98,data/all_pdb_1y/fed_split/client_3/mmcif_files/8s4e.cif
8u52_B,duplicate_sequence,127,0.0000,0.0000,1.5,data/all_pdb_1y/fed_split/client_3/mmcif_files/8u52.cif
8ugv_B,duplicate_sequence,115,0.0000,0.0000,1.99,data/all_pdb_1y/fed_split/client_3/mmcif_files/8ugv.cif
8vz5_A,duplicate_sequence,167,0.0000,0.0000,1.95,data/all_pdb_1y/fed_split/client_3/mmcif_files/8vz5.cif
8w3z_A,duplicate_sequence,258,0.0000,0.0000,1.49,data/all_pdb_1y/fed_split/client_3/mmcif_files/8w3z.cif
8w40_A,duplicate_sequence,258,0.0000,0.0000,1.45,data/all_pdb_1y/fed_split/client_3/mmcif_files/8w40.cif
8xq0_B,duplicate_sequence,290,0.0000,0.0000,1.95,data/all_pdb_1y/fed_split/client_3/mmcif_files/8xq0.cif
8xq0_C,duplicate_sequence,290,0.0000,0.0000,1.95,data/all_pdb_1y/fed_split/client_3/mmcif_files/8xq0.cif
8xq0_D,duplicate_sequence,290,0.0000,0.0000,1.95,data/all_pdb_1y/fed_split/client_3/mmcif_files/8xq0.cif
8xq1_A,duplicate_sequence,290,0.0000,0.0000,1.5,data/all_pdb_1y/fed_split/client_3/mmcif_files/8xq1.cif
8xq1_B,duplicate_sequence,290,0.0000,0.0000,1.5,data/all_pdb_1y/fed_split/client_3/mmcif_files/8xq1.cif
8xq2_A,duplicate_sequence,290,0.0000,0.0000,1.8,data/all_pdb_1y/fed_split/client_3/mmcif_files/8xq2.cif
8xq2_B,duplicate_sequence,290,0.0000,0.0000,1.8,data/all_pdb_1y/fed_split/client_3/mmcif_files/8xq2.cif
8xvw_B,duplicate_sequence,149,0.0000,0.0000,1.8,data/all_pdb_1y/fed_split/client_3/mmcif_files/8xvw.cif
8ynu_B,duplicate_sequence,80,0.0000,0.0000,1.76,data/all_pdb_1y/fed_split/client_3/mmcif_files/8ynu.cif
8yqd_B,duplicate_sequence,124,0.0000,0.0000,1.69,data/all_pdb_1y/fed_split/client_3/mmcif_files/8yqd.cif
8ys3_B,duplicate_sequence,122,0.0000,0.0000,1.752,data/all_pdb_1y/fed_split/client_3/mmcif_files/8ys3.cif
8yv4_B,duplicate_sequence,174,0.0000,0.0000,1.87,data/all_pdb_1y/fed_split/client_3/mmcif_files/8yv4.cif
8yv5_A,duplicate_sequence,175,0.0000,0.0000,1.98,data/all_pdb_1y/fed_split/client_3/mmcif_files/8yv5.cif
8z7c_B,duplicate_sequence,283,0.0000,0.0000,1.52,data/all_pdb_1y/fed_split/client_3/mmcif_files/8z7c.cif
8z7d_A,duplicate_sequence,283,0.0000,0.0000,1.581,data/all_pdb_1y/fed_split/client_3/mmcif_files/8z7d.cif
8z7d_B,duplicate_sequence,283,0.0000,0.0000,1.581,data/all_pdb_1y/fed_split/client_3/mmcif_files/8z7d.cif
8z7e_A,duplicate_sequence,283,0.0000,0.0000,1.545,data/all_pdb_1y/fed_split/client_3/mmcif_files/8z7e.cif
8z7e_B,duplicate_sequence,283,0.0000,0.0000,1.545,data/all_pdb_1y/fed_split/client_3/mmcif_files/8z7e.cif
8zf2_B,duplicate_sequence,201,0.0000,0.0000,1.8,data/all_pdb_1y/fed_split/client_3/mmcif_files/8zf2.cif
8zf3_B,duplicate_sequence,202,0.0000,0.0000,1.78,data/all_pdb_1y/fed_split/client_3/mmcif_files/8zf3.cif
8zwt_B,duplicate_sequence,164,0.0000,0.0000,1.85,data/all_pdb_1y/fed_split/client_3/mmcif_files/8zwt.cif
8zxu_A,duplicate_sequence,149,0.0000,0.0000,1.55,data/all_pdb_1y/fed_split/client_3/mmcif_files/8zxu.cif
8zxu_B,duplicate_sequence,149,0.0000,0.0000,1.55,data/all_pdb_1y/fed_split/client_3/mmcif_files/8zxu.cif
8zxu_C,duplicate_sequence,149,0.0000,0.0000,1.55,data/all_pdb_1y/fed_split/client_3/mmcif_files/8zxu.cif
8zxu_D,duplicate_sequence,149,0.0000,0.0000,1.55,data/all_pdb_1y/fed_split/client_3/mmcif_files/8zxu.cif
9avm_B,duplicate_sequence,60,0.0000,0.0000,1.79,data/all_pdb_1y/fed_split/client_3/mmcif_files/9avm.cif
9avm_C,duplicate_sequence,60,0.0000,0.0000,1.79,data/all_pdb_1y/fed_split/client_3/mmcif_files/9avm.cif
9avm_D,duplicate_sequence,60,0.0000,0.0000,1.79,data/all_pdb_1y/fed_split/client_3/mmcif_files/9avm.cif
9b7a_B,duplicate_sequence,175,0.0000,0.0000,1.71,data/all_pdb_1y/fed_split/client_3/mmcif_files/9b7a.cif
9bld_B,duplicate_sequence,240,0.0000,0.0000,1.67,data/all_pdb_1y/fed_split/client_3/mmcif_files/9bld.cif
9bld_C,duplicate_sequence,240,0.0000,0.0000,1.67,data/all_pdb_1y/fed_split/client_3/mmcif_files/9bld.cif
9bld_D,duplicate_sequence,240,0.0000,0.0000,1.67,data/all_pdb_1y/fed_split/client_3/mmcif_files/9bld.cif
9ble_A,duplicate_sequence,240,0.0000,0.0000,1.79,data/all_pdb_1y/fed_split/client_3/mmcif_files/9ble.cif
9ble_B,duplicate_sequence,240,0.0000,0.0000,1.79,data/all_pdb_1y/fed_split/client_3/mmcif_files/9ble.cif
9ble_C,duplicate_sequence,240,0.0000,0.0000,1.79,data/all_pdb_1y/fed_split/client_3/mmcif_files/9ble.cif
9ble_D,duplicate_sequence,240,0.0000,0.0000,1.79,data/all_pdb_1y/fed_split/client_3/mmcif_files/9ble.cif
9bnb_B,duplicate_sequence,57,0.0000,0.0000,1.5,data/all_pdb_1y/fed_split/client_3/mmcif_files/9bnb.cif
9bnb_C,duplicate_sequence,57,0.0000,0.0000,1.5,data/all_pdb_1y/fed_split/client_3/mmcif_files/9bnb.cif
9bnc_B,duplicate_sequence,57,0.0000,0.0000,1.4,data/all_pdb_1y/fed_split/client_3/mmcif_files/9bnc.cif
9bnc_C,duplicate_sequence,57,0.0000,0.0000,1.4,data/all_pdb_1y/fed_split/client_3/mmcif_files/9bnc.cif
9bsh_B,duplicate_sequence,280,0.0000,0.0000,1.35,data/all_pdb_1y/fed_split/client_3/mmcif_files/9bsh.cif
9bwa_B,duplicate_sequence,282,0.0000,0.0000,1.7,data/all_pdb_1y/fed_split/client_3/mmcif_files/9bwa.cif
9bxj_A,duplicate_sequence,267,0.0000,0.0000,1.56,data/all_pdb_1y/fed_split/client_3/mmcif_files/9bxj.cif
9bxk_A,duplicate_sequence,267,0.0000,0.0000,1.66,data/all_pdb_1y/fed_split/client_3/mmcif_files/9bxk.cif
9bxn_B,duplicate_sequence,273,0.0000,0.0000,1.7,data/all_pdb_1y/fed_split/client_3/mmcif_files/9bxn.cif
9c25_A,duplicate_sequence,249,0.0040,0.0040,1.6,data/all_pdb_1y/fed_split/client_3/mmcif_files/9c25.cif
9cfs_B,duplicate_sequence,93,0.0000,0.0000,1.75,data/all_pdb_1y/fed_split/client_3/mmcif_files/9cfs.cif
9ci4_A,duplicate_sequence,270,0.0000,0.0000,1.7,data/all_pdb_1y/fed_split/client_3/mmcif_files/9ci4.cif
9cs7_B,duplicate_sequence,100,0.0000,0.0000,1.88,data/all_pdb_1y/fed_split/client_3/mmcif_files/9cs7.cif
9csf_B,duplicate_sequence,101,0.0000,0.0000,1.84,data/all_pdb_1y/fed_split/client_3/mmcif_files/9csf.cif
9d0q_B,duplicate_sequence,289,0.0000,0.0000,1.96,data/all_pdb_1y/fed_split/client_3/mmcif_files/9d0q.cif
9d0s_A,duplicate_sequence,289,0.0000,0.0000,1.64,data/all_pdb_1y/fed_split/client_3/mmcif_files/9d0s.cif
9d4v_B,duplicate_sequence,297,0.0000,0.0000,1.84,data/all_pdb_1y/fed_split/client_3/mmcif_files/9d4v.cif
9d4x_B,duplicate_sequence,296,0.0000,0.0000,1.847,data/all_pdb_1y/fed_split/client_3/mmcif_files/9d4x.cif
9d4y_A,duplicate_sequence,297,0.0000,0.0000,1.847,data/all_pdb_1y/fed_split/client_3/mmcif_files/9d4y.cif
9d4y_B,duplicate_sequence,297,0.0000,0.0000,1.847,data/all_pdb_1y/fed_split/client_3/mmcif_files/9d4y.cif
9d50_A,duplicate_sequence,296,0.0000,0.0000,1.898,data/all_pdb_1y/fed_split/client_3/mmcif_files/9d50.cif
9d50_B,duplicate_sequence,296,0.0000,0.0000,1.898,data/all_pdb_1y/fed_split/client_3/mmcif_files/9d50.cif
9d54_A,duplicate_sequence,290,0.0000,0.0000,1.6,data/all_pdb_1y/fed_split/client_3/mmcif_files/9d54.cif
9d5q_A,duplicate_sequence,290,0.0000,0.0000,1.99,data/all_pdb_1y/fed_split/client_3/mmcif_files/9d5q.cif
9d5r_A,duplicate_sequence,290,0.0000,0.0000,1.78,data/all_pdb_1y/fed_split/client_3/mmcif_files/9d5r.cif
9d7j_B,duplicate_sequence,271,0.0000,0.0000,1.39,data/all_pdb_1y/fed_split/client_3/mmcif_files/9d7j.cif
9d8t_A,duplicate_sequence,290,0.0000,0.0000,1.97,data/all_pdb_1y/fed_split/client_3/mmcif_files/9d8t.cif
9d9n_B,duplicate_sequence,233,0.0000,0.0000,1.68,data/all_pdb_1y/fed_split/client_3/mmcif_files/9d9n.cif
9dag_A,duplicate_sequence,233,0.0000,0.0000,1.84,data/all_pdb_1y/fed_split/client_3/mmcif_files/9dag.cif
9db7_A,duplicate_sequence,233,0.0000,0.0000,1.78,data/all_pdb_1y/fed_split/client_3/mmcif_files/9db7.cif
9db7_B,duplicate_sequence,233,0.0000,0.0000,1.78,data/all_pdb_1y/fed_split/client_3/mmcif_files/9db7.cif
9dew_A,duplicate_sequence,233,0.0000,0.0000,1.65,data/all_pdb_1y/fed_split/client_3/mmcif_files/9dew.cif
9dgx_B,duplicate_sequence,213,0.0000,0.0000,1.691,data/all_pdb_1y/fed_split/client_3/mmcif_files/9dgx.cif
9dpy_B,duplicate_sequence,108,0.0000,0.0000,1.77,data/all_pdb_1y/fed_split/client_3/mmcif_files/9dpy.cif
9dt5_B,duplicate_sequence,207,0.0000,0.0000,2.0,data/all_pdb_1y/fed_split/client_3/mmcif_files/9dt5.cif
9dt5_C,duplicate_sequence,207,0.0000,0.0000,2.0,data/all_pdb_1y/fed_split/client_3/mmcif_files/9dt5.cif
9dt5_D,duplicate_sequence,207,0.0000,0.0000,2.0,data/all_pdb_1y/fed_split/client_3/mmcif_files/9dt5.cif
9dtj_A,duplicate_sequence,290,0.0000,0.0000,1.77,data/all_pdb_1y/fed_split/client_3/mmcif_files/9dtj.cif
9e0s_B,duplicate_sequence,185,0.0000,0.0000,1.98,data/all_pdb_1y/fed_split/client_3/mmcif_files/9e0s.cif
9e0s_C,duplicate_sequence,185,0.0000,0.0000,1.98,data/all_pdb_1y/fed_split/client_3/mmcif_files/9e0s.cif
9e43_B,duplicate_sequence,134,0.0000,0.0000,1.41,data/all_pdb_1y/fed_split/client_3/mmcif_files/9e43.cif
9e44_A,duplicate_sequence,134,0.0000,0.0000,1.8,data/all_pdb_1y/fed_split/client_3/mmcif_files/9e44.cif
9e44_B,duplicate_sequence,134,0.0000,0.0000,1.8,data/all_pdb_1y/fed_split/client_3/mmcif_files/9e44.cif
9e45_A,duplicate_sequence,134,0.0000,0.0000,1.47,data/all_pdb_1y/fed_split/client_3/mmcif_files/9e45.cif
9e45_B,duplicate_sequence,134,0.0000,0.0000,1.47,data/all_pdb_1y/fed_split/client_3/mmcif_files/9e45.cif
9e46_A,duplicate_sequence,134,0.0000,0.0000,1.77,data/all_pdb_1y/fed_split/client_3/mmcif_files/9e46.cif
9e46_B,duplicate_sequence,134,0.0000,0.0000,1.77,data/all_pdb_1y/fed_split/client_3/mmcif_files/9e46.cif
9e47_A,duplicate_sequence,134,0.0000,0.0000,1.59,data/all_pdb_1y/fed_split/client_3/mmcif_files/9e47.cif
9e47_B,duplicate_sequence,134,0.0000,0.0000,1.59,data/all_pdb_1y/fed_split/client_3/mmcif_files/9e47.cif
9e48_A,duplicate_sequence,134,0.0000,0.0000,1.8,data/all_pdb_1y/fed_split/client_3/mmcif_files/9e48.cif
9e48_B,duplicate_sequence,134,0.0000,0.0000,1.8,data/all_pdb_1y/fed_split/client_3/mmcif_files/9e48.cif
9e7q_B,duplicate_sequence,33,0.0000,0.0000,1.42,data/all_pdb_1y/fed_split/client_3/mmcif_files/9e7q.cif
9emx_B,duplicate_sequence,154,0.0000,0.0000,1.77,data/all_pdb_1y/fed_split/client_3/mmcif_files/9emx.cif
9emx_C,duplicate_sequence,154,0.0000,0.0000,1.77,data/all_pdb_1y/fed_split/client_3/mmcif_files/9emx.cif
9emx_D,duplicate_sequence,154,0.0000,0.0000,1.77,data/all_pdb_1y/fed_split/client_3/mmcif_files/9emx.cif
9eol_B,duplicate_sequence,251,0.0000,0.0000,1.69,data/all_pdb_1y/fed_split/client_3/mmcif_files/9eol.cif
9eq9_A,duplicate_sequence,174,0.0000,0.0000,1.84,data/all_pdb_1y/fed_split/client_3/mmcif_files/9eq9.cif
9eqa_A,duplicate_sequence,174,0.0000,0.0000,1.97,data/all_pdb_1y/fed_split/client_3/mmcif_files/9eqa.cif
9f0t_A,duplicate_sequence,290,0.0000,0.0000,0.98,data/all_pdb_1y/fed_split/client_3/mmcif_files/9f0t.cif
9f0u_A,duplicate_sequence,290,0.0000,0.0000,1.11,data/all_pdb_1y/fed_split/client_3/mmcif_files/9f0u.cif
9f0v_A,duplicate_sequence,290,0.0000,0.0000,1.1,data/all_pdb_1y/fed_split/client_3/mmcif_files/9f0v.cif
9f5v_B,duplicate_sequence,188,0.0000,0.0000,1.75,data/all_pdb_1y/fed_split/client_3/mmcif_files/9f5v.cif
9f65_A,duplicate_sequence,188,0.0000,0.0000,1.95,data/all_pdb_1y/fed_split/client_3/mmcif_files/9f65.cif
9f65_B,duplicate_sequence,188,0.0000,0.0000,1.95,data/all_pdb_1y/fed_split/client_3/mmcif_files/9f65.cif
9f8h_B,duplicate_sequence,185,0.0000,0.0000,1.47,data/all_pdb_1y/fed_split/client_3/mmcif_files/9f8h.cif
9f8i_A,duplicate_sequence,185,0.0000,0.0000,1.39,data/all_pdb_1y/fed_split/client_3/mmcif_files/9f8i.cif
9f8i_B,duplicate_sequence,185,0.0000,0.0000,1.39,data/all_pdb_1y/fed_split/client_3/mmcif_files/9f8i.cif
9f8i_C,duplicate_sequence,185,0.0000,0.0000,1.39,data/all_pdb_1y/fed_split/client_3/mmcif_files/9f8i.cif
9f8i_D,duplicate_sequence,185,0.0000,0.0000,1.39,data/all_pdb_1y/fed_split/client_3/mmcif_files/9f8i.cif
9f8j_A,duplicate_sequence,185,0.0000,0.0000,1.6,data/all_pdb_1y/fed_split/client_3/mmcif_files/9f8j.cif
9f8j_B,duplicate_sequence,185,0.0000,0.0000,1.6,data/all_pdb_1y/fed_split/client_3/mmcif_files/9f8j.cif
9f8j_C,duplicate_sequence,185,0.0000,0.0000,1.6,data/all_pdb_1y/fed_split/client_3/mmcif_files/9f8j.cif
9f8j_D,duplicate_sequence,185,0.0000,0.0000,1.6,data/all_pdb_1y/fed_split/client_3/mmcif_files/9f8j.cif
9f8k_A,duplicate_sequence,185,0.0000,0.0000,1.57,data/all_pdb_1y/fed_split/client_3/mmcif_files/9f8k.cif
9f8k_B,duplicate_sequence,185,0.0000,0.0000,1.57,data/all_pdb_1y/fed_split/client_3/mmcif_files/9f8k.cif
9f8l_A,duplicate_sequence,185,0.0000,0.0000,1.38,data/all_pdb_1y/fed_split/client_3/mmcif_files/9f8l.cif
9f8l_B,duplicate_sequence,185,0.0000,0.0000,1.38,data/all_pdb_1y/fed_split/client_3/mmcif_files/9f8l.cif
9f8m_A,duplicate_sequence,185,0.0000,0.0000,1.43,data/all_pdb_1y/fed_split/client_3/mmcif_files/9f8m.cif
9f8m_B,duplicate_sequence,185,0.0000,0.0000,1.43,data/all_pdb_1y/fed_split/client_3/mmcif_files/9f8m.cif
9f8m_C,duplicate_sequence,185,0.0000,0.0000,1.43,data/all_pdb_1y/fed_split/client_3/mmcif_files/9f8m.cif
9f8m_D,duplicate_sequence,185,0.0000,0.0000,1.43,data/all_pdb_1y/fed_split/client_3/mmcif_files/9f8m.cif
9f8n_A,duplicate_sequence,185,0.0000,0.0000,1.32,data/all_pdb_1y/fed_split/client_3/mmcif_files/9f8n.cif
9f8n_B,duplicate_sequence,185,0.0000,0.0000,1.32,data/all_pdb_1y/fed_split/client_3/mmcif_files/9f8n.cif
9f8o_A,duplicate_sequence,185,0.0000,0.0000,1.57,data/all_pdb_1y/fed_split/client_3/mmcif_files/9f8o.cif
9f8o_B,duplicate_sequence,185,0.0000,0.0000,1.57,data/all_pdb_1y/fed_split/client_3/mmcif_files/9f8o.cif
9f8o_C,duplicate_sequence,185,0.0000,0.0000,1.57,data/all_pdb_1y/fed_split/client_3/mmcif_files/9f8o.cif
9f8o_D,duplicate_sequence,185,0.0000,0.0000,1.57,data/all_pdb_1y/fed_split/client_3/mmcif_files/9f8o.cif
9f8p_A,duplicate_sequence,185,0.0000,0.0000,1.36,data/all_pdb_1y/fed_split/client_3/mmcif_files/9f8p.cif
9f8p_B,duplicate_sequence,185,0.0000,0.0000,1.36,data/all_pdb_1y/fed_split/client_3/mmcif_files/9f8p.cif
9f8q_A,duplicate_sequence,185,0.0000,0.0000,1.34,data/all_pdb_1y/fed_split/client_3/mmcif_files/9f8q.cif
9f8q_B,duplicate_sequence,185,0.0000,0.0000,1.34,data/all_pdb_1y/fed_split/client_3/mmcif_files/9f8q.cif
9f8r_A,duplicate_sequence,185,0.0000,0.0000,1.58,data/all_pdb_1y/fed_split/client_3/mmcif_files/9f8r.cif
9f8r_B,duplicate_sequence,185,0.0000,0.0000,1.58,data/all_pdb_1y/fed_split/client_3/mmcif_files/9f8r.cif
9f8r_C,duplicate_sequence,185,0.0000,0.0000,1.58,data/all_pdb_1y/fed_split/client_3/mmcif_files/9f8r.cif
9f8r_D,duplicate_sequence,185,0.0000,0.0000,1.58,data/all_pdb_1y/fed_split/client_3/mmcif_files/9f8r.cif
9f8s_A,duplicate_sequence,185,0.0000,0.0000,1.69,data/all_pdb_1y/fed_split/client_3/mmcif_files/9f8s.cif
9f8s_B,duplicate_sequence,185,0.0000,0.0000,1.69,data/all_pdb_1y/fed_split/client_3/mmcif_files/9f8s.cif
9fbe_A,duplicate_sequence,275,0.0000,0.0000,1.93,data/all_pdb_1y/fed_split/client_3/mmcif_files/9fbe.cif
9fbt_A,duplicate_sequence,290,0.0000,0.0000,1.07,data/all_pdb_1y/fed_split/client_3/mmcif_files/9fbt.cif
9fd7_B,duplicate_sequence,267,0.0000,0.0000,1.4,data/all_pdb_1y/fed_split/client_3/mmcif_files/9fd7.cif
9fd8_A,duplicate_sequence,267,0.0000,0.0000,1.58,data/all_pdb_1y/fed_split/client_3/mmcif_files/9fd8.cif
9fd8_B,duplicate_sequence,267,0.0000,0.0000,1.58,data/all_pdb_1y/fed_split/client_3/mmcif_files/9fd8.cif
9fd9_A,duplicate_sequence,267,0.0000,0.0000,1.52,data/all_pdb_1y/fed_split/client_3/mmcif_files/9fd9.cif
9fd9_B,duplicate_sequence,267,0.0000,0.0000,1.52,data/all_pdb_1y/fed_split/client_3/mmcif_files/9fd9.cif
9feo_C,duplicate_sequence,242,0.0041,0.0041,1.9,data/all_pdb_1y/fed_split/client_3/mmcif_files/9feo.cif
9fer_B,duplicate_sequence,258,0.0039,0.0039,1.65,data/all_pdb_1y/fed_split/client_3/mmcif_files/9fer.cif
9ff6_B,duplicate_sequence,125,0.0000,0.0000,1.4,data/all_pdb_1y/fed_split/client_3/mmcif_files/9ff6.cif
9ff8_A,duplicate_sequence,127,0.0000,0.0000,1.42,data/all_pdb_1y/fed_split/client_3/mmcif_files/9ff8.cif
9ff8_B,duplicate_sequence,127,0.0000,0.0000,1.42,data/all_pdb_1y/fed_split/client_3/mmcif_files/9ff8.cif
9fgi_B,duplicate_sequence,243,0.0041,0.0041,1.77,data/all_pdb_1y/fed_split/client_3/mmcif_files/9fgi.cif
9fha_A,duplicate_sequence,127,0.0000,0.0000,1.7,data/all_pdb_1y/fed_split/client_3/mmcif_files/9fha.cif
9fha_B,duplicate_sequence,127,0.0000,0.0000,1.7,data/all_pdb_1y/fed_split/client_3/mmcif_files/9fha.cif
9frn_B,duplicate_sequence,90,0.0000,0.0000,1.87,data/all_pdb_1y/fed_split/client_3/mmcif_files/9frn.cif
9frn_C,duplicate_sequence,90,0.0000,0.0000,1.87,data/all_pdb_1y/fed_split/client_3/mmcif_files/9frn.cif
9frn_D,duplicate_sequence,90,0.0000,0.0000,1.87,data/all_pdb_1y/fed_split/client_3/mmcif_files/9frn.cif
9frn_E,duplicate_sequence,90,0.0000,0.0000,1.87,data/all_pdb_1y/fed_split/client_3/mmcif_files/9frn.cif
9frn_F,duplicate_sequence,90,0.0000,0.0000,1.87,data/all_pdb_1y/fed_split/client_3/mmcif_files/9frn.cif
9g1a_B,duplicate_sequence,145,0.0000,0.0000,1.3,data/all_pdb_1y/fed_split/client_3/mmcif_files/9g1a.cif
9g1b_A,duplicate_sequence,145,0.0000,0.0000,1.3,data/all_pdb_1y/fed_split/client_3/mmcif_files/9g1b.cif
9g1b_B,duplicate_sequence,145,0.0000,0.0000,1.3,data/all_pdb_1y/fed_split/client_3/mmcif_files/9g1b.cif
9g1c_A,duplicate_sequence,145,0.0000,0.0000,1.4,data/all_pdb_1y/fed_split/client_3/mmcif_files/9g1c.cif
9g1c_B,duplicate_sequence,145,0.0000,0.0000,1.4,data/all_pdb_1y/fed_split/client_3/mmcif_files/9g1c.cif
9g1d_A,duplicate_sequence,145,0.0000,0.0000,1.4,data/all_pdb_1y/fed_split/client_3/mmcif_files/9g1d.cif
9g1d_B,duplicate_sequence,145,0.0000,0.0000,1.4,data/all_pdb_1y/fed_split/client_3/mmcif_files/9g1d.cif
9g1e_A,duplicate_sequence,145,0.0000,0.0000,1.4,data/all_pdb_1y/fed_split/client_3/mmcif_files/9g1e.cif
9g1e_B,duplicate_sequence,145,0.0000,0.0000,1.4,data/all_pdb_1y/fed_split/client_3/mmcif_files/9g1e.cif
9g1f_A,duplicate_sequence,145,0.0000,0.0000,1.4,data/all_pdb_1y/fed_split/client_3/mmcif_files/9g1f.cif
9g1f_B,duplicate_sequence,145,0.0000,0.0000,1.4,data/all_pdb_1y/fed_split/client_3/mmcif_files/9g1f.cif
9g1g_A,duplicate_sequence,145,0.0000,0.0000,1.4,data/all_pdb_1y/fed_split/client_3/mmcif_files/9g1g.cif
9g1g_B,duplicate_sequence,145,0.0000,0.0000,1.4,data/all_pdb_1y/fed_split/client_3/mmcif_files/9g1g.cif
9g1h_A,duplicate_sequence,145,0.0000,0.0000,1.4,data/all_pdb_1y/fed_split/client_3/mmcif_files/9g1h.cif
9g1h_B,duplicate_sequence,145,0.0000,0.0000,1.4,data/all_pdb_1y/fed_split/client_3/mmcif_files/9g1h.cif
9g1i_A,duplicate_sequence,145,0.0000,0.0000,1.1,data/all_pdb_1y/fed_split/client_3/mmcif_files/9g1i.cif
9g1i_B,duplicate_sequence,145,0.0000,0.0000,1.1,data/all_pdb_1y/fed_split/client_3/mmcif_files/9g1i.cif
9g1j_A,duplicate_sequence,145,0.0000,0.0000,1.28,data/all_pdb_1y/fed_split/client_3/mmcif_files/9g1j.cif
9g1j_B,duplicate_sequence,145,0.0000,0.0000,1.28,data/all_pdb_1y/fed_split/client_3/mmcif_files/9g1j.cif
9g1k_A,duplicate_sequence,145,0.0000,0.0000,1.14,data/all_pdb_1y/fed_split/client_3/mmcif_files/9g1k.cif
9g1k_B,duplicate_sequence,145,0.0000,0.0000,1.14,data/all_pdb_1y/fed_split/client_3/mmcif_files/9g1k.cif
9g1l_A,duplicate_sequence,145,0.0000,0.0000,1.27,data/all_pdb_1y/fed_split/client_3/mmcif_files/9g1l.cif
9g1l_B,duplicate_sequence,145,0.0000,0.0000,1.27,data/all_pdb_1y/fed_split/client_3/mmcif_files/9g1l.cif
9g1m_A,duplicate_sequence,145,0.0000,0.0000,1.18,data/all_pdb_1y/fed_split/client_3/mmcif_files/9g1m.cif
9g1m_B,duplicate_sequence,145,0.0000,0.0000,1.18,data/all_pdb_1y/fed_split/client_3/mmcif_files/9g1m.cif
9g1n_A,duplicate_sequence,145,0.0000,0.0000,1.2,data/all_pdb_1y/fed_split/client_3/mmcif_files/9g1n.cif
9g1n_B,duplicate_sequence,145,0.0000,0.0000,1.2,data/all_pdb_1y/fed_split/client_3/mmcif_files/9g1n.cif
9g1o_A,duplicate_sequence,145,0.0000,0.0000,1.14,data/all_pdb_1y/fed_split/client_3/mmcif_files/9g1o.cif
9g1o_B,duplicate_sequence,145,0.0000,0.0000,1.14,data/all_pdb_1y/fed_split/client_3/mmcif_files/9g1o.cif
9g1p_A,duplicate_sequence,145,0.0000,0.0000,1.14,data/all_pdb_1y/fed_split/client_3/mmcif_files/9g1p.cif
9g1p_B,duplicate_sequence,145,0.0000,0.0000,1.14,data/all_pdb_1y/fed_split/client_3/mmcif_files/9g1p.cif
9g1q_A,duplicate_sequence,145,0.0000,0.0000,1.11,data/all_pdb_1y/fed_split/client_3/mmcif_files/9g1q.cif
9g1q_B,duplicate_sequence,145,0.0000,0.0000,1.11,data/all_pdb_1y/fed_split/client_3/mmcif_files/9g1q.cif
9g1r_A,duplicate_sequence,145,0.0000,0.0000,1.24,data/all_pdb_1y/fed_split/client_3/mmcif_files/9g1r.cif
9g1r_B,duplicate_sequence,145,0.0000,0.0000,1.24,data/all_pdb_1y/fed_split/client_3/mmcif_files/9g1r.cif
9g1s_A,duplicate_sequence,145,0.0000,0.0000,1.12,data/all_pdb_1y/fed_split/client_3/mmcif_files/9g1s.cif
9g1s_B,duplicate_sequence,145,0.0000,0.0000,1.12,data/all_pdb_1y/fed_split/client_3/mmcif_files/9g1s.cif
9g3w_A,duplicate_sequence,194,0.0000,0.0000,1.8,data/all_pdb_1y/fed_split/client_3/mmcif_files/9g3w.cif
9g6w_B,duplicate_sequence,137,0.0000,0.0000,2.0,data/all_pdb_1y/fed_split/client_3/mmcif_files/9g6w.cif
9g7l_B,duplicate_sequence,152,0.0000,0.0000,1.9,data/all_pdb_1y/fed_split/client_3/mmcif_files/9g7l.cif
9g7w_A,duplicate_sequence,291,0.0000,0.0000,1.7,data/all_pdb_1y/fed_split/client_3/mmcif_files/9g7w.cif
9g7x_A,duplicate_sequence,291,0.0000,0.0000,1.7,data/all_pdb_1y/fed_split/client_3/mmcif_files/9g7x.cif
9g7y_A,duplicate_sequence,291,0.0000,0.0000,1.7,data/all_pdb_1y/fed_split/client_3/mmcif_files/9g7y.cif
9g7z_A,duplicate_sequence,291,0.0000,0.0000,1.7,data/all_pdb_1y/fed_split/client_3/mmcif_files/9g7z.cif
9g80_A,duplicate_sequence,291,0.0000,0.0000,1.7,data/all_pdb_1y/fed_split/client_3/mmcif_files/9g80.cif
9g81_A,duplicate_sequence,291,0.0000,0.0000,1.71,data/all_pdb_1y/fed_split/client_3/mmcif_files/9g81.cif
9g82_A,duplicate_sequence,291,0.0000,0.0000,1.7,data/all_pdb_1y/fed_split/client_3/mmcif_files/9g82.cif
9ga0_H,duplicate_sequence,226,0.0044,0.0044,1.59,data/all_pdb_1y/fed_split/client_3/mmcif_files/9ga0.cif
9gax_B,duplicate_sequence,220,0.0000,0.0000,1.93,data/all_pdb_1y/fed_split/client_3/mmcif_files/9gax.cif
9gd5_B,duplicate_sequence,185,0.0000,0.0000,1.681,data/all_pdb_1y/fed_split/client_3/mmcif_files/9gd5.cif
9gdg_B,duplicate_sequence,185,0.0000,0.0000,1.462,data/all_pdb_1y/fed_split/client_3/mmcif_files/9gdg.cif
9glt_BBB,duplicate_sequence,154,0.0000,0.0000,1.45,data/all_pdb_1y/fed_split/client_3/mmcif_files/9glt.cif
9gr3_B,duplicate_sequence,91,0.0000,0.0000,1.19,data/all_pdb_1y/fed_split/client_3/mmcif_files/9gr3.cif
9gr3_C,duplicate_sequence,91,0.0000,0.0000,1.19,data/all_pdb_1y/fed_split/client_3/mmcif_files/9gr3.cif
9gr4_C,duplicate_sequence,92,0.0000,0.0000,1.08,data/all_pdb_1y/fed_split/client_3/mmcif_files/9gr4.cif
9gr4_E,duplicate_sequence,92,0.0000,0.0000,1.08,data/all_pdb_1y/fed_split/client_3/mmcif_files/9gr4.cif
9gr4_F,duplicate_sequence,92,0.0000,0.0000,1.08,data/all_pdb_1y/fed_split/client_3/mmcif_files/9gr4.cif
9gr4_D,duplicate_sequence,92,0.0000,0.0000,1.08,data/all_pdb_1y/fed_split/client_3/mmcif_files/9gr4.cif
9gr4_A,duplicate_sequence,92,0.0000,0.0000,1.08,data/all_pdb_1y/fed_split/client_3/mmcif_files/9gr4.cif
9gr5_B,duplicate_sequence,93,0.0000,0.0000,1.32,data/all_pdb_1y/fed_split/client_3/mmcif_files/9gr5.cif
9gr5_C,duplicate_sequence,93,0.0000,0.0000,1.32,data/all_pdb_1y/fed_split/client_3/mmcif_files/9gr5.cif
9grr_AaA,duplicate_sequence,295,0.0000,0.0000,1.4,data/all_pdb_1y/fed_split/client_3/mmcif_files/9grr.cif
9gs1_AaA,duplicate_sequence,295,0.0000,0.0000,1.9,data/all_pdb_1y/fed_split/client_3/mmcif_files/9gs1.cif
9gs1_BaB,duplicate_sequence,295,0.0000,0.0000,1.9,data/all_pdb_1y/fed_split/client_3/mmcif_files/9gs1.cif
9gu6_D,duplicate_sequence,190,0.0000,0.0000,1.93,data/all_pdb_1y/fed_split/client_3/mmcif_files/9gu6.cif
9gu6_F,duplicate_sequence,190,0.0000,0.0000,1.93,data/all_pdb_1y/fed_split/client_3/mmcif_files/9gu6.cif
9gu6_H,duplicate_sequence,190,0.0000,0.0000,1.93,data/all_pdb_1y/fed_split/client_3/mmcif_files/9gu6.cif
9gua_B,duplicate_sequence,190,0.0000,0.0000,1.65,data/all_pdb_1y/fed_split/client_3/mmcif_files/9gua.cif
9gua_D,duplicate_sequence,190,0.0000,0.0000,1.65,data/all_pdb_1y/fed_split/client_3/mmcif_files/9gua.cif
9gyy_B,duplicate_sequence,243,0.0000,0.0000,1.5,data/all_pdb_1y/fed_split/client_3/mmcif_files/9gyy.cif
9gzv_B,duplicate_sequence,223,0.0000,0.0000,1.95,data/all_pdb_1y/fed_split/client_3/mmcif_files/9gzv.cif
9h0u_A,duplicate_sequence,134,0.0000,0.0000,1.95,data/all_pdb_1y/fed_split/client_3/mmcif_files/9h0u.cif
9h0u_B,duplicate_sequence,134,0.0000,0.0000,1.95,data/all_pdb_1y/fed_split/client_3/mmcif_files/9h0u.cif
9h0u_C,duplicate_sequence,134,0.0000,0.0000,1.95,data/all_pdb_1y/fed_split/client_3/mmcif_files/9h0u.cif
9h5x_B,duplicate_sequence,125,0.0000,0.0000,1.7,data/all_pdb_1y/fed_split/client_3/mmcif_files/9h5x.cif
9h5y_B,duplicate_sequence,125,0.0000,0.0000,1.67,data/all_pdb_1y/fed_split/client_3/mmcif_files/9h5y.cif
9h7a_A,duplicate_sequence,127,0.0000,0.0000,1.76,data/all_pdb_1y/fed_split/client_3/mmcif_files/9h7a.cif
9h7a_B,duplicate_sequence,127,0.0000,0.0000,1.76,data/all_pdb_1y/fed_split/client_3/mmcif_files/9h7a.cif
9h7b_A,duplicate_sequence,127,0.0000,0.0000,1.51,data/all_pdb_1y/fed_split/client_3/mmcif_files/9h7b.cif
9h7b_B,duplicate_sequence,127,0.0000,0.0000,1.51,data/all_pdb_1y/fed_split/client_3/mmcif_files/9h7b.cif
9h7c_A,duplicate_sequence,127,0.0000,0.0000,1.27,data/all_pdb_1y/fed_split/client_3/mmcif_files/9h7c.cif
9h7c_B,duplicate_sequence,127,0.0000,0.0000,1.27,data/all_pdb_1y/fed_split/client_3/mmcif_files/9h7c.cif
9h7d_A,duplicate_sequence,127,0.0000,0.0000,1.23,data/all_pdb_1y/fed_split/client_3/mmcif_files/9h7d.cif
9h7d_B,duplicate_sequence,127,0.0000,0.0000,1.23,data/all_pdb_1y/fed_split/client_3/mmcif_files/9h7d.cif
9h7e_A,duplicate_sequence,127,0.0000,0.0000,1.43,data/all_pdb_1y/fed_split/client_3/mmcif_files/9h7e.cif
9h7e_B,duplicate_sequence,127,0.0000,0.0000,1.43,data/all_pdb_1y/fed_split/client_3/mmcif_files/9h7e.cif
9h7f_A,duplicate_sequence,127,0.0000,0.0000,1.24,data/all_pdb_1y/fed_split/client_3/mmcif_files/9h7f.cif
9h7f_B,duplicate_sequence,127,0.0000,0.0000,1.24,data/all_pdb_1y/fed_split/client_3/mmcif_files/9h7f.cif
9h7g_A,duplicate_sequence,127,0.0000,0.0000,1.49,data/all_pdb_1y/fed_split/client_3/mmcif_files/9h7g.cif
9h7g_B,duplicate_sequence,127,0.0000,0.0000,1.49,data/all_pdb_1y/fed_split/client_3/mmcif_files/9h7g.cif
9h7h_A,duplicate_sequence,127,0.0000,0.0000,1.47,data/all_pdb_1y/fed_split/client_3/mmcif_files/9h7h.cif
9h7h_B,duplicate_sequence,127,0.0000,0.0000,1.47,data/all_pdb_1y/fed_split/client_3/mmcif_files/9h7h.cif
9h7i_A,duplicate_sequence,127,0.0000,0.0000,1.21,data/all_pdb_1y/fed_split/client_3/mmcif_files/9h7i.cif
9h7i_B,duplicate_sequence,127,0.0000,0.0000,1.21,data/all_pdb_1y/fed_split/client_3/mmcif_files/9h7i.cif
9h7j_A,duplicate_sequence,127,0.0000,0.0000,1.3,data/all_pdb_1y/fed_split/client_3/mmcif_files/9h7j.cif
9h7j_B,duplicate_sequence,127,0.0000,0.0000,1.3,data/all_pdb_1y/fed_split/client_3/mmcif_files/9h7j.cif
9h7k_A,duplicate_sequence,127,0.0000,0.0000,1.6,data/all_pdb_1y/fed_split/client_3/mmcif_files/9h7k.cif
9h7k_B,duplicate_sequence,127,0.0000,0.0000,1.6,data/all_pdb_1y/fed_split/client_3/mmcif_files/9h7k.cif
9h7l_A,duplicate_sequence,127,0.0000,0.0000,1.18,data/all_pdb_1y/fed_split/client_3/mmcif_files/9h7l.cif
9h7l_B,duplicate_sequence,127,0.0000,0.0000,1.18,data/all_pdb_1y/fed_split/client_3/mmcif_files/9h7l.cif
9h7m_A,duplicate_sequence,127,0.0000,0.0000,1.27,data/all_pdb_1y/fed_split/client_3/mmcif_files/9h7m.cif
9h7m_B,duplicate_sequence,127,0.0000,0.0000,1.27,data/all_pdb_1y/fed_split/client_3/mmcif_files/9h7m.cif
9h7n_A,duplicate_sequence,127,0.0000,0.0000,1.26,data/all_pdb_1y/fed_split/client_3/mmcif_files/9h7n.cif
9h7n_B,duplicate_sequence,127,0.0000,0.0000,1.26,data/all_pdb_1y/fed_split/client_3/mmcif_files/9h7n.cif
9h7o_A,duplicate_sequence,127,0.0000,0.0000,1.24,data/all_pdb_1y/fed_split/client_3/mmcif_files/9h7o.cif
9h7o_B,duplicate_sequence,127,0.0000,0.0000,1.24,data/all_pdb_1y/fed_split/client_3/mmcif_files/9h7o.cif
9h7p_B,duplicate_sequence,127,0.0000,0.0000,1.36,data/all_pdb_1y/fed_split/client_3/mmcif_files/9h7p.cif
9hbd_B,duplicate_sequence,90,0.0000,0.0000,1.09,data/all_pdb_1y/fed_split/client_3/mmcif_files/9hbd.cif
9hbe_A,duplicate_sequence,90,0.0000,0.0000,1.19,data/all_pdb_1y/fed_split/client_3/mmcif_files/9hbe.cif
9hbe_B,duplicate_sequence,90,0.0000,0.0000,1.19,data/all_pdb_1y/fed_split/client_3/mmcif_files/9hbe.cif
9hbf_A,duplicate_sequence,91,0.0000,0.0000,1.19,data/all_pdb_1y/fed_split/client_3/mmcif_files/9hbf.cif
9hbm_A,duplicate_sequence,223,0.0000,0.0000,1.83,data/all_pdb_1y/fed_split/client_3/mmcif_files/9hbm.cif
9hbm_B,duplicate_sequence,223,0.0000,0.0000,1.83,data/all_pdb_1y/fed_split/client_3/mmcif_files/9hbm.cif
9hcn_A,duplicate_sequence,224,0.0000,0.0000,1.93,data/all_pdb_1y/fed_split/client_3/mmcif_files/9hcn.cif
9hcp_A,duplicate_sequence,224,0.0000,0.0000,1.7,data/all_pdb_1y/fed_split/client_3/mmcif_files/9hcp.cif
9hcq_A,duplicate_sequence,224,0.0000,0.0000,1.96,data/all_pdb_1y/fed_split/client_3/mmcif_files/9hcq.cif
9hcr_A,duplicate_sequence,224,0.0000,0.0000,1.931,data/all_pdb_1y/fed_split/client_3/mmcif_files/9hcr.cif
9hct_A,duplicate_sequence,224,0.0000,0.0000,1.7,data/all_pdb_1y/fed_split/client_3/mmcif_files/9hct.cif
9hcx_A,duplicate_sequence,224,0.0000,0.0000,1.69,data/all_pdb_1y/fed_split/client_3/mmcif_files/9hcx.cif
9hcy_A,duplicate_sequence,224,0.0000,0.0000,1.93,data/all_pdb_1y/fed_split/client_3/mmcif_files/9hcy.cif
9hcz_A,duplicate_sequence,224,0.0000,0.0000,1.55,data/all_pdb_1y/fed_split/client_3/mmcif_files/9hcz.cif
9hd0_A,duplicate_sequence,224,0.0000,0.0000,1.93,data/all_pdb_1y/fed_split/client_3/mmcif_files/9hd0.cif
9hd1_A,duplicate_sequence,224,0.0000,0.0000,1.73,data/all_pdb_1y/fed_split/client_3/mmcif_files/9hd1.cif
9hd9_A,duplicate_sequence,224,0.0000,0.0000,1.87,data/all_pdb_1y/fed_split/client_3/mmcif_files/9hd9.cif
9hdg_A,duplicate_sequence,219,0.0000,0.0000,1.26,data/all_pdb_1y/fed_split/client_3/mmcif_files/9hdg.cif
9hf9_A,duplicate_sequence,224,0.0000,0.0000,1.9,data/all_pdb_1y/fed_split/client_3/mmcif_files/9hf9.cif
9hi5_B,duplicate_sequence,223,0.0000,0.0000,1.9,data/all_pdb_1y/fed_split/client_3/mmcif_files/9hi5.cif
9hi5_C,duplicate_sequence,223,0.0000,0.0000,1.9,data/all_pdb_1y/fed_split/client_3/mmcif_files/9hi5.cif
9hi5_D,duplicate_sequence,223,0.0000,0.0000,1.9,data/all_pdb_1y/fed_split/client_3/mmcif_files/9hi5.cif
9hj2_C,duplicate_sequence,265,0.0000,0.0000,1.6,data/all_pdb_1y/fed_split/client_3/mmcif_files/9hj2.cif
9hly_AaA,duplicate_sequence,295,0.0000,0.0000,1.96,data/all_pdb_1y/fed_split/client_3/mmcif_files/9hly.cif
9hly_BaB,duplicate_sequence,295,0.0000,0.0000,1.96,data/all_pdb_1y/fed_split/client_3/mmcif_files/9hly.cif
9hmt_AaA,duplicate_sequence,295,0.0000,0.0000,1.38,data/all_pdb_1y/fed_split/client_3/mmcif_files/9hmt.cif
9hq8_B,duplicate_sequence,105,0.0000,0.0000,2.0,data/all_pdb_1y/fed_split/client_3/mmcif_files/9hq8.cif
9hrq_A,duplicate_sequence,295,0.0000,0.0000,1.54,data/all_pdb_1y/fed_split/client_3/mmcif_files/9hrq.cif
9hrq_B,duplicate_sequence,295,0.0000,0.0000,1.54,data/all_pdb_1y/fed_split/client_3/mmcif_files/9hrq.cif
9hrr_A,duplicate_sequence,295,0.0000,0.0000,1.64,data/all_pdb_1y/fed_split/client_3/mmcif_files/9hrr.cif
9hrr_B,duplicate_sequence,295,0.0000,0.0000,1.64,data/all_pdb_1y/fed_split/client_3/mmcif_files/9hrr.cif
9hrv_A,duplicate_sequence,90,0.0000,0.0000,1.04,data/all_pdb_1y/fed_split/client_3/mmcif_files/9hrv.cif
9hrw_A,duplicate_sequence,90,0.0000,0.0000,1.07,data/all_pdb_1y/fed_split/client_3/mmcif_files/9hrw.cif
9hrw_B,duplicate_sequence,90,0.0000,0.0000,1.07,data/all_pdb_1y/fed_split/client_3/mmcif_files/9hrw.cif
9hrx_A,duplicate_sequence,90,0.0000,0.0000,1.49,data/all_pdb_1y/fed_split/client_3/mmcif_files/9hrx.cif
9hrx_B,duplicate_sequence,90,0.0000,0.0000,1.49,data/all_pdb_1y/fed_split/client_3/mmcif_files/9hrx.cif
9hry_A,duplicate_sequence,91,0.0000,0.0000,1.5,data/all_pdb_1y/fed_split/client_3/mmcif_files/9hry.cif
9hry_B,duplicate_sequence,91,0.0000,0.0000,1.5,data/all_pdb_1y/fed_split/client_3/mmcif_files/9hry.cif
9hry_C,duplicate_sequence,91,0.0000,0.0000,1.5,data/all_pdb_1y/fed_split/client_3/mmcif_files/9hry.cif
9hry_D,duplicate_sequence,91,0.0000,0.0000,1.5,data/all_pdb_1y/fed_split/client_3/mmcif_files/9hry.cif
9hry_E,duplicate_sequence,91,0.0000,0.0000,1.5,data/all_pdb_1y/fed_split/client_3/mmcif_files/9hry.cif
9hry_F,duplicate_sequence,91,0.0000,0.0000,1.5,data/all_pdb_1y/fed_split/client_3/mmcif_files/9hry.cif
9hth_B,duplicate_sequence,173,0.0000,0.0000,1.378,data/all_pdb_1y/fed_split/client_3/mmcif_files/9hth.cif
9i1a_A,duplicate_sequence,182,0.0000,0.0000,1.73,data/all_pdb_1y/fed_split/client_3/mmcif_files/9i1a.cif
9i1b_A,duplicate_sequence,182,0.0000,0.0000,1.63,data/all_pdb_1y/fed_split/client_3/mmcif_files/9i1b.cif
9i1e_A,duplicate_sequence,183,0.0000,0.0000,1.76,data/all_pdb_1y/fed_split/client_3/mmcif_files/9i1e.cif
9i1f_A,duplicate_sequence,182,0.0000,0.0000,1.72,data/all_pdb_1y/fed_split/client_3/mmcif_files/9i1f.cif
9i1n_A,duplicate_sequence,91,0.0000,0.0000,1.7,data/all_pdb_1y/fed_split/client_3/mmcif_files/9i1n.cif
9i1o_A,duplicate_sequence,91,0.0000,0.0000,1.64,data/all_pdb_1y/fed_split/client_3/mmcif_files/9i1o.cif
9i1o_B,duplicate_sequence,91,0.0000,0.0000,1.64,data/all_pdb_1y/fed_split/client_3/mmcif_files/9i1o.cif
9i1o_C,duplicate_sequence,91,0.0000,0.0000,1.64,data/all_pdb_1y/fed_split/client_3/mmcif_files/9i1o.cif
9i1o_D,duplicate_sequence,91,0.0000,0.0000,1.64,data/all_pdb_1y/fed_split/client_3/mmcif_files/9i1o.cif
9i1o_E,duplicate_sequence,91,0.0000,0.0000,1.64,data/all_pdb_1y/fed_split/client_3/mmcif_files/9i1o.cif
9i1o_F,duplicate_sequence,91,0.0000,0.0000,1.64,data/all_pdb_1y/fed_split/client_3/mmcif_files/9i1o.cif
9i2i_B,duplicate_sequence,56,0.0000,0.0000,1.08,data/all_pdb_1y/fed_split/client_3/mmcif_files/9i2i.cif
9i5w_B,duplicate_sequence,116,0.0000,0.0000,1.774,data/all_pdb_1y/fed_split/client_3/mmcif_files/9i5w.cif
9i63_B,duplicate_sequence,82,0.0000,0.0000,1.65,data/all_pdb_1y/fed_split/client_3/mmcif_files/9i63.cif
9ib7_A,duplicate_sequence,139,0.0000,0.0000,1.5,data/all_pdb_1y/fed_split/client_3/mmcif_files/9ib7.cif
9ib7_B,duplicate_sequence,139,0.0000,0.0000,1.5,data/all_pdb_1y/fed_split/client_3/mmcif_files/9ib7.cif
9ib7_C,duplicate_sequence,139,0.0000,0.0000,1.5,data/all_pdb_1y/fed_split/client_3/mmcif_files/9ib7.cif
9ib8_C,duplicate_sequence,139,0.0000,0.0000,1.6,data/all_pdb_1y/fed_split/client_3/mmcif_files/9ib8.cif
9ib8_A,duplicate_sequence,139,0.0000,0.0000,1.6,data/all_pdb_1y/fed_split/client_3/mmcif_files/9ib8.cif
9ib8_B,duplicate_sequence,139,0.0000,0.0000,1.6,data/all_pdb_1y/fed_split/client_3/mmcif_files/9ib8.cif
9ib9_A,duplicate_sequence,139,0.0000,0.0000,1.3,data/all_pdb_1y/fed_split/client_3/mmcif_files/9ib9.cif
9ib9_B,duplicate_sequence,139,0.0000,0.0000,1.3,data/all_pdb_1y/fed_split/client_3/mmcif_files/9ib9.cif
9ib9_C,duplicate_sequence,139,0.0000,0.0000,1.3,data/all_pdb_1y/fed_split/client_3/mmcif_files/9ib9.cif
9ib9_D,duplicate_sequence,139,0.0000,0.0000,1.3,data/all_pdb_1y/fed_split/client_3/mmcif_files/9ib9.cif
9ib9_E,duplicate_sequence,139,0.0000,0.0000,1.3,data/all_pdb_1y/fed_split/client_3/mmcif_files/9ib9.cif
9ib9_F,duplicate_sequence,139,0.0000,0.0000,1.3,data/all_pdb_1y/fed_split/client_3/mmcif_files/9ib9.cif
9ik0_B,duplicate_sequence,157,0.0000,0.0000,2.0,data/all_pdb_1y/fed_split/client_3/mmcif_files/9ik0.cif
9im9_B,duplicate_sequence,141,0.0000,0.0000,1.81,data/all_pdb_1y/fed_split/client_3/mmcif_files/9im9.cif
9ipr_B,duplicate_sequence,141,0.0000,0.0000,1.94,data/all_pdb_1y/fed_split/client_3/mmcif_files/9ipr.cif
9ipr_C,duplicate_sequence,141,0.0000,0.0000,1.94,data/all_pdb_1y/fed_split/client_3/mmcif_files/9ipr.cif
9ipr_D,duplicate_sequence,141,0.0000,0.0000,1.94,data/all_pdb_1y/fed_split/client_3/mmcif_files/9ipr.cif
9ipr_E,duplicate_sequence,141,0.0000,0.0000,1.94,data/all_pdb_1y/fed_split/client_3/mmcif_files/9ipr.cif
9ipr_F,duplicate_sequence,141,0.0000,0.0000,1.94,data/all_pdb_1y/fed_split/client_3/mmcif_files/9ipr.cif
9ipr_G,duplicate_sequence,141,0.0000,0.0000,1.94,data/all_pdb_1y/fed_split/client_3/mmcif_files/9ipr.cif
9ipr_H,duplicate_sequence,141,0.0000,0.0000,1.94,data/all_pdb_1y/fed_split/client_3/mmcif_files/9ipr.cif
9iq7_B,duplicate_sequence,133,0.0000,0.0000,1.77,data/all_pdb_1y/fed_split/client_3/mmcif_files/9iq7.cif
9iqd_B,duplicate_sequence,132,0.0000,0.0000,1.77,data/all_pdb_1y/fed_split/client_3/mmcif_files/9iqd.cif
9iqd_C,duplicate_sequence,132,0.0000,0.0000,1.77,data/all_pdb_1y/fed_split/client_3/mmcif_files/9iqd.cif
9iqd_D,duplicate_sequence,132,0.0000,0.0000,1.77,data/all_pdb_1y/fed_split/client_3/mmcif_files/9iqd.cif
9iqk_A,duplicate_sequence,133,0.0000,0.0000,1.8,data/all_pdb_1y/fed_split/client_3/mmcif_files/9iqk.cif
9iqk_B,duplicate_sequence,133,0.0000,0.0000,1.8,data/all_pdb_1y/fed_split/client_3/mmcif_files/9iqk.cif
9iql_A,duplicate_sequence,133,0.0000,0.0000,1.65,data/all_pdb_1y/fed_split/client_3/mmcif_files/9iql.cif
9iql_B,duplicate_sequence,133,0.0000,0.0000,1.65,data/all_pdb_1y/fed_split/client_3/mmcif_files/9iql.cif
9ir1_B,duplicate_sequence,141,0.0000,0.0000,1.77,data/all_pdb_1y/fed_split/client_3/mmcif_files/9ir1.cif
9iud_B,duplicate_sequence,138,0.0000,0.0000,1.98,data/all_pdb_1y/fed_split/client_3/mmcif_files/9iud.cif
9iud_C,duplicate_sequence,138,0.0000,0.0000,1.98,data/all_pdb_1y/fed_split/client_3/mmcif_files/9iud.cif
9iud_D,duplicate_sequence,138,0.0000,0.0000,1.98,data/all_pdb_1y/fed_split/client_3/mmcif_files/9iud.cif
9iud_E,duplicate_sequence,138,0.0000,0.0000,1.98,data/all_pdb_1y/fed_split/client_3/mmcif_files/9iud.cif
9iud_F,duplicate_sequence,138,0.0000,0.0000,1.98,data/all_pdb_1y/fed_split/client_3/mmcif_files/9iud.cif
9iud_G,duplicate_sequence,138,0.0000,0.0000,1.98,data/all_pdb_1y/fed_split/client_3/mmcif_files/9iud.cif
9iud_H,duplicate_sequence,138,0.0000,0.0000,1.98,data/all_pdb_1y/fed_split/client_3/mmcif_files/9iud.cif
9izt_B,duplicate_sequence,297,0.0000,0.0000,1.8,data/all_pdb_1y/fed_split/client_3/mmcif_files/9izt.cif
9j0r_B,duplicate_sequence,228,0.0044,0.0044,1.66,data/all_pdb_1y/fed_split/client_3/mmcif_files/9j0r.cif
9j11_A,duplicate_sequence,248,0.0040,0.0040,1.85,data/all_pdb_1y/fed_split/client_3/mmcif_files/9j11.cif
9j11_B,duplicate_sequence,248,0.0040,0.0040,1.85,data/all_pdb_1y/fed_split/client_3/mmcif_files/9j11.cif
9jgo_A,duplicate_sequence,182,0.0000,0.0000,1.851,data/all_pdb_1y/fed_split/client_3/mmcif_files/9jgo.cif
9jjs_B,duplicate_sequence,121,0.0000,0.0000,1.52,data/all_pdb_1y/fed_split/client_3/mmcif_files/9jjs.cif
9jjz_A,duplicate_sequence,121,0.0000,0.0000,1.61,data/all_pdb_1y/fed_split/client_3/mmcif_files/9jjz.cif
9jjz_B,duplicate_sequence,121,0.0000,0.0000,1.61,data/all_pdb_1y/fed_split/client_3/mmcif_files/9jjz.cif
9jm2_A,duplicate_sequence,73,0.0000,0.0000,2.0,data/all_pdb_1y/fed_split/client_3/mmcif_files/9jm2.cif
9jnj_B,duplicate_sequence,268,0.0000,0.0000,2.0,data/all_pdb_1y/fed_split/client_3/mmcif_files/9jnj.cif
9jnj_C,duplicate_sequence,268,0.0000,0.0000,2.0,data/all_pdb_1y/fed_split/client_3/mmcif_files/9jnj.cif
9jnj_D,duplicate_sequence,268,0.0000,0.0000,2.0,data/all_pdb_1y/fed_split/client_3/mmcif_files/9jnj.cif
9juy_A,duplicate_sequence,133,0.0000,0.0000,1.42,data/all_pdb_1y/fed_split/client_3/mmcif_files/9juy.cif
9jv7_B,duplicate_sequence,236,0.0042,0.0042,1.9,data/all_pdb_1y/fed_split/client_3/mmcif_files/9jv7.cif
9jwr_B,duplicate_sequence,197,0.0000,0.0000,1.7,data/all_pdb_1y/fed_split/client_3/mmcif_files/9jwr.cif
9jwr_C,duplicate_sequence,197,0.0000,0.0000,1.7,data/all_pdb_1y/fed_split/client_3/mmcif_files/9jwr.cif
9jyp_A,duplicate_sequence,163,0.0000,0.0000,1.6,data/all_pdb_1y/fed_split/client_3/mmcif_files/9jyp.cif
9jyr_A,duplicate_sequence,163,0.0000,0.0000,1.65,data/all_pdb_1y/fed_split/client_3/mmcif_files/9jyr.cif
9jys_A,duplicate_sequence,163,0.0000,0.0000,1.75,data/all_pdb_1y/fed_split/client_3/mmcif_files/9jys.cif
9jyt_A,duplicate_sequence,163,0.0000,0.0000,1.85,data/all_pdb_1y/fed_split/client_3/mmcif_files/9jyt.cif
9jyv_A,duplicate_sequence,163,0.0000,0.0000,1.8,data/all_pdb_1y/fed_split/client_3/mmcif_files/9jyv.cif
9jz2_A,duplicate_sequence,163,0.0000,0.0000,1.55,data/all_pdb_1y/fed_split/client_3/mmcif_files/9jz2.cif
9jz3_A,duplicate_sequence,163,0.0000,0.0000,1.98,data/all_pdb_1y/fed_split/client_3/mmcif_files/9jz3.cif
9jz4_A,duplicate_sequence,163,0.0000,0.0000,1.82,data/all_pdb_1y/fed_split/client_3/mmcif_files/9jz4.cif
9jz6_A,duplicate_sequence,163,0.0000,0.0000,1.65,data/all_pdb_1y/fed_split/client_3/mmcif_files/9jz6.cif
9jzg_A,duplicate_sequence,163,0.0000,0.0000,1.76,data/all_pdb_1y/fed_split/client_3/mmcif_files/9jzg.cif
9jzs_A,duplicate_sequence,163,0.0000,0.0000,1.91,data/all_pdb_1y/fed_split/client_3/mmcif_files/9jzs.cif
9jzu_A,duplicate_sequence,163,0.0000,0.0000,1.68,data/all_pdb_1y/fed_split/client_3/mmcif_files/9jzu.cif
9jzv_A,duplicate_sequence,163,0.0000,0.0000,1.9,data/all_pdb_1y/fed_split/client_3/mmcif_files/9jzv.cif
9kbu_B,duplicate_sequence,169,0.0000,0.0000,1.8,data/all_pdb_1y/fed_split/client_3/mmcif_files/9kbu.cif
9kcz_B,duplicate_sequence,288,0.0000,0.0000,1.89,data/all_pdb_1y/fed_split/client_3/mmcif_files/9kcz.cif
9kcz_C,duplicate_sequence,288,0.0000,0.0000,1.89,data/all_pdb_1y/fed_split/client_3/mmcif_files/9kcz.cif
9kcz_D,duplicate_sequence,288,0.0000,0.0000,1.89,data/all_pdb_1y/fed_split/client_3/mmcif_files/9kcz.cif
9kcz_E,duplicate_sequence,288,0.0000,0.0000,1.89,data/all_pdb_1y/fed_split/client_3/mmcif_files/9kcz.cif
9kcz_F,duplicate_sequence,288,0.0000,0.0000,1.89,data/all_pdb_1y/fed_split/client_3/mmcif_files/9kcz.cif
9ke7_A,duplicate_sequence,163,0.0000,0.0000,1.68,data/all_pdb_1y/fed_split/client_3/mmcif_files/9ke7.cif
9keb_A,duplicate_sequence,163,0.0000,0.0000,1.65,data/all_pdb_1y/fed_split/client_3/mmcif_files/9keb.cif
9kec_A,duplicate_sequence,163,0.0000,0.0000,1.68,data/all_pdb_1y/fed_split/client_3/mmcif_files/9kec.cif
9kel_A,duplicate_sequence,163,0.0000,0.0000,1.96,data/all_pdb_1y/fed_split/client_3/mmcif_files/9kel.cif
9keq_A,duplicate_sequence,163,0.0000,0.0000,1.53,data/all_pdb_1y/fed_split/client_3/mmcif_files/9keq.cif
9kes_A,duplicate_sequence,163,0.0000,0.0000,1.62,data/all_pdb_1y/fed_split/client_3/mmcif_files/9kes.cif
9kew_A,duplicate_sequence,163,0.0000,0.0000,1.6,data/all_pdb_1y/fed_split/client_3/mmcif_files/9kew.cif
9kez_A,duplicate_sequence,163,0.0000,0.0000,1.95,data/all_pdb_1y/fed_split/client_3/mmcif_files/9kez.cif
9kf0_A,duplicate_sequence,163,0.0000,0.0000,1.82,data/all_pdb_1y/fed_split/client_3/mmcif_files/9kf0.cif
9kfc_A,duplicate_sequence,163,0.0000,0.0000,1.56,data/all_pdb_1y/fed_split/client_3/mmcif_files/9kfc.cif
9kfh_A,duplicate_sequence,163,0.0000,0.0000,1.59,data/all_pdb_1y/fed_split/client_3/mmcif_files/9kfh.cif
9kfz_A,duplicate_sequence,163,0.0000,0.0000,1.43,data/all_pdb_1y/fed_split/client_3/mmcif_files/9kfz.cif
9kg9_A,duplicate_sequence,163,0.0000,0.0000,1.55,data/all_pdb_1y/fed_split/client_3/mmcif_files/9kg9.cif
9kgo_A,duplicate_sequence,163,0.0000,0.0000,1.62,data/all_pdb_1y/fed_split/client_3/mmcif_files/9kgo.cif
9kkr_A,duplicate_sequence,174,0.0000,0.0000,1.5,data/all_pdb_1y/fed_split/client_3/mmcif_files/9kkr.cif
9klb_A,duplicate_sequence,283,0.0000,0.0000,1.81,data/all_pdb_1y/fed_split/client_3/mmcif_files/9klb.cif
9klb_B,duplicate_sequence,283,0.0000,0.0000,1.81,data/all_pdb_1y/fed_split/client_3/mmcif_files/9klb.cif
9kn8_A,duplicate_sequence,174,0.0000,0.0000,1.64,data/all_pdb_1y/fed_split/client_3/mmcif_files/9kn8.cif
9kp5_A,duplicate_sequence,174,0.0000,0.0000,1.5,data/all_pdb_1y/fed_split/client_3/mmcif_files/9kp5.cif
9kpa_A,duplicate_sequence,174,0.0000,0.0000,1.5,data/all_pdb_1y/fed_split/client_3/mmcif_files/9kpa.cif
9kx1_A,duplicate_sequence,163,0.0000,0.0000,1.7,data/all_pdb_1y/fed_split/client_3/mmcif_files/9kx1.cif
9kx7_A,duplicate_sequence,163,0.0000,0.0000,1.53,data/all_pdb_1y/fed_split/client_3/mmcif_files/9kx7.cif
9kx9_A,duplicate_sequence,163,0.0000,0.0000,1.62,data/all_pdb_1y/fed_split/client_3/mmcif_files/9kx9.cif
9kxc_A,duplicate_sequence,163,0.0000,0.0000,1.53,data/all_pdb_1y/fed_split/client_3/mmcif_files/9kxc.cif
9kxd_A,duplicate_sequence,163,0.0000,0.0000,1.6,data/all_pdb_1y/fed_split/client_3/mmcif_files/9kxd.cif
9kxe_A,duplicate_sequence,163,0.0000,0.0000,1.61,data/all_pdb_1y/fed_split/client_3/mmcif_files/9kxe.cif
9kxf_A,duplicate_sequence,163,0.0000,0.0000,1.71,data/all_pdb_1y/fed_split/client_3/mmcif_files/9kxf.cif
9kxg_A,duplicate_sequence,163,0.0000,0.0000,1.58,data/all_pdb_1y/fed_split/client_3/mmcif_files/9kxg.cif
9kxh_A,duplicate_sequence,163,0.0000,0.0000,1.68,data/all_pdb_1y/fed_split/client_3/mmcif_files/9kxh.cif
9kxi_A,duplicate_sequence,163,0.0000,0.0000,1.77,data/all_pdb_1y/fed_split/client_3/mmcif_files/9kxi.cif
9kxj_A,duplicate_sequence,163,0.0000,0.0000,1.57,data/all_pdb_1y/fed_split/client_3/mmcif_files/9kxj.cif
9kxk_A,duplicate_sequence,163,0.0000,0.0000,1.96,data/all_pdb_1y/fed_split/client_3/mmcif_files/9kxk.cif
9kxl_A,duplicate_sequence,163,0.0000,0.0000,1.7,data/all_pdb_1y/fed_split/client_3/mmcif_files/9kxl.cif
9kxm_A,duplicate_sequence,163,0.0000,0.0000,1.64,data/all_pdb_1y/fed_split/client_3/mmcif_files/9kxm.cif
9kxn_A,duplicate_sequence,163,0.0000,0.0000,1.67,data/all_pdb_1y/fed_split/client_3/mmcif_files/9kxn.cif
9kxo_A,duplicate_sequence,163,0.0000,0.0000,1.75,data/all_pdb_1y/fed_split/client_3/mmcif_files/9kxo.cif
9kxp_A,duplicate_sequence,163,0.0000,0.0000,1.81,data/all_pdb_1y/fed_split/client_3/mmcif_files/9kxp.cif
9kxq_A,duplicate_sequence,163,0.0000,0.0000,1.69,data/all_pdb_1y/fed_split/client_3/mmcif_files/9kxq.cif
9l1f_B,duplicate_sequence,243,0.0000,0.0000,1.6,data/all_pdb_1y/fed_split/client_3/mmcif_files/9l1f.cif
9l2r_B,duplicate_sequence,63,0.0000,0.0000,1.9,data/all_pdb_1y/fed_split/client_3/mmcif_files/9l2r.cif
9l2r_C,duplicate_sequence,63,0.0000,0.0000,1.9,data/all_pdb_1y/fed_split/client_3/mmcif_files/9l2r.cif
9l2w_A,duplicate_sequence,63,0.0000,0.0000,1.5,data/all_pdb_1y/fed_split/client_3/mmcif_files/9l2w.cif
9l2w_B,duplicate_sequence,63,0.0000,0.0000,1.5,data/all_pdb_1y/fed_split/client_3/mmcif_files/9l2w.cif
9l2w_C,duplicate_sequence,63,0.0000,0.0000,1.5,data/all_pdb_1y/fed_split/client_3/mmcif_files/9l2w.cif
9l6m_B,duplicate_sequence,155,0.0000,0.0000,1.78,data/all_pdb_1y/fed_split/client_3/mmcif_files/9l6m.cif
9l6m_C,duplicate_sequence,155,0.0000,0.0000,1.78,data/all_pdb_1y/fed_split/client_3/mmcif_files/9l6m.cif
9l92_B,duplicate_sequence,215,0.0000,0.0000,1.97,data/all_pdb_1y/fed_split/client_3/mmcif_files/9l92.cif
9ld8_A,duplicate_sequence,241,0.0041,0.0041,1.7,data/all_pdb_1y/fed_split/client_3/mmcif_files/9ld8.cif
9ld9_A,duplicate_sequence,241,0.0041,0.0041,2.0,data/all_pdb_1y/fed_split/client_3/mmcif_files/9ld9.cif
9ler_B,duplicate_sequence,291,0.0000,0.0000,1.68,data/all_pdb_1y/fed_split/client_3/mmcif_files/9ler.cif
9les_B,duplicate_sequence,290,0.0000,0.0000,1.69,data/all_pdb_1y/fed_split/client_3/mmcif_files/9les.cif
9lg0_A,duplicate_sequence,175,0.0000,0.0000,1.81,data/all_pdb_1y/fed_split/client_3/mmcif_files/9lg0.cif
9lg0_B,duplicate_sequence,175,0.0000,0.0000,1.81,data/all_pdb_1y/fed_split/client_3/mmcif_files/9lg0.cif
9lh1_A,duplicate_sequence,288,0.0000,0.0000,2.0,data/all_pdb_1y/fed_split/client_3/mmcif_files/9lh1.cif
9lkp_B,duplicate_sequence,241,0.0000,0.0000,1.63,data/all_pdb_1y/fed_split/client_3/mmcif_files/9lkp.cif
9lkp_C,duplicate_sequence,241,0.0000,0.0000,1.63,data/all_pdb_1y/fed_split/client_3/mmcif_files/9lkp.cif
9lkp_D,duplicate_sequence,241,0.0000,0.0000,1.63,data/all_pdb_1y/fed_split/client_3/mmcif_files/9lkp.cif
9lkp_E,duplicate_sequence,241,0.0000,0.0000,1.63,data/all_pdb_1y/fed_split/client_3/mmcif_files/9lkp.cif
9ll3_A,duplicate_sequence,241,0.0000,0.0000,1.92,data/all_pdb_1y/fed_split/client_3/mmcif_files/9ll3.cif
9ll3_B,duplicate_sequence,241,0.0000,0.0000,1.92,data/all_pdb_1y/fed_split/client_3/mmcif_files/9ll3.cif
9ll3_C,duplicate_sequence,241,0.0000,0.0000,1.92,data/all_pdb_1y/fed_split/client_3/mmcif_files/9ll3.cif
9ll3_D,duplicate_sequence,241,0.0000,0.0000,1.92,data/all_pdb_1y/fed_split/client_3/mmcif_files/9ll3.cif
9ll3_E,duplicate_sequence,241,0.0000,0.0000,1.92,data/all_pdb_1y/fed_split/client_3/mmcif_files/9ll3.cif
9lnh_A,duplicate_sequence,175,0.0000,0.0000,1.63,data/all_pdb_1y/fed_split/client_3/mmcif_files/9lnh.cif
9lnh_B,duplicate_sequence,175,0.0000,0.0000,1.63,data/all_pdb_1y/fed_split/client_3/mmcif_files/9lnh.cif
9lnt_C,duplicate_sequence,57,0.0000,0.0000,1.9,data/all_pdb_1y/fed_split/client_3/mmcif_files/9lnt.cif
9lnt_E,duplicate_sequence,57,0.0000,0.0000,1.9,data/all_pdb_1y/fed_split/client_3/mmcif_files/9lnt.cif
9lqk_B,duplicate_sequence,103,0.0000,0.0000,1.55,data/all_pdb_1y/fed_split/client_3/mmcif_files/9lqk.cif
9lqm_B,duplicate_sequence,103,0.0000,0.0000,1.39,data/all_pdb_1y/fed_split/client_3/mmcif_files/9lqm.cif
9ltq_B,duplicate_sequence,183,0.0000,0.0000,1.6,data/all_pdb_1y/fed_split/client_3/mmcif_files/9ltq.cif
9luw_B,duplicate_sequence,183,0.0000,0.0000,2.0,data/all_pdb_1y/fed_split/client_3/mmcif_files/9luw.cif
9luw_C,duplicate_sequence,183,0.0000,0.0000,2.0,data/all_pdb_1y/fed_split/client_3/mmcif_files/9luw.cif
9luw_D,duplicate_sequence,183,0.0000,0.0000,2.0,data/all_pdb_1y/fed_split/client_3/mmcif_files/9luw.cif
9luw_E,duplicate_sequence,183,0.0000,0.0000,2.0,data/all_pdb_1y/fed_split/client_3/mmcif_files/9luw.cif
9luw_F,duplicate_sequence,183,0.0000,0.0000,2.0,data/all_pdb_1y/fed_split/client_3/mmcif_files/9luw.cif
9luw_G,duplicate_sequence,183,0.0000,0.0000,2.0,data/all_pdb_1y/fed_split/client_3/mmcif_files/9luw.cif
9luw_H,duplicate_sequence,183,0.0000,0.0000,2.0,data/all_pdb_1y/fed_split/client_3/mmcif_files/9luw.cif
9m3l_B,duplicate_sequence,186,0.0000,0.0000,2.0,data/all_pdb_1y/fed_split/client_3/mmcif_files/9m3l.cif
9m46_B,duplicate_sequence,67,0.0000,0.0000,1.77,data/all_pdb_1y/fed_split/client_3/mmcif_files/9m46.cif
9m46_C,duplicate_sequence,67,0.0000,0.0000,1.77,data/all_pdb_1y/fed_split/client_3/mmcif_files/9m46.cif
9m46_D,duplicate_sequence,67,0.0000,0.0000,1.77,data/all_pdb_1y/fed_split/client_3/mmcif_files/9m46.cif
9m7i_A,duplicate_sequence,290,0.0000,0.0000,1.75,data/all_pdb_1y/fed_split/client_3/mmcif_files/9m7i.cif
9m7i_B,duplicate_sequence,290,0.0000,0.0000,1.75,data/all_pdb_1y/fed_split/client_3/mmcif_files/9m7i.cif
9mrf_B,duplicate_sequence,31,0.0000,0.0000,2.0,data/all_pdb_1y/fed_split/client_3/mmcif_files/9mrf.cif
9mus_B,duplicate_sequence,251,0.0040,0.0040,2.0,data/all_pdb_1y/fed_split/client_3/mmcif_files/9mus.cif
9n2w_B,duplicate_sequence,238,0.0000,0.0000,1.9,data/all_pdb_1y/fed_split/client_3/mmcif_files/9n2w.cif
9n4g_B,duplicate_sequence,173,0.0000,0.0000,1.7,data/all_pdb_1y/fed_split/client_3/mmcif_files/9n4g.cif
9n4h_B,duplicate_sequence,171,0.0000,0.0000,1.65,data/all_pdb_1y/fed_split/client_3/mmcif_files/9n4h.cif
9n4i_B,duplicate_sequence,173,0.0000,0.0000,1.68,data/all_pdb_1y/fed_split/client_3/mmcif_files/9n4i.cif
9n9l_B,duplicate_sequence,243,0.0000,0.0000,1.637,data/all_pdb_1y/fed_split/client_3/mmcif_files/9n9l.cif
9nhr_B,duplicate_sequence,158,0.0000,0.0000,1.95,data/all_pdb_1y/fed_split/client_3/mmcif_files/9nhr.cif
9nhr_C,duplicate_sequence,158,0.0000,0.0000,1.95,data/all_pdb_1y/fed_split/client_3/mmcif_files/9nhr.cif
9nhr_D,duplicate_sequence,158,0.0000,0.0000,1.95,data/all_pdb_1y/fed_split/client_3/mmcif_files/9nhr.cif
9nhr_E,duplicate_sequence,158,0.0000,0.0000,1.95,data/all_pdb_1y/fed_split/client_3/mmcif_files/9nhr.cif
9nhr_F,duplicate_sequence,158,0.0000,0.0000,1.95,data/all_pdb_1y/fed_split/client_3/mmcif_files/9nhr.cif
9nhr_G,duplicate_sequence,158,0.0000,0.0000,1.95,data/all_pdb_1y/fed_split/client_3/mmcif_files/9nhr.cif
9nhr_H,duplicate_sequence,158,0.0000,0.0000,1.95,data/all_pdb_1y/fed_split/client_3/mmcif_files/9nhr.cif
9nhr_I,duplicate_sequence,158,0.0000,0.0000,1.95,data/all_pdb_1y/fed_split/client_3/mmcif_files/9nhr.cif
9nhr_J,duplicate_sequence,158,0.0000,0.0000,1.95,data/all_pdb_1y/fed_split/client_3/mmcif_files/9nhr.cif
9nhr_K,duplicate_sequence,158,0.0000,0.0000,1.95,data/all_pdb_1y/fed_split/client_3/mmcif_files/9nhr.cif
9nhr_L,duplicate_sequence,158,0.0000,0.0000,1.95,data/all_pdb_1y/fed_split/client_3/mmcif_files/9nhr.cif
9nht_A,duplicate_sequence,158,0.0000,0.0000,1.85,data/all_pdb_1y/fed_split/client_3/mmcif_files/9nht.cif
9nht_B,duplicate_sequence,158,0.0000,0.0000,1.85,data/all_pdb_1y/fed_split/client_3/mmcif_files/9nht.cif
9nht_C,duplicate_sequence,158,0.0000,0.0000,1.85,data/all_pdb_1y/fed_split/client_3/mmcif_files/9nht.cif
9nht_D,duplicate_sequence,158,0.0000,0.0000,1.85,data/all_pdb_1y/fed_split/client_3/mmcif_files/9nht.cif
9nht_E,duplicate_sequence,158,0.0000,0.0000,1.85,data/all_pdb_1y/fed_split/client_3/mmcif_files/9nht.cif
9nht_F,duplicate_sequence,158,0.0000,0.0000,1.85,data/all_pdb_1y/fed_split/client_3/mmcif_files/9nht.cif
9nht_G,duplicate_sequence,158,0.0000,0.0000,1.85,data/all_pdb_1y/fed_split/client_3/mmcif_files/9nht.cif
9nht_H,duplicate_sequence,158,0.0000,0.0000,1.85,data/all_pdb_1y/fed_split/client_3/mmcif_files/9nht.cif
9nht_I,duplicate_sequence,158,0.0000,0.0000,1.85,data/all_pdb_1y/fed_split/client_3/mmcif_files/9nht.cif
9nht_J,duplicate_sequence,158,0.0000,0.0000,1.85,data/all_pdb_1y/fed_split/client_3/mmcif_files/9nht.cif
9nht_K,duplicate_sequence,158,0.0000,0.0000,1.85,data/all_pdb_1y/fed_split/client_3/mmcif_files/9nht.cif
9nht_L,duplicate_sequence,158,0.0000,0.0000,1.85,data/all_pdb_1y/fed_split/client_3/mmcif_files/9nht.cif
9nit_A,duplicate_sequence,217,0.0000,0.0000,1.72,data/all_pdb_1y/fed_split/client_3/mmcif_files/9nit.cif
9niv_A,duplicate_sequence,217,0.0000,0.0000,1.75,data/all_pdb_1y/fed_split/client_3/mmcif_files/9niv.cif
9nt6_B,duplicate_sequence,281,0.0000,0.0000,1.5,data/all_pdb_1y/fed_split/client_3/mmcif_files/9nt6.cif
9nv5_B,duplicate_sequence,258,0.0000,0.0000,1.95,data/all_pdb_1y/fed_split/client_3/mmcif_files/9nv5.cif
9nv5_C,duplicate_sequence,258,0.0000,0.0000,1.95,data/all_pdb_1y/fed_split/client_3/mmcif_files/9nv5.cif
9nv5_D,duplicate_sequence,258,0.0000,0.0000,1.95,data/all_pdb_1y/fed_split/client_3/mmcif_files/9nv5.cif
9nyo_B,duplicate_sequence,271,0.0000,0.0000,1.75,data/all_pdb_1y/fed_split/client_3/mmcif_files/9nyo.cif
9nyo_A,duplicate_sequence,271,0.0000,0.0000,1.75,data/all_pdb_1y/fed_split/client_3/mmcif_files/9nyo.cif
9nzb_B,duplicate_sequence,278,0.0000,0.0000,1.85,data/all_pdb_1y/fed_split/client_3/mmcif_files/9nzb.cif
9nzb_C,duplicate_sequence,278,0.0000,0.0000,1.85,data/all_pdb_1y/fed_split/client_3/mmcif_files/9nzb.cif
9nzb_D,duplicate_sequence,278,0.0000,0.0000,1.85,data/all_pdb_1y/fed_split/client_3/mmcif_files/9nzb.cif
9nzb_E,duplicate_sequence,278,0.0000,0.0000,1.85,data/all_pdb_1y/fed_split/client_3/mmcif_files/9nzb.cif
9nzb_F,duplicate_sequence,278,0.0000,0.0000,1.85,data/all_pdb_1y/fed_split/client_3/mmcif_files/9nzb.cif
9nze_B,duplicate_sequence,148,0.0000,0.0000,1.96,data/all_pdb_1y/fed_split/client_3/mmcif_files/9nze.cif
9nze_D,duplicate_sequence,148,0.0000,0.0000,1.96,data/all_pdb_1y/fed_split/client_3/mmcif_files/9nze.cif
9nze_F,duplicate_sequence,148,0.0000,0.0000,1.96,data/all_pdb_1y/fed_split/client_3/mmcif_files/9nze.cif
9o2w_A,duplicate_sequence,233,0.0000,0.0000,1.82,data/all_pdb_1y/fed_split/client_3/mmcif_files/9o2w.cif
9o2w_B,duplicate_sequence,233,0.0000,0.0000,1.82,data/all_pdb_1y/fed_split/client_3/mmcif_files/9o2w.cif
9oer_B,duplicate_sequence,258,0.0000,0.0000,1.72,data/all_pdb_1y/fed_split/client_3/mmcif_files/9oer.cif
9oer_C,duplicate_sequence,258,0.0000,0.0000,1.72,data/all_pdb_1y/fed_split/client_3/mmcif_files/9oer.cif
9oer_D,duplicate_sequence,258,0.0000,0.0000,1.72,data/all_pdb_1y/fed_split/client_3/mmcif_files/9oer.cif
9oer_E,duplicate_sequence,258,0.0000,0.0000,1.72,data/all_pdb_1y/fed_split/client_3/mmcif_files/9oer.cif
9oer_F,duplicate_sequence,258,0.0000,0.0000,1.72,data/all_pdb_1y/fed_split/client_3/mmcif_files/9oer.cif
9oer_G,duplicate_sequence,258,0.0000,0.0000,1.72,data/all_pdb_1y/fed_split/client_3/mmcif_files/9oer.cif
9oer_H,duplicate_sequence,258,0.0000,0.0000,1.72,data/all_pdb_1y/fed_split/client_3/mmcif_files/9oer.cif
9oes_A,duplicate_sequence,258,0.0000,0.0000,1.93,data/all_pdb_1y/fed_split/client_3/mmcif_files/9oes.cif
9oes_B,duplicate_sequence,258,0.0000,0.0000,1.93,data/all_pdb_1y/fed_split/client_3/mmcif_files/9oes.cif
9oes_C,duplicate_sequence,258,0.0000,0.0000,1.93,data/all_pdb_1y/fed_split/client_3/mmcif_files/9oes.cif
9oes_D,duplicate_sequence,258,0.0000,0.0000,1.93,data/all_pdb_1y/fed_split/client_3/mmcif_files/9oes.cif
9oes_E,duplicate_sequence,258,0.0000,0.0000,1.93,data/all_pdb_1y/fed_split/client_3/mmcif_files/9oes.cif
9oes_F,duplicate_sequence,258,0.0000,0.0000,1.93,data/all_pdb_1y/fed_split/client_3/mmcif_files/9oes.cif
9oes_G,duplicate_sequence,258,0.0000,0.0000,1.93,data/all_pdb_1y/fed_split/client_3/mmcif_files/9oes.cif
9oes_H,duplicate_sequence,258,0.0000,0.0000,1.93,data/all_pdb_1y/fed_split/client_3/mmcif_files/9oes.cif
9oet_A,duplicate_sequence,260,0.0000,0.0000,1.9,data/all_pdb_1y/fed_split/client_3/mmcif_files/9oet.cif
9oeu_A,duplicate_sequence,258,0.0000,0.0000,1.67,data/all_pdb_1y/fed_split/client_3/mmcif_files/9oeu.cif
9oeu_B,duplicate_sequence,258,0.0000,0.0000,1.67,data/all_pdb_1y/fed_split/client_3/mmcif_files/9oeu.cif
9oeu_C,duplicate_sequence,258,0.0000,0.0000,1.67,data/all_pdb_1y/fed_split/client_3/mmcif_files/9oeu.cif
9oeu_D,duplicate_sequence,258,0.0000,0.0000,1.67,data/all_pdb_1y/fed_split/client_3/mmcif_files/9oeu.cif
9oeu_E,duplicate_sequence,258,0.0000,0.0000,1.67,data/all_pdb_1y/fed_split/client_3/mmcif_files/9oeu.cif
9oeu_F,duplicate_sequence,258,0.0000,0.0000,1.67,data/all_pdb_1y/fed_split/client_3/mmcif_files/9oeu.cif
9oeu_G,duplicate_sequence,258,0.0000,0.0000,1.67,data/all_pdb_1y/fed_split/client_3/mmcif_files/9oeu.cif
9oeu_H,duplicate_sequence,258,0.0000,0.0000,1.67,data/all_pdb_1y/fed_split/client_3/mmcif_files/9oeu.cif
9ojd_B,duplicate_sequence,286,0.0000,0.0000,1.77,data/all_pdb_1y/fed_split/client_3/mmcif_files/9ojd.cif
9ojp_A,duplicate_sequence,286,0.0000,0.0000,1.68,data/all_pdb_1y/fed_split/client_3/mmcif_files/9ojp.cif
9ojp_B,duplicate_sequence,286,0.0000,0.0000,1.68,data/all_pdb_1y/fed_split/client_3/mmcif_files/9ojp.cif
9ojq_A,duplicate_sequence,286,0.0000,0.0000,2.0,data/all_pdb_1y/fed_split/client_3/mmcif_files/9ojq.cif
9ojq_B,duplicate_sequence,286,0.0000,0.0000,2.0,data/all_pdb_1y/fed_split/client_3/mmcif_files/9ojq.cif
9ojw_A,duplicate_sequence,286,0.0000,0.0000,1.96,data/all_pdb_1y/fed_split/client_3/mmcif_files/9ojw.cif
9ojw_B,duplicate_sequence,286,0.0000,0.0000,1.96,data/all_pdb_1y/fed_split/client_3/mmcif_files/9ojw.cif
9ojx_A,duplicate_sequence,286,0.0000,0.0000,1.83,data/all_pdb_1y/fed_split/client_3/mmcif_files/9ojx.cif
9ojx_B,duplicate_sequence,286,0.0000,0.0000,1.83,data/all_pdb_1y/fed_split/client_3/mmcif_files/9ojx.cif
9ok1_A,duplicate_sequence,286,0.0000,0.0000,1.81,data/all_pdb_1y/fed_split/client_3/mmcif_files/9ok1.cif
9ok1_B,duplicate_sequence,286,0.0000,0.0000,1.81,data/all_pdb_1y/fed_split/client_3/mmcif_files/9ok1.cif
9ok2_A,duplicate_sequence,286,0.0000,0.0000,1.66,data/all_pdb_1y/fed_split/client_3/mmcif_files/9ok2.cif
9ok2_B,duplicate_sequence,286,0.0000,0.0000,1.66,data/all_pdb_1y/fed_split/client_3/mmcif_files/9ok2.cif
9oln_A,duplicate_sequence,286,0.0000,0.0000,1.98,data/all_pdb_1y/fed_split/client_3/mmcif_files/9oln.cif
9oln_B,duplicate_sequence,286,0.0000,0.0000,1.98,data/all_pdb_1y/fed_split/client_3/mmcif_files/9oln.cif
9olz_B,duplicate_sequence,280,0.0000,0.0000,1.71,data/all_pdb_1y/fed_split/client_3/mmcif_files/9olz.cif
9om9_A,duplicate_sequence,286,0.0000,0.0000,1.77,data/all_pdb_1y/fed_split/client_3/mmcif_files/9om9.cif
9om9_B,duplicate_sequence,286,0.0000,0.0000,1.77,data/all_pdb_1y/fed_split/client_3/mmcif_files/9om9.cif
9omu_A,duplicate_sequence,286,0.0000,0.0000,1.55,data/all_pdb_1y/fed_split/client_3/mmcif_files/9omu.cif
9omu_B,duplicate_sequence,286,0.0000,0.0000,1.55,data/all_pdb_1y/fed_split/client_3/mmcif_files/9omu.cif
9omw_A,duplicate_sequence,286,0.0000,0.0000,1.56,data/all_pdb_1y/fed_split/client_3/mmcif_files/9omw.cif
9omw_B,duplicate_sequence,286,0.0000,0.0000,1.56,data/all_pdb_1y/fed_split/client_3/mmcif_files/9omw.cif
9omx_A,duplicate_sequence,286,0.0000,0.0000,1.54,data/all_pdb_1y/fed_split/client_3/mmcif_files/9omx.cif
9omx_B,duplicate_sequence,286,0.0000,0.0000,1.54,data/all_pdb_1y/fed_split/client_3/mmcif_files/9omx.cif
9on0_B,duplicate_sequence,286,0.0000,0.0000,1.83,data/all_pdb_1y/fed_split/client_3/mmcif_files/9on0.cif
9oon_A,duplicate_sequence,286,0.0000,0.0000,1.88,data/all_pdb_1y/fed_split/client_3/mmcif_files/9oon.cif
9oon_B,duplicate_sequence,286,0.0000,0.0000,1.88,data/all_pdb_1y/fed_split/client_3/mmcif_files/9oon.cif
9ooy_A,duplicate_sequence,286,0.0000,0.0000,1.88,data/all_pdb_1y/fed_split/client_3/mmcif_files/9ooy.cif
9ooy_B,duplicate_sequence,286,0.0000,0.0000,1.88,data/all_pdb_1y/fed_split/client_3/mmcif_files/9ooy.cif
9op2_A,duplicate_sequence,286,0.0000,0.0000,1.5,data/all_pdb_1y/fed_split/client_3/mmcif_files/9op2.cif
9op2_B,duplicate_sequence,286,0.0000,0.0000,1.5,data/all_pdb_1y/fed_split/client_3/mmcif_files/9op2.cif
9opg_A,duplicate_sequence,286,0.0000,0.0000,1.74,data/all_pdb_1y/fed_split/client_3/mmcif_files/9opg.cif
9opg_B,duplicate_sequence,286,0.0000,0.0000,1.74,data/all_pdb_1y/fed_split/client_3/mmcif_files/9opg.cif
9oq9_A,duplicate_sequence,286,0.0000,0.0000,1.96,data/all_pdb_1y/fed_split/client_3/mmcif_files/9oq9.cif
9oq9_B,duplicate_sequence,286,0.0000,0.0000,1.96,data/all_pdb_1y/fed_split/client_3/mmcif_files/9oq9.cif
9oqe_B,duplicate_sequence,263,0.0000,0.0000,1.5,data/all_pdb_1y/fed_split/client_3/mmcif_files/9oqe.cif
9or3_A,duplicate_sequence,263,0.0000,0.0000,1.6,data/all_pdb_1y/fed_split/client_3/mmcif_files/9or3.cif
9or3_B,duplicate_sequence,263,0.0000,0.0000,1.6,data/all_pdb_1y/fed_split/client_3/mmcif_files/9or3.cif
9or7_A,duplicate_sequence,263,0.0000,0.0000,1.5,data/all_pdb_1y/fed_split/client_3/mmcif_files/9or7.cif
9or7_B,duplicate_sequence,263,0.0000,0.0000,1.5,data/all_pdb_1y/fed_split/client_3/mmcif_files/9or7.cif
9orb_A,duplicate_sequence,263,0.0000,0.0000,1.5,data/all_pdb_1y/fed_split/client_3/mmcif_files/9orb.cif
9orb_B,duplicate_sequence,263,0.0000,0.0000,1.5,data/all_pdb_1y/fed_split/client_3/mmcif_files/9orb.cif
9oza_A,duplicate_sequence,134,0.0000,0.0000,1.48,data/all_pdb_1y/fed_split/client_3/mmcif_files/9oza.cif
9oza_B,duplicate_sequence,134,0.0000,0.0000,1.48,data/all_pdb_1y/fed_split/client_3/mmcif_files/9oza.cif
9ozb_A,duplicate_sequence,134,0.0000,0.0000,1.99,data/all_pdb_1y/fed_split/client_3/mmcif_files/9ozb.cif
9ozb_B,duplicate_sequence,134,0.0000,0.0000,1.99,data/all_pdb_1y/fed_split/client_3/mmcif_files/9ozb.cif
9ph2_B,duplicate_sequence,179,0.0000,0.0000,1.65,data/all_pdb_1y/fed_split/client_3/mmcif_files/9ph2.cif
9pyo_A,duplicate_sequence,270,0.0000,0.0000,1.5,data/all_pdb_1y/fed_split/client_3/mmcif_files/9pyo.cif
9pze_B,duplicate_sequence,275,0.0000,0.0000,1.68,data/all_pdb_1y/fed_split/client_3/mmcif_files/9pze.cif
9qci_B,duplicate_sequence,249,0.0000,0.0000,2.0,data/all_pdb_1y/fed_split/client_3/mmcif_files/9qci.cif
9qci_C,duplicate_sequence,249,0.0000,0.0000,2.0,data/all_pdb_1y/fed_split/client_3/mmcif_files/9qci.cif
9qdr_B,duplicate_sequence,153,0.0000,0.0000,1.55,data/all_pdb_1y/fed_split/client_3/mmcif_files/9qdr.cif
9qi3_B,duplicate_sequence,266,0.0000,0.0000,1.3,data/all_pdb_1y/fed_split/client_3/mmcif_files/9qi3.cif
9qi5_B,duplicate_sequence,266,0.0000,0.0000,1.8,data/all_pdb_1y/fed_split/client_3/mmcif_files/9qi5.cif
9qi6_B,duplicate_sequence,265,0.0000,0.0000,1.8,data/all_pdb_1y/fed_split/client_3/mmcif_files/9qi6.cif
9qk4_A,duplicate_sequence,232,0.0000,0.0000,2.0,data/all_pdb_1y/fed_split/client_3/mmcif_files/9qk4.cif
9qk5_A,duplicate_sequence,232,0.0000,0.0000,1.45,data/all_pdb_1y/fed_split/client_3/mmcif_files/9qk5.cif
9qk6_A,duplicate_sequence,232,0.0000,0.0000,1.75,data/all_pdb_1y/fed_split/client_3/mmcif_files/9qk6.cif
9qlg_B,duplicate_sequence,161,0.0000,0.0000,1.96,data/all_pdb_1y/fed_split/client_3/mmcif_files/9qlg.cif
9qlg_C,duplicate_sequence,161,0.0000,0.0000,1.96,data/all_pdb_1y/fed_split/client_3/mmcif_files/9qlg.cif
9qlg_D,duplicate_sequence,161,0.0000,0.0000,1.96,data/all_pdb_1y/fed_split/client_3/mmcif_files/9qlg.cif
9qpn_A,duplicate_sequence,244,0.0000,0.0000,1.47,data/all_pdb_1y/fed_split/client_3/mmcif_files/9qpn.cif
9qvu_B,duplicate_sequence,177,0.0000,0.0000,1.75,data/all_pdb_1y/fed_split/client_3/mmcif_files/9qvu.cif
9qvu_C,duplicate_sequence,177,0.0000,0.0000,1.75,data/all_pdb_1y/fed_split/client_3/mmcif_files/9qvu.cif
9qw2_A,duplicate_sequence,177,0.0000,0.0000,1.92,data/all_pdb_1y/fed_split/client_3/mmcif_files/9qw2.cif
9qw2_B,duplicate_sequence,177,0.0000,0.0000,1.92,data/all_pdb_1y/fed_split/client_3/mmcif_files/9qw2.cif
9qw2_C,duplicate_sequence,177,0.0000,0.0000,1.92,data/all_pdb_1y/fed_split/client_3/mmcif_files/9qw2.cif
9qw3_A,duplicate_sequence,177,0.0000,0.0000,1.63,data/all_pdb_1y/fed_split/client_3/mmcif_files/9qw3.cif
9qw3_B,duplicate_sequence,177,0.0000,0.0000,1.63,data/all_pdb_1y/fed_split/client_3/mmcif_files/9qw3.cif
9qw3_C,duplicate_sequence,177,0.0000,0.0000,1.63,data/all_pdb_1y/fed_split/client_3/mmcif_files/9qw3.cif
9qw4_A,duplicate_sequence,177,0.0000,0.0000,1.85,data/all_pdb_1y/fed_split/client_3/mmcif_files/9qw4.cif
9qw4_B,duplicate_sequence,177,0.0000,0.0000,1.85,data/all_pdb_1y/fed_split/client_3/mmcif_files/9qw4.cif
9qw4_C,duplicate_sequence,177,0.0000,0.0000,1.85,data/all_pdb_1y/fed_split/client_3/mmcif_files/9qw4.cif
9qwv_B,duplicate_sequence,267,0.0000,0.0000,2.0,data/all_pdb_1y/fed_split/client_3/mmcif_files/9qwv.cif
9r0x_B,duplicate_sequence,246,0.0000,0.0000,1.13,data/all_pdb_1y/fed_split/client_3/mmcif_files/9r0x.cif
9r0y_A,duplicate_sequence,246,0.0000,0.0000,1.27,data/all_pdb_1y/fed_split/client_3/mmcif_files/9r0y.cif
9r0y_B,duplicate_sequence,246,0.0000,0.0000,1.27,data/all_pdb_1y/fed_split/client_3/mmcif_files/9r0y.cif
9r9c_B,duplicate_sequence,184,0.0000,0.0000,1.59,data/all_pdb_1y/fed_split/client_3/mmcif_files/9r9c.cif
9raj_A,duplicate_sequence,291,0.0000,0.0000,1.7,data/all_pdb_1y/fed_split/client_3/mmcif_files/9raj.cif
9rao_A,duplicate_sequence,291,0.0000,0.0000,1.7,data/all_pdb_1y/fed_split/client_3/mmcif_files/9rao.cif
9rgh_AAA,duplicate_sequence,182,0.0000,0.0000,1.383,data/all_pdb_1y/fed_split/client_3/mmcif_files/9rgh.cif
9rgi_AAA,duplicate_sequence,182,0.0000,0.0000,1.543,data/all_pdb_1y/fed_split/client_3/mmcif_files/9rgi.cif
9rgj_AAA,duplicate_sequence,182,0.0000,0.0000,1.498,data/all_pdb_1y/fed_split/client_3/mmcif_files/9rgj.cif
9rgk_B,duplicate_sequence,129,0.0000,0.0000,1.7,data/all_pdb_1y/fed_split/client_3/mmcif_files/9rgk.cif
9rgq_B,duplicate_sequence,290,0.0000,0.0000,2.0,data/all_pdb_1y/fed_split/client_3/mmcif_files/9rgq.cif
9rgt_A,duplicate_sequence,290,0.0000,0.0000,2.0,data/all_pdb_1y/fed_split/client_3/mmcif_files/9rgt.cif
9rgt_B,duplicate_sequence,290,0.0000,0.0000,2.0,data/all_pdb_1y/fed_split/client_3/mmcif_files/9rgt.cif
9rgt_C,duplicate_sequence,290,0.0000,0.0000,2.0,data/all_pdb_1y/fed_split/client_3/mmcif_files/9rgt.cif
9rgt_D,duplicate_sequence,290,0.0000,0.0000,2.0,data/all_pdb_1y/fed_split/client_3/mmcif_files/9rgt.cif
9rgt_E,duplicate_sequence,290,0.0000,0.0000,2.0,data/all_pdb_1y/fed_split/client_3/mmcif_files/9rgt.cif
9rgt_F,duplicate_sequence,290,0.0000,0.0000,2.0,data/all_pdb_1y/fed_split/client_3/mmcif_files/9rgt.cif
9rgy_B,duplicate_sequence,116,0.0000,0.0000,1.9,data/all_pdb_1y/fed_split/client_3/mmcif_files/9rgy.cif
9rpx_A,duplicate_sequence,145,0.0000,0.0000,1.27,data/all_pdb_1y/fed_split/client_3/mmcif_files/9rpx.cif
9rpx_B,duplicate_sequence,145,0.0000,0.0000,1.27,data/all_pdb_1y/fed_split/client_3/mmcif_files/9rpx.cif
9rpy_A,duplicate_sequence,145,0.0000,0.0000,1.16,data/all_pdb_1y/fed_split/client_3/mmcif_files/9rpy.cif
9rpy_B,duplicate_sequence,145,0.0000,0.0000,1.16,data/all_pdb_1y/fed_split/client_3/mmcif_files/9rpy.cif
9rpz_A,duplicate_sequence,145,0.0000,0.0000,1.11,data/all_pdb_1y/fed_split/client_3/mmcif_files/9rpz.cif
9rpz_B,duplicate_sequence,145,0.0000,0.0000,1.11,data/all_pdb_1y/fed_split/client_3/mmcif_files/9rpz.cif
9rq0_A,duplicate_sequence,145,0.0000,0.0000,1.22,data/all_pdb_1y/fed_split/client_3/mmcif_files/9rq0.cif
9rq0_B,duplicate_sequence,145,0.0000,0.0000,1.22,data/all_pdb_1y/fed_split/client_3/mmcif_files/9rq0.cif
9rq1_A,duplicate_sequence,145,0.0000,0.0000,1.13,data/all_pdb_1y/fed_split/client_3/mmcif_files/9rq1.cif
9rq1_B,duplicate_sequence,145,0.0000,0.0000,1.13,data/all_pdb_1y/fed_split/client_3/mmcif_files/9rq1.cif
9rq2_A,duplicate_sequence,145,0.0000,0.0000,1.16,data/all_pdb_1y/fed_split/client_3/mmcif_files/9rq2.cif
9rq2_B,duplicate_sequence,145,0.0000,0.0000,1.16,data/all_pdb_1y/fed_split/client_3/mmcif_files/9rq2.cif
9rq3_A,duplicate_sequence,145,0.0000,0.0000,1.22,data/all_pdb_1y/fed_split/client_3/mmcif_files/9rq3.cif
9rq3_B,duplicate_sequence,145,0.0000,0.0000,1.22,data/all_pdb_1y/fed_split/client_3/mmcif_files/9rq3.cif
9rq4_A,duplicate_sequence,145,0.0000,0.0000,1.18,data/all_pdb_1y/fed_split/client_3/mmcif_files/9rq4.cif
9rq4_B,duplicate_sequence,145,0.0000,0.0000,1.18,data/all_pdb_1y/fed_split/client_3/mmcif_files/9rq4.cif
9rq5_A,duplicate_sequence,145,0.0000,0.0000,1.12,data/all_pdb_1y/fed_split/client_3/mmcif_files/9rq5.cif
9rq5_B,duplicate_sequence,145,0.0000,0.0000,1.12,data/all_pdb_1y/fed_split/client_3/mmcif_files/9rq5.cif
9rq6_A,duplicate_sequence,145,0.0000,0.0000,1.12,data/all_pdb_1y/fed_split/client_3/mmcif_files/9rq6.cif
9rq6_B,duplicate_sequence,145,0.0000,0.0000,1.12,data/all_pdb_1y/fed_split/client_3/mmcif_files/9rq6.cif
9rq7_A,duplicate_sequence,145,0.0000,0.0000,1.18,data/all_pdb_1y/fed_split/client_3/mmcif_files/9rq7.cif
9rq7_B,duplicate_sequence,145,0.0000,0.0000,1.18,data/all_pdb_1y/fed_split/client_3/mmcif_files/9rq7.cif
9rq8_A,duplicate_sequence,145,0.0000,0.0000,1.16,data/all_pdb_1y/fed_split/client_3/mmcif_files/9rq8.cif
9rq8_B,duplicate_sequence,145,0.0000,0.0000,1.16,data/all_pdb_1y/fed_split/client_3/mmcif_files/9rq8.cif
9rq9_A,duplicate_sequence,145,0.0000,0.0000,1.15,data/all_pdb_1y/fed_split/client_3/mmcif_files/9rq9.cif
9rq9_B,duplicate_sequence,145,0.0000,0.0000,1.15,data/all_pdb_1y/fed_split/client_3/mmcif_files/9rq9.cif
9rqa_A,duplicate_sequence,145,0.0000,0.0000,1.16,data/all_pdb_1y/fed_split/client_3/mmcif_files/9rqa.cif
9rqa_B,duplicate_sequence,145,0.0000,0.0000,1.16,data/all_pdb_1y/fed_split/client_3/mmcif_files/9rqa.cif
9rqb_A,duplicate_sequence,145,0.0000,0.0000,1.27,data/all_pdb_1y/fed_split/client_3/mmcif_files/9rqb.cif
9rqb_B,duplicate_sequence,145,0.0000,0.0000,1.27,data/all_pdb_1y/fed_split/client_3/mmcif_files/9rqb.cif
9rqc_A,duplicate_sequence,145,0.0000,0.0000,1.15,data/all_pdb_1y/fed_split/client_3/mmcif_files/9rqc.cif
9rqc_B,duplicate_sequence,145,0.0000,0.0000,1.15,data/all_pdb_1y/fed_split/client_3/mmcif_files/9rqc.cif
9rqd_A,duplicate_sequence,145,0.0000,0.0000,1.17,data/all_pdb_1y/fed_split/client_3/mmcif_files/9rqd.cif
9rqd_B,duplicate_sequence,145,0.0000,0.0000,1.17,data/all_pdb_1y/fed_split/client_3/mmcif_files/9rqd.cif
9rqe_A,duplicate_sequence,145,0.0000,0.0000,1.16,data/all_pdb_1y/fed_split/client_3/mmcif_files/9rqe.cif
9rqe_B,duplicate_sequence,145,0.0000,0.0000,1.16,data/all_pdb_1y/fed_split/client_3/mmcif_files/9rqe.cif
9rqf_A,duplicate_sequence,145,0.0000,0.0000,1.13,data/all_pdb_1y/fed_split/client_3/mmcif_files/9rqf.cif
9rqf_B,duplicate_sequence,145,0.0000,0.0000,1.13,data/all_pdb_1y/fed_split/client_3/mmcif_files/9rqf.cif
9rqg_A,duplicate_sequence,145,0.0000,0.0000,1.16,data/all_pdb_1y/fed_split/client_3/mmcif_files/9rqg.cif
9rqg_B,duplicate_sequence,145,0.0000,0.0000,1.16,data/all_pdb_1y/fed_split/client_3/mmcif_files/9rqg.cif
9rqh_A,duplicate_sequence,145,0.0000,0.0000,1.15,data/all_pdb_1y/fed_split/client_3/mmcif_files/9rqh.cif
9rqh_B,duplicate_sequence,145,0.0000,0.0000,1.15,data/all_pdb_1y/fed_split/client_3/mmcif_files/9rqh.cif
9rsp_B,duplicate_sequence,115,0.0000,0.0000,1.61,data/all_pdb_1y/fed_split/client_3/mmcif_files/9rsp.cif
9rsr_A,duplicate_sequence,115,0.0000,0.0000,1.25,data/all_pdb_1y/fed_split/client_3/mmcif_files/9rsr.cif
9rsr_B,duplicate_sequence,115,0.0000,0.0000,1.25,data/all_pdb_1y/fed_split/client_3/mmcif_files/9rsr.cif
9rto_A,duplicate_sequence,115,0.0000,0.0000,1.56,data/all_pdb_1y/fed_split/client_3/mmcif_files/9rto.cif
9rto_B,duplicate_sequence,115,0.0000,0.0000,1.56,data/all_pdb_1y/fed_split/client_3/mmcif_files/9rto.cif
9rvg_B,duplicate_sequence,192,0.0000,0.0000,1.109,data/all_pdb_1y/fed_split/client_3/mmcif_files/9rvg.cif
9rxo_B,duplicate_sequence,91,0.0000,0.0000,1.2,data/all_pdb_1y/fed_split/client_3/mmcif_files/9rxo.cif
9rxp_B,duplicate_sequence,90,0.0000,0.0000,1.43,data/all_pdb_1y/fed_split/client_3/mmcif_files/9rxp.cif
9rxq_B,duplicate_sequence,90,0.0000,0.0000,1.38,data/all_pdb_1y/fed_split/client_3/mmcif_files/9rxq.cif
9rxs_B,duplicate_sequence,92,0.0000,0.0000,2.0,data/all_pdb_1y/fed_split/client_3/mmcif_files/9rxs.cif
9s3i_B,duplicate_sequence,164,0.0000,0.0000,1.64,data/all_pdb_1y/fed_split/client_3/mmcif_files/9s3i.cif
9s3j_A,duplicate_sequence,164,0.0000,0.0000,1.77,data/all_pdb_1y/fed_split/client_3/mmcif_files/9s3j.cif
9s3j_B,duplicate_sequence,164,0.0000,0.0000,1.77,data/all_pdb_1y/fed_split/client_3/mmcif_files/9s3j.cif
9s5b_A,duplicate_sequence,145,0.0000,0.0000,1.5,data/all_pdb_1y/fed_split/client_3/mmcif_files/9s5b.cif
9s5b_B,duplicate_sequence,145,0.0000,0.0000,1.5,data/all_pdb_1y/fed_split/client_3/mmcif_files/9s5b.cif
9s64_A,duplicate_sequence,220,0.0000,0.0000,1.85,data/all_pdb_1y/fed_split/client_3/mmcif_files/9s64.cif
9s64_B,duplicate_sequence,220,0.0000,0.0000,1.85,data/all_pdb_1y/fed_split/client_3/mmcif_files/9s64.cif
9s64_C,duplicate_sequence,220,0.0000,0.0000,1.85,data/all_pdb_1y/fed_split/client_3/mmcif_files/9s64.cif
9s64_D,duplicate_sequence,220,0.0000,0.0000,1.85,data/all_pdb_1y/fed_split/client_3/mmcif_files/9s64.cif
9s6m_A,duplicate_sequence,152,0.0000,0.0000,1.427,data/all_pdb_1y/fed_split/client_3/mmcif_files/9s6m.cif
9s6m_B,duplicate_sequence,152,0.0000,0.0000,1.427,data/all_pdb_1y/fed_split/client_3/mmcif_files/9s6m.cif
9sa1_A,duplicate_sequence,78,0.0000,0.0000,1.056,data/all_pdb_1y/fed_split/client_3/mmcif_files/9sa1.cif
9sa1_B,duplicate_sequence,78,0.0000,0.0000,1.056,data/all_pdb_1y/fed_split/client_3/mmcif_files/9sa1.cif
9sa2_A,duplicate_sequence,78,0.0000,0.0000,1.1,data/all_pdb_1y/fed_split/client_3/mmcif_files/9sa2.cif
9sa2_B,duplicate_sequence,78,0.0000,0.0000,1.1,data/all_pdb_1y/fed_split/client_3/mmcif_files/9sa2.cif
9sa2_C,duplicate_sequence,78,0.0000,0.0000,1.1,data/all_pdb_1y/fed_split/client_3/mmcif_files/9sa2.cif
9sa2_D,duplicate_sequence,78,0.0000,0.0000,1.1,data/all_pdb_1y/fed_split/client_3/mmcif_files/9sa2.cif
9scv_B,duplicate_sequence,267,0.0000,0.0000,1.9,data/all_pdb_1y/fed_split/client_3/mmcif_files/9scv.cif
9scv_C,duplicate_sequence,267,0.0000,0.0000,1.9,data/all_pdb_1y/fed_split/client_3/mmcif_files/9scv.cif
9scv_D,duplicate_sequence,267,0.0000,0.0000,1.9,data/all_pdb_1y/fed_split/client_3/mmcif_files/9scv.cif
9scy_B,duplicate_sequence,267,0.0000,0.0000,2.0,data/all_pdb_1y/fed_split/client_3/mmcif_files/9scy.cif
9scy_C,duplicate_sequence,267,0.0000,0.0000,2.0,data/all_pdb_1y/fed_split/client_3/mmcif_files/9scy.cif
9scy_D,duplicate_sequence,267,0.0000,0.0000,2.0,data/all_pdb_1y/fed_split/client_3/mmcif_files/9scy.cif
9sd0_B,duplicate_sequence,267,0.0000,0.0000,1.65,data/all_pdb_1y/fed_split/client_3/mmcif_files/9sd0.cif
9sjp_B,duplicate_sequence,205,0.0000,0.0000,1.15,data/all_pdb_1y/fed_split/client_3/mmcif_files/9sjp.cif
9sjq_A,duplicate_sequence,205,0.0000,0.0000,1.5,data/all_pdb_1y/fed_split/client_3/mmcif_files/9sjq.cif
9sne_B,duplicate_sequence,172,0.0000,0.0000,1.81,data/all_pdb_1y/fed_split/client_3/mmcif_files/9sne.cif
9snh_B,duplicate_sequence,126,0.0000,0.0000,1.43,data/all_pdb_1y/fed_split/client_3/mmcif_files/9snh.cif
9snh_C,duplicate_sequence,126,0.0000,0.0000,1.43,data/all_pdb_1y/fed_split/client_3/mmcif_files/9snh.cif
9snh_D,duplicate_sequence,126,0.0000,0.0000,1.43,data/all_pdb_1y/fed_split/client_3/mmcif_files/9snh.cif
9t2i_B,duplicate_sequence,178,0.0000,0.0000,1.35,data/all_pdb_1y/fed_split/client_3/mmcif_files/9t2i.cif
9t8z_A,duplicate_sequence,56,0.0000,0.0000,1.69,data/all_pdb_1y/fed_split/client_3/mmcif_files/9t8z.cif
9t8z_B,duplicate_sequence,56,0.0000,0.0000,1.69,data/all_pdb_1y/fed_split/client_3/mmcif_files/9t8z.cif
9tei_A,duplicate_sequence,145,0.0000,0.0000,2.0,data/all_pdb_1y/fed_split/client_3/mmcif_files/9tei.cif
9tei_B,duplicate_sequence,145,0.0000,0.0000,2.0,data/all_pdb_1y/fed_split/client_3/mmcif_files/9tei.cif
9tm1_B,duplicate_sequence,106,0.0000,0.0000,1.8,data/all_pdb_1y/fed_split/client_3/mmcif_files/9tm1.cif
9tm1_C,duplicate_sequence,106,0.0000,0.0000,1.8,data/all_pdb_1y/fed_split/client_3/mmcif_files/9tm1.cif
9to1_A,duplicate_sequence,265,0.0000,0.0000,1.6,data/all_pdb_1y/fed_split/client_3/mmcif_files/9to1.cif
9to5_A,duplicate_sequence,265,0.0000,0.0000,1.73,data/all_pdb_1y/fed_split/client_3/mmcif_files/9to5.cif
9tok_A,duplicate_sequence,265,0.0000,0.0000,1.5,data/all_pdb_1y/fed_split/client_3/mmcif_files/9tok.cif
9tol_A,duplicate_sequence,265,0.0000,0.0000,1.55,data/all_pdb_1y/fed_split/client_3/mmcif_files/9tol.cif
9tom_A,duplicate_sequence,265,0.0000,0.0000,1.65,data/all_pdb_1y/fed_split/client_3/mmcif_files/9tom.cif
9ton_A,duplicate_sequence,265,0.0000,0.0000,1.65,data/all_pdb_1y/fed_split/client_3/mmcif_files/9ton.cif
9too_A,duplicate_sequence,265,0.0000,0.0000,1.8,data/all_pdb_1y/fed_split/client_3/mmcif_files/9too.cif
9top_A,duplicate_sequence,265,0.0000,0.0000,1.8,data/all_pdb_1y/fed_split/client_3/mmcif_files/9top.cif
9u9c_B,duplicate_sequence,242,0.0000,0.0000,1.25,data/all_pdb_1y/fed_split/client_3/mmcif_files/9u9c.cif
9ubf_B,duplicate_sequence,139,0.0000,0.0000,1.45,data/all_pdb_1y/fed_split/client_3/mmcif_files/9ubf.cif
9ui2_B,duplicate_sequence,243,0.0000,0.0000,1.7,data/all_pdb_1y/fed_split/client_3/mmcif_files/9ui2.cif
9ui2_C,duplicate_sequence,243,0.0000,0.0000,1.7,data/all_pdb_1y/fed_split/client_3/mmcif_files/9ui2.cif
9ui2_D,duplicate_sequence,243,0.0000,0.0000,1.7,data/all_pdb_1y/fed_split/client_3/mmcif_files/9ui2.cif
9ui2_E,duplicate_sequence,243,0.0000,0.0000,1.7,data/all_pdb_1y/fed_split/client_3/mmcif_files/9ui2.cif
9ui2_F,duplicate_sequence,243,0.0000,0.0000,1.7,data/all_pdb_1y/fed_split/client_3/mmcif_files/9ui2.cif
9ui2_G,duplicate_sequence,243,0.0000,0.0000,1.7,data/all_pdb_1y/fed_split/client_3/mmcif_files/9ui2.cif
9ui2_H,duplicate_sequence,243,0.0000,0.0000,1.7,data/all_pdb_1y/fed_split/client_3/mmcif_files/9ui2.cif
9ui2_I,duplicate_sequence,243,0.0000,0.0000,1.7,data/all_pdb_1y/fed_split/client_3/mmcif_files/9ui2.cif
9ui2_J,duplicate_sequence,243,0.0000,0.0000,1.7,data/all_pdb_1y/fed_split/client_3/mmcif_files/9ui2.cif
9uj6_B,duplicate_sequence,275,0.0000,0.0000,2.0,data/all_pdb_1y/fed_split/client_3/mmcif_files/9uj6.cif
9ujc_A,duplicate_sequence,275,0.0000,0.0000,2.0,data/all_pdb_1y/fed_split/client_3/mmcif_files/9ujc.cif
9uo8_B,duplicate_sequence,290,0.0000,0.0000,1.8,data/all_pdb_1y/fed_split/client_3/mmcif_files/9uo8.cif
9uw1_B,duplicate_sequence,194,0.0000,0.0000,1.88,data/all_pdb_1y/fed_split/client_3/mmcif_files/9uw1.cif
9uw1_C,duplicate_sequence,194,0.0000,0.0000,1.88,data/all_pdb_1y/fed_split/client_3/mmcif_files/9uw1.cif
9v4c_B,duplicate_sequence,222,0.0000,0.0000,2.0,data/all_pdb_1y/fed_split/client_3/mmcif_files/9v4c.cif
9v4c_C,duplicate_sequence,222,0.0000,0.0000,2.0,data/all_pdb_1y/fed_split/client_3/mmcif_files/9v4c.cif
9v4c_D,duplicate_sequence,222,0.0000,0.0000,2.0,data/all_pdb_1y/fed_split/client_3/mmcif_files/9v4c.cif
9v4c_E,duplicate_sequence,222,0.0000,0.0000,2.0,data/all_pdb_1y/fed_split/client_3/mmcif_files/9v4c.cif
9v4c_F,duplicate_sequence,222,0.0000,0.0000,2.0,data/all_pdb_1y/fed_split/client_3/mmcif_files/9v4c.cif
9v4c_G,duplicate_sequence,222,0.0000,0.0000,2.0,data/all_pdb_1y/fed_split/client_3/mmcif_files/9v4c.cif
9v4c_H,duplicate_sequence,222,0.0000,0.0000,2.0,data/all_pdb_1y/fed_split/client_3/mmcif_files/9v4c.cif
9v4c_I,duplicate_sequence,222,0.0000,0.0000,2.0,data/all_pdb_1y/fed_split/client_3/mmcif_files/9v4c.cif
9v4c_J,duplicate_sequence,222,0.0000,0.0000,2.0,data/all_pdb_1y/fed_split/client_3/mmcif_files/9v4c.cif
9v5a_A,duplicate_sequence,218,0.0046,0.0046,1.67,data/all_pdb_1y/fed_split/client_3/mmcif_files/9v5a.cif
9v5b_A,duplicate_sequence,218,0.0046,0.0046,1.75,data/all_pdb_1y/fed_split/client_3/mmcif_files/9v5b.cif
9v5d_A,duplicate_sequence,218,0.0046,0.0046,1.91,data/all_pdb_1y/fed_split/client_3/mmcif_files/9v5d.cif
9v5e_A,duplicate_sequence,218,0.0046,0.0046,1.92,data/all_pdb_1y/fed_split/client_3/mmcif_files/9v5e.cif
9v5j_A,duplicate_sequence,218,0.0046,0.0046,1.74,data/all_pdb_1y/fed_split/client_3/mmcif_files/9v5j.cif
9v5l_A,duplicate_sequence,218,0.0046,0.0046,1.93,data/all_pdb_1y/fed_split/client_3/mmcif_files/9v5l.cif
9v63_A,duplicate_sequence,106,0.0000,0.0000,1.7,data/all_pdb_1y/fed_split/client_3/mmcif_files/9v63.cif
9v6g_A,duplicate_sequence,121,0.0000,0.0000,2.0,data/all_pdb_1y/fed_split/client_3/mmcif_files/9v6g.cif
9v6g_B,duplicate_sequence,121,0.0000,0.0000,2.0,data/all_pdb_1y/fed_split/client_3/mmcif_files/9v6g.cif
9v6p_A,duplicate_sequence,121,0.0000,0.0000,1.99,data/all_pdb_1y/fed_split/client_3/mmcif_files/9v6p.cif
9v6p_B,duplicate_sequence,121,0.0000,0.0000,1.99,data/all_pdb_1y/fed_split/client_3/mmcif_files/9v6p.cif
9v92_A,duplicate_sequence,163,0.0000,0.0000,1.97,data/all_pdb_1y/fed_split/client_3/mmcif_files/9v92.cif
9vah_B,duplicate_sequence,113,0.0000,0.0000,1.9,data/all_pdb_1y/fed_split/client_3/mmcif_files/9vah.cif
9vah_C,duplicate_sequence,113,0.0000,0.0000,1.9,data/all_pdb_1y/fed_split/client_3/mmcif_files/9vah.cif
9vah_D,duplicate_sequence,113,0.0000,0.0000,1.9,data/all_pdb_1y/fed_split/client_3/mmcif_files/9vah.cif
9vch_A,duplicate_sequence,183,0.0000,0.0000,1.7,data/all_pdb_1y/fed_split/client_3/mmcif_files/9vch.cif
9vd2_A,duplicate_sequence,293,0.0000,0.0000,1.699,data/all_pdb_1y/fed_split/client_3/mmcif_files/9vd2.cif
9ve2_A,duplicate_sequence,175,0.0000,0.0000,1.8,data/all_pdb_1y/fed_split/client_3/mmcif_files/9ve2.cif
9ve2_B,duplicate_sequence,175,0.0000,0.0000,1.8,data/all_pdb_1y/fed_split/client_3/mmcif_files/9ve2.cif
9veq_A,duplicate_sequence,290,0.0000,0.0000,1.7,data/all_pdb_1y/fed_split/client_3/mmcif_files/9veq.cif
9veq_B,duplicate_sequence,290,0.0000,0.0000,1.7,data/all_pdb_1y/fed_split/client_3/mmcif_files/9veq.cif
9vgt_A,duplicate_sequence,175,0.0000,0.0000,1.79,data/all_pdb_1y/fed_split/client_3/mmcif_files/9vgt.cif
9vgt_B,duplicate_sequence,175,0.0000,0.0000,1.79,data/all_pdb_1y/fed_split/client_3/mmcif_files/9vgt.cif
9vmc_B,duplicate_sequence,137,0.0000,0.0000,1.78,data/all_pdb_1y/fed_split/client_3/mmcif_files/9vmc.cif
9vmc_C,duplicate_sequence,137,0.0000,0.0000,1.78,data/all_pdb_1y/fed_split/client_3/mmcif_files/9vmc.cif
9vmc_D,duplicate_sequence,137,0.0000,0.0000,1.78,data/all_pdb_1y/fed_split/client_3/mmcif_files/9vmc.cif
9vmq_B,duplicate_sequence,231,0.0000,0.0000,1.79,data/all_pdb_1y/fed_split/client_3/mmcif_files/9vmq.cif
9vmq_C,duplicate_sequence,231,0.0000,0.0000,1.79,data/all_pdb_1y/fed_split/client_3/mmcif_files/9vmq.cif
9vmq_D,duplicate_sequence,231,0.0000,0.0000,1.79,data/all_pdb_1y/fed_split/client_3/mmcif_files/9vmq.cif
9voa_B,duplicate_sequence,191,0.0000,0.0000,1.93,data/all_pdb_1y/fed_split/client_3/mmcif_files/9voa.cif
9vod_A,duplicate_sequence,182,0.0000,0.0000,1.92,data/all_pdb_1y/fed_split/client_3/mmcif_files/9vod.cif
9voe_A,duplicate_sequence,182,0.0000,0.0000,2.0,data/all_pdb_1y/fed_split/client_3/mmcif_files/9voe.cif
9vof_A,duplicate_sequence,182,0.0000,0.0000,1.9,data/all_pdb_1y/fed_split/client_3/mmcif_files/9vof.cif
9vom_A,duplicate_sequence,182,0.0000,0.0000,2.0,data/all_pdb_1y/fed_split/client_3/mmcif_files/9vom.cif
9w28_A,duplicate_sequence,183,0.0000,0.0000,1.52,data/all_pdb_1y/fed_split/client_3/mmcif_files/9w28.cif
9w29_A,duplicate_sequence,183,0.0000,0.0000,1.99,data/all_pdb_1y/fed_split/client_3/mmcif_files/9w29.cif
9w7n_B,duplicate_sequence,267,0.0000,0.0000,2.0,data/all_pdb_1y/fed_split/client_3/mmcif_files/9w7n.cif
9w7o_A,duplicate_sequence,267,0.0000,0.0000,1.93,data/all_pdb_1y/fed_split/client_3/mmcif_files/9w7o.cif
9w7o_B,duplicate_sequence,267,0.0000,0.0000,1.93,data/all_pdb_1y/fed_split/client_3/mmcif_files/9w7o.cif
9wh9_B,duplicate_sequence,195,0.0000,0.0000,1.81,data/all_pdb_1y/fed_split/client_3/mmcif_files/9wh9.cif
9wha_A,duplicate_sequence,195,0.0000,0.0000,1.6,data/all_pdb_1y/fed_split/client_3/mmcif_files/9wha.cif
9wha_B,duplicate_sequence,195,0.0000,0.0000,1.6,data/all_pdb_1y/fed_split/client_3/mmcif_files/9wha.cif
9wpb_B,duplicate_sequence,130,0.0000,0.0000,1.58,data/all_pdb_1y/fed_split/client_3/mmcif_files/9wpb.cif
9wpb_C,duplicate_sequence,130,0.0000,0.0000,1.58,data/all_pdb_1y/fed_split/client_3/mmcif_files/9wpb.cif
9wpb_D,duplicate_sequence,130,0.0000,0.0000,1.58,data/all_pdb_1y/fed_split/client_3/mmcif_files/9wpb.cif
9wpb_E,duplicate_sequence,130,0.0000,0.0000,1.58,data/all_pdb_1y/fed_split/client_3/mmcif_files/9wpb.cif
9wpb_F,duplicate_sequence,130,0.0000,0.0000,1.58,data/all_pdb_1y/fed_split/client_3/mmcif_files/9wpb.cif
9wpb_G,duplicate_sequence,130,0.0000,0.0000,1.58,data/all_pdb_1y/fed_split/client_3/mmcif_files/9wpb.cif
9wpb_H,duplicate_sequence,130,0.0000,0.0000,1.58,data/all_pdb_1y/fed_split/client_3/mmcif_files/9wpb.cif
9wqu_B,duplicate_sequence,252,0.0000,0.0000,1.8,data/all_pdb_1y/fed_split/client_3/mmcif_files/9wqu.cif
9wqu_C,duplicate_sequence,252,0.0000,0.0000,1.8,data/all_pdb_1y/fed_split/client_3/mmcif_files/9wqu.cif
9wwj_C,duplicate_sequence,159,0.0000,0.0000,1.8,data/all_pdb_1y/fed_split/client_3/mmcif_files/9wwj.cif
9xfx_A,duplicate_sequence,294,0.0000,0.0000,1.5,data/all_pdb_1y/fed_split/client_3/mmcif_files/9xfx.cif
9xfy_A,duplicate_sequence,294,0.0000,0.0000,1.7,data/all_pdb_1y/fed_split/client_3/mmcif_files/9xfy.cif
9xuj_B,duplicate_sequence,198,0.0000,0.0000,1.75,data/all_pdb_1y/fed_split/client_3/mmcif_files/9xuj.cif
9xuj_C,duplicate_sequence,198,0.0000,0.0000,1.75,data/all_pdb_1y/fed_split/client_3/mmcif_files/9xuj.cif
9xuj_D,duplicate_sequence,198,0.0000,0.0000,1.75,data/all_pdb_1y/fed_split/client_3/mmcif_files/9xuj.cif
9xut_A,duplicate_sequence,198,0.0000,0.0000,1.81,data/all_pdb_1y/fed_split/client_3/mmcif_files/9xut.cif
9xut_B,duplicate_sequence,198,0.0000,0.0000,1.81,data/all_pdb_1y/fed_split/client_3/mmcif_files/9xut.cif
9xut_C,duplicate_sequence,198,0.0000,0.0000,1.81,data/all_pdb_1y/fed_split/client_3/mmcif_files/9xut.cif
9xut_D,duplicate_sequence,198,0.0000,0.0000,1.81,data/all_pdb_1y/fed_split/client_3/mmcif_files/9xut.cif
9xuu_A,duplicate_sequence,198,0.0000,0.0000,1.94,data/all_pdb_1y/fed_split/client_3/mmcif_files/9xuu.cif
9xuu_B,duplicate_sequence,198,0.0000,0.0000,1.94,data/all_pdb_1y/fed_split/client_3/mmcif_files/9xuu.cif
9xuu_C,duplicate_sequence,198,0.0000,0.0000,1.94,data/all_pdb_1y/fed_split/client_3/mmcif_files/9xuu.cif
9xuu_D,duplicate_sequence,198,0.0000,0.0000,1.94,data/all_pdb_1y/fed_split/client_3/mmcif_files/9xuu.cif
9y1l_B,duplicate_sequence,188,0.0000,0.0000,1.65,data/all_pdb_1y/fed_split/client_3/mmcif_files/9y1l.cif
9y8l_A,duplicate_sequence,295,0.0000,0.0000,1.27,data/all_pdb_1y/fed_split/client_3/mmcif_files/9y8l.cif
9y8m_A,duplicate_sequence,295,0.0000,0.0000,1.334,data/all_pdb_1y/fed_split/client_3/mmcif_files/9y8m.cif
9y8n_A,duplicate_sequence,295,0.0000,0.0000,1.308,data/all_pdb_1y/fed_split/client_3/mmcif_files/9y8n.cif
9y8o_A,duplicate_sequence,295,0.0000,0.0000,1.286,data/all_pdb_1y/fed_split/client_3/mmcif_files/9y8o.cif
9y8q_A,duplicate_sequence,295,0.0000,0.0000,1.2,data/all_pdb_1y/fed_split/client_3/mmcif_files/9y8q.cif
9y8r_A,duplicate_sequence,295,0.0000,0.0000,1.334,data/all_pdb_1y/fed_split/client_3/mmcif_files/9y8r.cif
9y8s_A,duplicate_sequence,295,0.0000,0.0000,1.286,data/all_pdb_1y/fed_split/client_3/mmcif_files/9y8s.cif
9y8t_A,duplicate_sequence,295,0.0000,0.0000,1.4,data/all_pdb_1y/fed_split/client_3/mmcif_files/9y8t.cif
9y8u_A,duplicate_sequence,295,0.0000,0.0000,1.01,data/all_pdb_1y/fed_split/client_3/mmcif_files/9y8u.cif
9y8v_A,duplicate_sequence,295,0.0000,0.0000,1.271,data/all_pdb_1y/fed_split/client_3/mmcif_files/9y8v.cif
9ykr_B,duplicate_sequence,262,0.0000,0.0000,1.38,data/all_pdb_1y/fed_split/client_3/mmcif_files/9ykr.cif
9yks_B,duplicate_sequence,282,0.0000,0.0000,1.79,data/all_pdb_1y/fed_split/client_3/mmcif_files/9yks.cif
9yks_C,duplicate_sequence,282,0.0000,0.0000,1.79,data/all_pdb_1y/fed_split/client_3/mmcif_files/9yks.cif
9yks_D,duplicate_sequence,282,0.0000,0.0000,1.79,data/all_pdb_1y/fed_split/client_3/mmcif_files/9yks.cif
9yys_B,duplicate_sequence,285,0.0000,0.0000,1.3,data/all_pdb_1y/fed_split/client_3/mmcif_files/9yys.cif
9yys_C,duplicate_sequence,285,0.0000,0.0000,1.3,data/all_pdb_1y/fed_split/client_3/mmcif_files/9yys.cif
9yys_D,duplicate_sequence,285,0.0000,0.0000,1.3,data/all_pdb_1y/fed_split/client_3/mmcif_files/9yys.cif
9yys_E,duplicate_sequence,285,0.0000,0.0000,1.3,data/all_pdb_1y/fed_split/client_3/mmcif_files/9yys.cif
9yys_F,duplicate_sequence,285,0.0000,0.0000,1.3,data/all_pdb_1y/fed_split/client_3/mmcif_files/9yys.cif
9zlo_B,duplicate_sequence,161,0.0000,0.0000,2.0,data/all_pdb_1y/fed_split/client_3/mmcif_files/9zlo.cif
